ID,Title_lang,Description_lang,WorldPosition[0],WorldPosition[1],Type,PlayerConditionID,QuestID,LfgDungeonID,RewardItemID,UiTextureAtlasMemberID,UiTextureKitID,MapID,AreaTableID
1,仅限联盟，朋友！,,0,0,0,6617,0,0,124562,0,232,-1,0
3,阿苏纳,阿苏纳岛本是一座美好的世外桃源，但最近却遭到了各种势力的入侵——燃烧军团从天而降，艾萨拉女王的纳迦从海底崛起，被诅咒的幽灵在岛上徘徊。这一切似乎都是被岛上的精灵废墟中所隐藏的一件强大古物所引来的。,625,6355,1,39938,39718,0,0,0,0,1220,0
4,瓦尔莎拉,古老的瓦尔莎拉森林是半神塞纳留斯的家园，同时也是德鲁伊教的诞生之地。玛法里奥·怒风已回到这片神圣的森林中与他的导师沟通，并寻找艾露恩之泪。,3265,6241,1,39935,39731,0,0,0,0,1220,0
6,风暴峡湾,吉恩·格雷迈恩国王登上了强大的天火号飞船驶向风暴峡湾以寻找阿格拉玛之盾。然而，这片土地也是一支古代维库氏族的首都，他们的领袖正不择手段地想要把圣盾据为己有。,3117,1954,1,39937,39735,0,0,0,0,1220,0
7,风暴峡湾,大酋长希尔瓦娜斯·风行者率领她的私人舰队前往了风暴峡湾。然而，这片土地也是一支古代维库氏族的首都，他们的领袖正不择手段地想要把圣盾据为己有。,3117,1954,1,39939,39864,0,0,0,0,1220,0
8,至高岭,作为破碎群岛上最后的处女地之一，至高岭用它险峻的山峰守护着群岛北方的地平线。崎岖的山地中居住着高贵的牛头人和野蛮的地下种族卓格巴尔。两个种族间脆弱的和平很快就将因为燃烧军团的入侵而受到考验。,4926,4256,1,39936,39733,0,0,0,0,1220,0
9,测试任务提供,测试任务提供介绍,-9344.97,-2279.12,1,5703,47512,0,0,0,0,-1,0
12,"worldport 1116, 6971.02, 1004.63, 398.974, 299.925",Test for insets,6279,-26.6,0,5703,36810,0,0,0,0,1116,0
14,圣光秘殿,,-3200,9255,3,37830,0,0,0,5608,0,0,2268
15,猎魔地图：翼魔伊克兹尔,你的勇士发现了一个强大的恶魔，必须消灭它。,625,6455,2,37103,39885,0,0,0,0,1220,0
16,昔日回声,你的勇士发现了一个失落已久的泰坦通讯器。,2900,5400,2,37136,39886,0,0,0,0,1220,0
17,"worldport 533, 2719.85, -3098.21, 267.686, 285.619",测试插入2,2719,-3098,0,5703,36810,0,0,0,0,533,0
18,"worldport 0, 2368.83, -5353.17, 52.6645, 315.291",测试插入3,2368,-5353,0,5703,36810,0,0,0,0,0,0
20,英灵殿,,-3200,10000,3,37831,0,0,0,5613,0,1479,7813
21,测试提供,测试,2900,5400,3,5703,0,0,128966,0,0,-1,0
22,阿彻鲁斯：黑锋要塞,,-3200,10000,3,37835,0,0,0,5601,0,1220,7743
23,邪能之槌号,,-3200,10000,3,37841,0,0,0,5602,0,1481,8023
24,神射手营地,,-3200,9255,3,37832,0,0,0,5605,0,1220,7877
25,梦境林地,,-3200,10000,3,37840,0,0,0,5603,0,1220,7846
26,守护者圣殿,,-3200,9255,3,37837,0,0,0,5606,0,1513,7879
27,迷踪岛,,-3200,10000,3,37839,0,0,0,5607,0,1514,7902
28,虚空之光神殿,,-3200,10000,3,37834,0,0,0,5609,0,1512,7834
29,暗影大厅,,-3200,9255,3,37833,0,0,0,5610,0,1220,8011
30,大漩涡,,-3200,9255,3,37836,0,0,0,5611,0,1469,7745
31,恐痕裂隙,,-3200,9255,3,37838,0,0,0,5612,0,1522,7875
32,苏拉玛,经过一万年的自我封闭之后，夜之子精灵终于放开了保护苏拉玛城的魔法护盾，让古尔丹长驱直入，获取惊人的力量之源——暗夜井。试图推翻大魔导师艾利桑德的政变失败后，一小撮夜之子流亡者想要唤醒这片古老土地的力量，将苏拉玛从燃烧军团的掌控中解脱出来。,1778.3,4348.73,1,44817,44555,0,0,0,0,1220,0
40,祖达萨,赢得拉斯塔哈大王和赞枢利议会的信任。,-1489.27,1024.34,1,54073,47514,0,0,0,0,1642,0
41,纳兹米尔,与塔兰吉公主一起深入纳兹米尔的幽深沼泽，一举终结鲜血巨魔的威胁。,1920.37,939.103,1,54075,47512,0,0,0,0,1642,0
42,沃顿,加卡泽将军的秘密就掩藏在这片沙漠的某处。在连绵的沙丘间寻找证据，让他从权位上跌下。,2545.47,3837.28,1,54076,47513,0,0,0,0,1642,0
43,提拉加德海峡,揭露伯拉勒斯的腐败，赢得凯瑟琳·普罗德摩尔的信任。,584.562,-77.9022,1,61846,47960,0,0,0,0,1643,0
44,德鲁斯瓦,维克雷斯勋爵夫妇是普罗德摩尔家族的忠实盟友。调查他们为何突然失踪，以及德鲁斯瓦让人不安的传言。,-454.389,2574.49,1,61848,47961,0,0,0,0,1643,0
45,斯托颂谷地,传奇般的库尔提拉斯舰队失踪了。搜索斯托颂家族避世隐居的海洋秘术师，从他们口中寻找答案吧。,2513.85,537.756,1,61849,47962,0,0,0,0,1643,0
148,提拉加德海峡,在提拉加德海峡协助暗影猎手塔金。,-295,-1473,1,61822,51800,0,0,0,262,1643,0
149,德鲁斯瓦,在德鲁斯瓦协助加里维克斯和伊崔格,-413,4110,1,61823,51801,0,0,0,262,1643,0
150,斯托颂谷地,在斯托颂谷地协助雷克萨。,3941,469,1,61824,51802,0,0,0,262,1643,0
151,祖达萨,在祖达萨协助凯尔希·钢烁。,-1410,-663,1,61798,51570,0,0,0,261,1642,0
152,纳兹米尔,在纳兹米尔协助布莱恩·铜须。,2084,184,1,61800,51571,0,0,0,261,1642,0
153,沃顿,在沃顿协助联盟。,2840,4199,1,61799,51572,0,0,0,261,1642,0
161,斯科杜斯之厅,狱卒斯科杜斯和他凶残的野兽折磨着囚禁在这些大厅中的灵魂。,300,700,1,34450,60092,0,0,0,0,2162,0
162,断骨密室,玛卓克萨斯的囚犯被关在这些囚室里，你能听到他们的骨头反复碎裂的声音。,325,300,1,34450,60099,0,0,0,0,2162,0
163,灵魂熔炉,这里炽热的熔炉足以熔化灵魂，将其铸造为护甲和武器，以武装典狱长的大军。,400,700,1,34450,60100,0,0,0,0,2162,0
164,丧魂间隙,囚室与囚室间奇特的变换之地，充满了灵魂之影，他们受到的折磨过于深重，以至于他们已经忘记了自己的过往。,425,300,1,34450,60101,0,0,0,0,2162,0
165,卡克弗努斯,渊誓格里恩风中的栖地。,500,700,1,34450,60102,0,0,0,0,2162,0
166,畸变侧厅,通灵师和灵魂扭曲者在这里对灵魂展开了各种实验，将他们转变为可怕而黑暗的怪物。,525,300,1,34450,60103,0,0,0,0,2162,0
167,黑暗领域,光线几乎无法触及的地方。每个角落里都隐藏着鬼祟的潜行者、猎犬、老鼠、噬魂者，还有被遗忘的魂灵。,600,700,1,34450,60104,0,0,0,0,2162,0
168,噬罪钟楼,忠于典狱长的温西尔的临时家园。,625,300,1,34450,60105,0,0,0,0,2162,0
169,上层区域,典狱长最重要的囚犯……和最危险的副官的家园。,700,700,1,34450,60106,0,0,0,0,2162,0
171,曲径大厅,托加斯特的这片区域似乎没有开始也没有尽头——只有永无休止的大厅，不断盘旋向上……,250,500,1,34450,60107,0,0,0,0,2162,0
172,晋升堡垒,通过服务他人度过一生的人会来到晋升堡垒，他们会把灵魂运送到暗影界。,-2000,-4600,1,87724,62275,0,0,0,0,2222,0
173,玛卓克萨斯,玛卓克萨斯是通灵魔法的诞生地，充满野心的灵魂在此可以不断发展和成长。,2500,-2000,1,87723,62278,0,0,0,0,2222,0
174,炽蓝仙野,炽蓝仙野是无尽的恢复领域，由法夜进行看护。,-7000,800,1,87725,62277,0,0,0,0,2222,0
175,雷文德斯,雷文德斯是温西尔的家园，他们是罪孽的收割者。邪恶的灵魂来到这里后，可以获得救赎……同时免于受到噬渊的永恒折磨。,-2500,7000,1,87726,62279,0,0,0,0,2222,0
176,托加斯特,托加斯特是典狱长的权力宝座。它之前是全宇宙最危险的灵魂的牢狱，现在则囚禁着许多无辜者，他们遭受着永世的折磨，无法摆脱这种厄运。,3500,7000,1,93245,64846,0,0,0,0,2222,0
177,战场,奥利波斯的掮灵正在召集有兴趣在战场上展开冲突的人，希望这些竞争者能和敌方作战，这样他们就能进行观察和学习。,-2100,1300,1,93585,65031,0,0,0,0,2222,0
178,翡翠花园界门,早已被忘却的沉眠之石，隐藏在欧恩哈拉平原苍翠的山丘上。,-1379.76,4499.69,1,101296,70706,0,0,0,0,2444,0
181,觉醒海岸,觉醒海岸是黑龙和红龙军团的家园。,3200,0,1,103950,72266,0,0,0,0,2444,0
182,欧恩哈拉平原,欧恩哈拉平原是半人马和绿龙军团的家园。,-1000,2600,1,103951,72267,0,0,0,0,2444,0
183,碧蓝林海,碧蓝林海是蓝龙军团曾经的家园。,-3300,-1000,1,103952,72268,0,0,0,0,2444,0
184,索德拉苏斯,索德拉苏斯是守护巨龙的权力中心，以及青铜龙军团的家园。,0,-2000,1,103953,72269,0,0,0,0,2444,0
185,塞拉摩,前往塞拉摩废墟，调查一支叛乱的法师。,-2000,6000,1,110001,72939,0,0,0,0,-1,14620
186,冬泉谷,前往冬泉谷，和哈尔琳一起摆弄神器。,1750,5500,1,110002,72656,0,0,0,0,-1,14620
187,晶歌,在晶歌森林纠正古时犯下的错误。,6500,500,1,110003,73091,0,0,0,0,-1,14620
188,翡翠林,前往翡翠林，与卡雷苟斯的老朋友姬蕾苟萨重聚。,-5200,250,1,110004,73227,0,0,0,0,-1,14620
189,藏宝海湾,拯救蓝龙泽洛斯，他在藏宝海湾欠下了一屁股债。,-4200,-8500,1,105628,73026,0,0,0,0,-1,14620
190,多恩岛,多恩岛是多恩诺嘉尔圣誓者和芙原无缚者的家园。,2514,-3270,1,125031,83548,0,0,0,0,2552,0
191,喧鸣深窟,喧鸣深窟是尽职的机语者和机智的狗头人的家园。,1775,-3533,1,125033,83550,0,0,0,0,2601,0
192,陨圣峪,陨圣峪是阿拉希远征队坚韧幸存者的家园。,2367,230,1,125034,83551,0,0,0,0,2601,0
193,艾基-卡赫特,艾基-卡赫特是蛛魔及其都城千丝之城的所在地。,-802,-1395,1,125035,83552,0,0,0,0,2601,0
194,祖阿曼,跟随莉亚德琳，进入阿曼尼巨魔的家园。,5404.69,-7046.35,1,151976,86708,0,0,0,0,0,0
195,永歌森林,与阿拉托尔一起调查血精灵家园受到的威胁。,6480.73,-4516.15,1,151975,94871,0,0,0,0,0,0
196,哈籁恩达尔,与奥威娜同行，深入根须。,9862.7,-13061.8,1,151977,89402,0,0,0,0,0,0
197,阿拉托尔的征程,协助阿拉托尔，支援太阳之井的守护者。,8457.34,-4624.25,1,151979,89193,0,0,0,0,0,0
198,虚影风暴,向吞噬军团发起进攻，直捣他们位于虚影风暴的据点。,9000,-8623,1,151978,89388,0,0,0,0,0,0
206,魔导师碎日,难度：普通,7500,-4050,2,140507,91095,0,0,0,0,0,0
207,魔导师碎日,难度：普通,6000,-7050,2,140910,91095,0,0,0,0,0,0
208,魔导师碎日,难度：普通,11000,-12600,2,140913,91095,0,0,0,0,0,0
209,魔导师碎日,难度：普通,10500,-8500,2,140916,91095,0,0,0,0,0,0
210,魔导师烬笞,难度：普通,7500,-4050,2,140926,91096,0,0,0,0,0,0
211,资深修补匠欧兹沃德,难度：普通,7500,-4050,2,140939,91097,0,0,0,0,0,0
212,循环回收者埃零诺,难度：普通,7500,-4050,2,140955,91098,0,0,0,0,0,0
213,墨德利尔·影丘,难度：普通,7500,-4050,2,140967,91099,0,0,0,0,0,0
214,黛丽娅·幽歌,难度：普通,7500,-4050,2,140979,91100,0,0,0,0,0,0
215,相位剑士塔拉莎,难度：普通,7500,-4050,2,140991,91101,0,0,0,0,0,0
216,节点之锋哈迪姆,难度：普通,7500,-4050,2,141003,91102,0,0,0,0,0,0
217,击碎者乔佐罗,难度：普通,7500,-4050,2,141015,91103,0,0,0,0,0,0
218,扎度，纳洛拉克之拳,难度：普通,7500,-4050,2,141027,91104,0,0,0,0,0,0
219,加亚莱之爪,难度：普通,7500,-4050,2,141039,91105,0,0,0,0,0,0
220,埃基尔松之翼,难度：普通,7500,-4050,2,141051,91106,0,0,0,0,0,0
221,游侠迅林,难度：普通,7500,-4050,2,141063,91107,0,0,0,0,0,0
222,焰翼中尉,难度：普通,7500,-4050,2,141075,91108,0,0,0,0,0,0
223,刃叶的佩特约尔,难度：普通,7500,-4050,2,141087,91109,0,0,0,0,0,0
224,墓室的拉迈因,难度：普通,7500,-4050,2,141099,91110,0,0,0,0,0,0
225,高阶守备官伏利姆,难度：普通,7500,-4050,2,141111,91111,0,0,0,0,0,0
226,十字军战士卢西雅·麦克斯韦尔,难度：普通,7500,-4050,2,141123,91112,0,0,0,0,0,0
227,行政官辛古拉利斯,难度：普通,7500,-4050,2,141135,91113,0,0,0,0,0,0
228,执政官奈布洛,难度：普通,7500,-4050,2,141147,91114,0,0,0,0,0,0
229,执行官凯尼乌斯,难度：普通,7500,-4050,2,141159,91115,0,0,0,0,0,0
230,元首因格玛里亚,难度：普通,7500,-4050,2,141171,91116,0,0,0,0,0,0
231,豪侠骑士碎血,难度：普通,7500,-4050,2,141183,91117,0,0,0,0,0,0
232,投敌者雯勒娜,难度：普通,7500,-4050,2,141195,91118,0,0,0,0,0,0
233,迷失的瑟尔德林,难度：普通,7500,-4050,2,141207,91119,0,0,0,0,0,0
234,饥肠辘辘的内德拉,难度：普通,7500,-4050,2,141219,91120,0,0,0,0,0,0
235,棘语者艾德加斯,难度：普通,7500,-4050,2,141231,91121,0,0,0,0,0,0
236,荆巫莉赛特,难度：普通,7500,-4050,2,141243,91122,0,0,0,0,0,0
237,炽燃之影格洛索兹,难度：普通,7500,-4050,2,141255,91123,0,0,0,0,0,0
238,暗焰之火顿扎格,难度：普通,7500,-4050,2,141267,91124,0,0,0,0,0,0
239,魔导师烬笞,难度：普通,6000,-7050,2,140929,91096,0,0,0,0,0,0
240,资深修补匠欧兹沃德,难度：普通,6000,-7050,2,140943,91097,0,0,0,0,0,0
241,循环回收者埃零诺,难度：普通,6000,-7050,2,140958,91098,0,0,0,0,0,0
242,墨德利尔·影丘,难度：普通,6000,-7050,2,140970,91099,0,0,0,0,0,0
243,黛丽娅·幽歌,难度：普通,6000,-7050,2,140982,91100,0,0,0,0,0,0
244,相位剑士塔拉莎,难度：普通,6000,-7050,2,140994,91101,0,0,0,0,0,0
245,节点之锋哈迪姆,难度：普通,6000,-7050,2,141006,91102,0,0,0,0,0,0
246,击碎者乔佐罗,难度：普通,6000,-7050,2,141018,91103,0,0,0,0,0,0
247,扎度，纳洛拉克之拳,难度：普通,6000,-7050,2,141030,91104,0,0,0,0,0,0
248,加亚莱之爪,难度：普通,6000,-7050,2,141042,91105,0,0,0,0,0,0
249,埃基尔松之翼,难度：普通,6000,-7050,2,141054,91106,0,0,0,0,0,0
250,游侠迅林,难度：普通,6000,-7050,2,141066,91107,0,0,0,0,0,0
251,焰翼中尉,难度：普通,6000,-7050,2,141078,91108,0,0,0,0,0,0
252,刃叶的佩特约尔,难度：普通,6000,-7050,2,141090,91109,0,0,0,0,0,0
253,墓室的拉迈因,难度：普通,6000,-7050,2,141102,91110,0,0,0,0,0,0
254,高阶守备官伏利姆,难度：普通,6000,-7050,2,141114,91111,0,0,0,0,0,0
255,十字军战士卢西雅·麦克斯韦尔,难度：普通,6000,-7050,2,141126,91112,0,0,0,0,0,0
256,行政官辛古拉利斯,难度：普通,6000,-7050,2,141138,91113,0,0,0,0,0,0
257,执政官奈布洛,难度：普通,6000,-7050,2,141150,91114,0,0,0,0,0,0
258,执行官凯尼乌斯,难度：普通,6000,-7050,2,141162,91115,0,0,0,0,0,0
259,元首因格玛里亚,难度：普通,6000,-7050,2,141174,91116,0,0,0,0,0,0
260,豪侠骑士碎血,难度：普通,6000,-7050,2,141186,91117,0,0,0,0,0,0
261,投敌者雯勒娜,难度：普通,6000,-7050,2,141198,91118,0,0,0,0,0,0
262,迷失的瑟尔德林,难度：普通,6000,-7050,2,141210,91119,0,0,0,0,0,0
263,饥肠辘辘的内德拉,难度：普通,6000,-7050,2,141222,91120,0,0,0,0,0,0
264,棘语者艾德加斯,难度：普通,6000,-7050,2,141234,91121,0,0,0,0,0,0
265,荆巫莉赛特,难度：普通,6000,-7050,2,141246,91122,0,0,0,0,0,0
266,炽燃之影格洛索兹,难度：普通,6000,-7050,2,141258,91123,0,0,0,0,0,0
267,暗焰之火顿扎格,难度：普通,6000,-7050,2,141270,91124,0,0,0,0,0,0
268,魔导师烬笞,难度：普通,11000,-12600,2,140932,91096,0,0,0,0,0,0
269,资深修补匠欧兹沃德,难度：普通,11000,-12600,2,140947,91097,0,0,0,0,0,0
270,循环回收者埃零诺,难度：普通,11000,-12600,2,140961,91098,0,0,0,0,0,0
271,墨德利尔·影丘,难度：普通,11000,-12600,2,140973,91099,0,0,0,0,0,0
272,黛丽娅·幽歌,难度：普通,11000,-12600,2,140985,91100,0,0,0,0,0,0
273,相位剑士塔拉莎,难度：普通,11000,-12600,2,140997,91101,0,0,0,0,0,0
274,节点之锋哈迪姆,难度：普通,11000,-12600,2,141009,91102,0,0,0,0,0,0
275,击碎者乔佐罗,难度：普通,11000,-12600,2,141021,91103,0,0,0,0,0,0
276,扎度，纳洛拉克之拳,难度：普通,11000,-12600,2,141033,91104,0,0,0,0,0,0
277,加亚莱之爪,难度：普通,11000,-12600,2,141045,91105,0,0,0,0,0,0
278,埃基尔松之翼,难度：普通,11000,-12600,2,141057,91106,0,0,0,0,0,0
279,游侠迅林,难度：普通,11000,-12600,2,141069,91107,0,0,0,0,0,0
280,焰翼中尉,难度：普通,11000,-12600,2,141081,91108,0,0,0,0,0,0
281,刃叶的佩特约尔,难度：普通,11000,-12600,2,141093,91109,0,0,0,0,0,0
282,墓室的拉迈因,难度：普通,11000,-12600,2,141105,91110,0,0,0,0,0,0
283,高阶守备官伏利姆,难度：普通,11000,-12600,2,141117,91111,0,0,0,0,0,0
284,十字军战士卢西雅·麦克斯韦尔,难度：普通,11000,-12600,2,141129,91112,0,0,0,0,0,0
285,行政官辛古拉利斯,难度：普通,11000,-12600,2,141141,91113,0,0,0,0,0,0
286,执政官奈布洛,难度：普通,11000,-12600,2,141153,91114,0,0,0,0,0,0
287,执行官凯尼乌斯,难度：普通,11000,-12600,2,141165,91115,0,0,0,0,0,0
288,元首因格玛里亚,难度：普通,11000,-12600,2,141177,91116,0,0,0,0,0,0
289,豪侠骑士碎血,难度：普通,11000,-12600,2,141189,91117,0,0,0,0,0,0
290,投敌者雯勒娜,难度：普通,11000,-12600,2,141201,91118,0,0,0,0,0,0
291,迷失的瑟尔德林,难度：普通,11000,-12600,2,141213,91119,0,0,0,0,0,0
292,饥肠辘辘的内德拉,难度：普通,11000,-12600,2,141225,91120,0,0,0,0,0,0
293,棘语者艾德加斯,难度：普通,11000,-12600,2,141237,91121,0,0,0,0,0,0
294,荆巫莉赛特,难度：普通,11000,-12600,2,141249,91122,0,0,0,0,0,0
295,炽燃之影格洛索兹,难度：普通,11000,-12600,2,141261,91123,0,0,0,0,0,0
296,暗焰之火顿扎格,难度：普通,11000,-12600,2,141273,91124,0,0,0,0,0,0
297,魔导师烬笞,难度：普通,10500,-8500,2,140935,91096,0,0,0,0,0,0
298,资深修补匠欧兹沃德,难度：普通,10500,-8500,2,140950,91097,0,0,0,0,0,0
299,循环回收者埃零诺,难度：普通,10500,-8500,2,140964,91098,0,0,0,0,0,0
300,墨德利尔·影丘,难度：普通,10500,-8500,2,140976,91099,0,0,0,0,0,0
301,黛丽娅·幽歌,难度：普通,10500,-8500,2,140988,91100,0,0,0,0,0,0
302,相位剑士塔拉莎,难度：普通,10500,-8500,2,141000,91101,0,0,0,0,0,0
303,节点之锋哈迪姆,难度：普通,10500,-8500,2,141012,91102,0,0,0,0,0,0
304,击碎者乔佐罗,难度：普通,10500,-8500,2,141024,91103,0,0,0,0,0,0
305,扎度，纳洛拉克之拳,难度：普通,10500,-8500,2,141036,91104,0,0,0,0,0,0
306,加亚莱之爪,难度：普通,10500,-8500,2,141048,91105,0,0,0,0,0,0
307,埃基尔松之翼,难度：普通,10500,-8500,2,141060,91106,0,0,0,0,0,0
308,游侠迅林,难度：普通,10500,-8500,2,141072,91107,0,0,0,0,0,0
309,焰翼中尉,难度：普通,10500,-8500,2,141084,91108,0,0,0,0,0,0
310,刃叶的佩特约尔,难度：普通,10500,-8500,2,141096,91109,0,0,0,0,0,0
311,墓室的拉迈因,难度：普通,10500,-8500,2,141108,91110,0,0,0,0,0,0
312,高阶守备官伏利姆,难度：普通,10500,-8500,2,141120,91111,0,0,0,0,0,0
313,十字军战士卢西雅·麦克斯韦尔,难度：普通,10500,-8500,2,141132,91112,0,0,0,0,0,0
314,行政官辛古拉利斯,难度：普通,10500,-8500,2,141144,91113,0,0,0,0,0,0
315,执政官奈布洛,难度：普通,10500,-8500,2,141156,91114,0,0,0,0,0,0
316,执行官凯尼乌斯,难度：普通,10500,-8500,2,141168,91115,0,0,0,0,0,0
317,元首因格玛里亚,难度：普通,10500,-8500,2,141180,91116,0,0,0,0,0,0
318,豪侠骑士碎血,难度：普通,10500,-8500,2,141192,91117,0,0,0,0,0,0
319,投敌者雯勒娜,难度：普通,10500,-8500,2,141204,91118,0,0,0,0,0,0
320,迷失的瑟尔德林,难度：普通,10500,-8500,2,141216,91119,0,0,0,0,0,0
321,饥肠辘辘的内德拉,难度：普通,10500,-8500,2,141228,91120,0,0,0,0,0,0
322,棘语者艾德加斯,难度：普通,10500,-8500,2,141240,91121,0,0,0,0,0,0
323,荆巫莉赛特,难度：普通,10500,-8500,2,141252,91122,0,0,0,0,0,0
324,炽燃之影格洛索兹,难度：普通,10500,-8500,2,141264,91123,0,0,0,0,0,0
325,暗焰之火顿扎格,难度：普通,10500,-8500,2,141276,91124,0,0,0,0,0,0
326,魔导师碎日,难度：困难,7000,-5300,2,140908,91210,0,0,0,0,0,0
327,魔导师碎日,难度：梦魇,5500,-4450,2,140909,91211,0,0,0,0,0,0
328,魔导师碎日,难度：困难,4300,-6500,2,140911,91210,0,0,0,0,0,0
329,魔导师碎日,难度：梦魇,3900,-7800,2,140912,91211,0,0,0,0,0,0
330,魔导师碎日,难度：困难,11300,-13400,2,140914,91210,0,0,0,0,0,0
331,魔导师碎日,难度：梦魇,10300,-13250,2,140915,91211,0,0,0,0,0,0
332,魔导师碎日,难度：困难,9650,-8250,2,140917,91210,0,0,0,0,0,0
333,魔导师碎日,难度：梦魇,9850,-9150,2,140918,91211,0,0,0,0,0,0
334,魔导师烬笞,难度：困难,7000,-5300,2,140927,91212,0,0,0,0,0,0
335,魔导师烬笞,难度：梦魇,5500,-4450,2,140928,91213,0,0,0,0,0,0
336,魔导师烬笞,难度：困难,4300,-6500,2,140930,91212,0,0,0,0,0,0
337,魔导师烬笞,难度：梦魇,3900,-7800,2,140931,91213,0,0,0,0,0,0
338,魔导师烬笞,难度：困难,11300,-13400,2,140933,91212,0,0,0,0,0,0
339,魔导师烬笞,难度：梦魇,10300,-13250,2,140934,91213,0,0,0,0,0,0
340,魔导师烬笞,难度：困难,9650,-8250,2,140936,91212,0,0,0,0,0,0
341,魔导师烬笞,难度：梦魇,9850,-9150,2,140937,91213,0,0,0,0,0,0
342,资深修补匠欧兹沃德,难度：困难,7000,-5300,2,140941,91214,0,0,0,0,0,0
343,资深修补匠欧兹沃德,难度：梦魇,5500,-4450,2,140942,91215,0,0,0,0,0,0
344,资深修补匠欧兹沃德,难度：困难,4300,-6500,2,140944,91214,0,0,0,0,0,0
345,资深修补匠欧兹沃德,难度：梦魇,3900,-7800,2,140945,91215,0,0,0,0,0,0
346,资深修补匠欧兹沃德,难度：困难,11300,-13400,2,140948,91214,0,0,0,0,0,0
347,资深修补匠欧兹沃德,难度：梦魇,10300,-13250,2,140949,91215,0,0,0,0,0,0
348,资深修补匠欧兹沃德,难度：困难,9650,-8250,2,140952,91214,0,0,0,0,0,0
349,资深修补匠欧兹沃德,难度：梦魇,9850,-9150,2,140953,91215,0,0,0,0,0,0
350,循环回收者埃零诺,难度：困难,7000,-5300,2,140956,91216,0,0,0,0,0,0
351,循环回收者埃零诺,难度：梦魇,5500,-4450,2,140957,91217,0,0,0,0,0,0
352,循环回收者埃零诺,难度：困难,4300,-6500,2,140959,91216,0,0,0,0,0,0
353,循环回收者埃零诺,难度：梦魇,3900,-7800,2,140960,91217,0,0,0,0,0,0
354,循环回收者埃零诺,难度：困难,11300,-13400,2,140962,91216,0,0,0,0,0,0
355,循环回收者埃零诺,难度：梦魇,10300,-13250,2,140963,91217,0,0,0,0,0,0
356,循环回收者埃零诺,难度：困难,9650,-8250,2,140965,91216,0,0,0,0,0,0
357,循环回收者埃零诺,难度：梦魇,9850,-9150,2,140966,91217,0,0,0,0,0,0
358,墨德利尔·影丘,难度：困难,7000,-5300,2,140968,91218,0,0,0,0,0,0
359,墨德利尔·影丘,难度：梦魇,5500,-4450,2,140969,91219,0,0,0,0,0,0
360,墨德利尔·影丘,难度：困难,4300,-6500,2,140971,91218,0,0,0,0,0,0
361,墨德利尔·影丘,难度：梦魇,3900,-7800,2,140972,91219,0,0,0,0,0,0
362,墨德利尔·影丘,难度：困难,11300,-13400,2,140974,91218,0,0,0,0,0,0
363,墨德利尔·影丘,难度：梦魇,10300,-13250,2,140975,91219,0,0,0,0,0,0
364,墨德利尔·影丘,难度：困难,9650,-8250,2,140977,91218,0,0,0,0,0,0
365,墨德利尔·影丘,难度：梦魇,9850,-9150,2,140978,91219,0,0,0,0,0,0
366,黛丽娅·幽歌,难度：困难,7000,-5300,2,140980,91220,0,0,0,0,0,0
367,黛丽娅·幽歌,难度：梦魇,5500,-4450,2,140981,91221,0,0,0,0,0,0
368,黛丽娅·幽歌,难度：困难,4300,-6500,2,140983,91220,0,0,0,0,0,0
369,黛丽娅·幽歌,难度：梦魇,3900,-7800,2,140984,91221,0,0,0,0,0,0
370,黛丽娅·幽歌,难度：困难,11300,-13400,2,140986,91220,0,0,0,0,0,0
371,黛丽娅·幽歌,难度：梦魇,10300,-13250,2,140987,91221,0,0,0,0,0,0
372,黛丽娅·幽歌,难度：困难,9650,-8250,2,140989,91220,0,0,0,0,0,0
373,黛丽娅·幽歌,难度：梦魇,9850,-9150,2,140990,91221,0,0,0,0,0,0
374,相位剑士塔拉莎,难度：困难,7000,-5300,2,140992,91222,0,0,0,0,0,0
375,相位剑士塔拉莎,难度：梦魇,5500,-4450,2,140993,91223,0,0,0,0,0,0
376,相位剑士塔拉莎,难度：困难,4300,-6500,2,140995,91222,0,0,0,0,0,0
377,相位剑士塔拉莎,难度：梦魇,3900,-7800,2,140996,91223,0,0,0,0,0,0
378,相位剑士塔拉莎,难度：困难,11300,-13400,2,140998,91222,0,0,0,0,0,0
379,相位剑士塔拉莎,难度：梦魇,10300,-13250,2,140999,91223,0,0,0,0,0,0
380,相位剑士塔拉莎,难度：困难,9650,-8250,2,141001,91222,0,0,0,0,0,0
381,相位剑士塔拉莎,难度：梦魇,9850,-9150,2,141002,91223,0,0,0,0,0,0
382,节点之锋哈迪姆,难度：困难,7000,-5300,2,141004,91224,0,0,0,0,0,0
383,节点之锋哈迪姆,难度：梦魇,5500,-4450,2,141005,91225,0,0,0,0,0,0
384,节点之锋哈迪姆,难度：困难,4300,-6500,2,141007,91224,0,0,0,0,0,0
385,节点之锋哈迪姆,难度：梦魇,3900,-7800,2,141008,91225,0,0,0,0,0,0
386,节点之锋哈迪姆,难度：困难,11300,-13400,2,141010,91224,0,0,0,0,0,0
387,节点之锋哈迪姆,难度：梦魇,10300,-13250,2,141011,91225,0,0,0,0,0,0
388,节点之锋哈迪姆,难度：困难,9650,-8250,2,141013,91224,0,0,0,0,0,0
389,节点之锋哈迪姆,难度：梦魇,9850,-9150,2,141014,91225,0,0,0,0,0,0
390,击碎者乔佐罗,难度：困难,7000,-5300,2,141016,91226,0,0,0,0,0,0
391,击碎者乔佐罗,难度：梦魇,5500,-4450,2,141017,91227,0,0,0,0,0,0
392,击碎者乔佐罗,难度：困难,4300,-6500,2,141019,91226,0,0,0,0,0,0
393,击碎者乔佐罗,难度：梦魇,3900,-7800,2,141020,91227,0,0,0,0,0,0
394,击碎者乔佐罗,难度：困难,11300,-13400,2,141022,91226,0,0,0,0,0,0
395,击碎者乔佐罗,难度：梦魇,10300,-13250,2,141023,91227,0,0,0,0,0,0
396,击碎者乔佐罗,难度：困难,9650,-8250,2,141025,91226,0,0,0,0,0,0
397,击碎者乔佐罗,难度：梦魇,9850,-9150,2,141026,91227,0,0,0,0,0,0
398,扎度，纳洛拉克之拳,难度：困难,7000,-5300,2,141028,91228,0,0,0,0,0,0
399,扎度，纳洛拉克之拳,难度：梦魇,5500,-4450,2,141029,91229,0,0,0,0,0,0
400,扎度，纳洛拉克之拳,难度：困难,4300,-6500,2,141031,91228,0,0,0,0,0,0
401,扎度，纳洛拉克之拳,难度：梦魇,3900,-7800,2,141032,91229,0,0,0,0,0,0
402,扎度，纳洛拉克之拳,难度：困难,11300,-13400,2,141034,91228,0,0,0,0,0,0
403,扎度，纳洛拉克之拳,难度：梦魇,10300,-13250,2,141035,91229,0,0,0,0,0,0
404,扎度，纳洛拉克之拳,难度：困难,9650,-8250,2,141037,91228,0,0,0,0,0,0
405,扎度，纳洛拉克之拳,难度：梦魇,9850,-9150,2,141038,91229,0,0,0,0,0,0
406,加亚莱之爪,难度：困难,7000,-5300,2,141040,91230,0,0,0,0,0,0
407,加亚莱之爪,难度：梦魇,5500,-4450,2,141041,91231,0,0,0,0,0,0
408,加亚莱之爪,难度：困难,4300,-6500,2,141043,91230,0,0,0,0,0,0
409,加亚莱之爪,难度：梦魇,3900,-7800,2,141044,91231,0,0,0,0,0,0
410,加亚莱之爪,难度：困难,11300,-13400,2,141046,91230,0,0,0,0,0,0
411,加亚莱之爪,难度：梦魇,10300,-13250,2,141047,91231,0,0,0,0,0,0
412,加亚莱之爪,难度：困难,9650,-8250,2,141049,91230,0,0,0,0,0,0
413,加亚莱之爪,难度：梦魇,9850,-9150,2,141050,91231,0,0,0,0,0,0
414,埃基尔松之翼,难度：困难,7000,-5300,2,141052,91232,0,0,0,0,0,0
415,埃基尔松之翼,难度：梦魇,5500,-4450,2,141053,91233,0,0,0,0,0,0
416,埃基尔松之翼,难度：困难,4300,-6500,2,141055,91232,0,0,0,0,0,0
417,埃基尔松之翼,难度：梦魇,3900,-7800,2,141056,91233,0,0,0,0,0,0
418,埃基尔松之翼,难度：困难,11300,-13400,2,141058,91232,0,0,0,0,0,0
419,埃基尔松之翼,难度：梦魇,10300,-13250,2,141059,91233,0,0,0,0,0,0
420,埃基尔松之翼,难度：困难,9650,-8250,2,141061,91232,0,0,0,0,0,0
421,埃基尔松之翼,难度：梦魇,9850,-9150,2,141062,91233,0,0,0,0,0,0
422,游侠迅林,难度：困难,7000,-5300,2,141064,91234,0,0,0,0,0,0
423,游侠迅林,难度：梦魇,5500,-4450,2,141065,91235,0,0,0,0,0,0
424,游侠迅林,难度：困难,4300,-6500,2,141067,91234,0,0,0,0,0,0
425,游侠迅林,难度：梦魇,3900,-7800,2,141068,91235,0,0,0,0,0,0
426,游侠迅林,难度：困难,11300,-13400,2,141070,91234,0,0,0,0,0,0
427,游侠迅林,难度：梦魇,10300,-13250,2,141071,91235,0,0,0,0,0,0
428,游侠迅林,难度：困难,9650,-8250,2,141073,91234,0,0,0,0,0,0
429,游侠迅林,难度：梦魇,9850,-9150,2,141074,91235,0,0,0,0,0,0
430,焰翼中尉,难度：困难,7000,-5300,2,141076,91236,0,0,0,0,0,0
431,焰翼中尉,难度：梦魇,5500,-4450,2,141077,91237,0,0,0,0,0,0
432,焰翼中尉,难度：困难,4300,-6500,2,141079,91236,0,0,0,0,0,0
433,焰翼中尉,难度：梦魇,3900,-7800,2,141080,91237,0,0,0,0,0,0
434,焰翼中尉,难度：困难,11300,-13400,2,141082,91236,0,0,0,0,0,0
435,焰翼中尉,难度：梦魇,10300,-13250,2,141083,91237,0,0,0,0,0,0
436,焰翼中尉,难度：困难,9650,-8250,2,141085,91236,0,0,0,0,0,0
437,焰翼中尉,难度：梦魇,9850,-9150,2,141086,91237,0,0,0,0,0,0
438,刃叶的佩特约尔,难度：困难,7000,-5300,2,141088,91238,0,0,0,0,0,0
439,刃叶的佩特约尔,难度：梦魇,5500,-4450,2,141089,91239,0,0,0,0,0,0
440,刃叶的佩特约尔,难度：困难,4300,-6500,2,141091,91238,0,0,0,0,0,0
441,刃叶的佩特约尔,难度：梦魇,3900,-7800,2,141092,91239,0,0,0,0,0,0
442,刃叶的佩特约尔,难度：困难,11300,-13400,2,141094,91238,0,0,0,0,0,0
443,刃叶的佩特约尔,难度：梦魇,10300,-13250,2,141095,91239,0,0,0,0,0,0
444,刃叶的佩特约尔,难度：困难,9650,-8250,2,141097,91238,0,0,0,0,0,0
445,刃叶的佩特约尔,难度：梦魇,9850,-9150,2,141098,91239,0,0,0,0,0,0
446,墓室的拉迈因,难度：困难,7000,-5300,2,141100,91240,0,0,0,0,0,0
447,墓室的拉迈因,难度：梦魇,5500,-4450,2,141101,91241,0,0,0,0,0,0
448,墓室的拉迈因,难度：困难,4300,-6500,2,141103,91240,0,0,0,0,0,0
449,墓室的拉迈因,难度：梦魇,3900,-7800,2,141104,91241,0,0,0,0,0,0
450,墓室的拉迈因,难度：困难,11300,-13400,2,141106,91240,0,0,0,0,0,0
451,墓室的拉迈因,难度：梦魇,10300,-13250,2,141107,91241,0,0,0,0,0,0
452,墓室的拉迈因,难度：困难,9650,-8250,2,141109,91240,0,0,0,0,0,0
453,墓室的拉迈因,难度：梦魇,9850,-9150,2,141110,91241,0,0,0,0,0,0
454,高阶守备官伏利姆,难度：困难,7000,-5300,2,141112,91242,0,0,0,0,0,0
455,高阶守备官伏利姆,难度：梦魇,5500,-4450,2,141113,91256,0,0,0,0,0,0
456,高阶守备官伏利姆,难度：困难,4300,-6500,2,141115,91242,0,0,0,0,0,0
457,高阶守备官伏利姆,难度：梦魇,3900,-7800,2,141116,91256,0,0,0,0,0,0
458,高阶守备官伏利姆,难度：困难,11300,-13400,2,141118,91242,0,0,0,0,0,0
459,高阶守备官伏利姆,难度：梦魇,10300,-13250,2,141119,91256,0,0,0,0,0,0
460,高阶守备官伏利姆,难度：困难,9650,-8250,2,141121,91242,0,0,0,0,0,0
461,高阶守备官伏利姆,难度：梦魇,9850,-9150,2,141122,91256,0,0,0,0,0,0
462,十字军战士卢西雅·麦克斯韦尔,难度：困难,7000,-5300,2,141124,91243,0,0,0,0,0,0
463,十字军战士卢西雅·麦克斯韦尔,难度：梦魇,5500,-4450,2,141125,91257,0,0,0,0,0,0
464,十字军战士卢西雅·麦克斯韦尔,难度：困难,4300,-6500,2,141127,91243,0,0,0,0,0,0
465,十字军战士卢西雅·麦克斯韦尔,难度：梦魇,3900,-7800,2,141128,91257,0,0,0,0,0,0
466,十字军战士卢西雅·麦克斯韦尔,难度：困难,11300,-13400,2,141130,91243,0,0,0,0,0,0
467,十字军战士卢西雅·麦克斯韦尔,难度：梦魇,10300,-13250,2,141131,91257,0,0,0,0,0,0
468,十字军战士卢西雅·麦克斯韦尔,难度：困难,9650,-8250,2,141133,91243,0,0,0,0,0,0
469,十字军战士卢西雅·麦克斯韦尔,难度：梦魇,9850,-9150,2,141134,91257,0,0,0,0,0,0
470,行政官辛古拉利斯,难度：困难,7000,-5300,2,141136,91244,0,0,0,0,0,0
471,行政官辛古拉利斯,难度：梦魇,5500,-4450,2,141137,91258,0,0,0,0,0,0
472,行政官辛古拉利斯,难度：困难,4300,-6500,2,141139,91244,0,0,0,0,0,0
473,行政官辛古拉利斯,难度：梦魇,3900,-7800,2,141140,91258,0,0,0,0,0,0
474,行政官辛古拉利斯,难度：困难,11300,-13400,2,141142,91244,0,0,0,0,0,0
475,行政官辛古拉利斯,难度：梦魇,10300,-13250,2,141143,91258,0,0,0,0,0,0
476,行政官辛古拉利斯,难度：困难,9650,-8250,2,141145,91244,0,0,0,0,0,0
477,行政官辛古拉利斯,难度：梦魇,9850,-9150,2,141146,91258,0,0,0,0,0,0
478,执政官奈布洛,难度：困难,7000,-5300,2,141148,91245,0,0,0,0,0,0
479,执政官奈布洛,难度：梦魇,5500,-4450,2,141149,91259,0,0,0,0,0,0
480,执政官奈布洛,难度：困难,4300,-6500,2,141151,91245,0,0,0,0,0,0
481,执政官奈布洛,难度：梦魇,3900,-7800,2,141152,91259,0,0,0,0,0,0
482,执政官奈布洛,难度：困难,11300,-13400,2,141154,91245,0,0,0,0,0,0
483,执政官奈布洛,难度：梦魇,10300,-13250,2,141155,91259,0,0,0,0,0,0
484,执政官奈布洛,难度：困难,9650,-8250,2,141157,91245,0,0,0,0,0,0
485,执政官奈布洛,难度：梦魇,9850,-9150,2,141158,91259,0,0,0,0,0,0
486,执行官凯尼乌斯,难度：困难,7000,-5300,2,141160,91246,0,0,0,0,0,0
487,执行官凯尼乌斯,难度：梦魇,5500,-4450,2,141161,91260,0,0,0,0,0,0
488,执行官凯尼乌斯,难度：困难,4300,-6500,2,141163,91246,0,0,0,0,0,0
489,执行官凯尼乌斯,难度：梦魇,3900,-7800,2,141164,91260,0,0,0,0,0,0
490,执行官凯尼乌斯,难度：困难,11300,-13400,2,141166,91246,0,0,0,0,0,0
491,执行官凯尼乌斯,难度：梦魇,10300,-13250,2,141167,91260,0,0,0,0,0,0
492,执行官凯尼乌斯,难度：困难,9650,-8250,2,141169,91246,0,0,0,0,0,0
493,执行官凯尼乌斯,难度：梦魇,9850,-9150,2,141170,91260,0,0,0,0,0,0
494,元首因格玛里亚,难度：困难,7000,-5300,2,141172,91247,0,0,0,0,0,0
495,元首因格玛里亚,难度：梦魇,5500,-4450,2,141173,91261,0,0,0,0,0,0
496,元首因格玛里亚,难度：困难,4300,-6500,2,141175,91247,0,0,0,0,0,0
497,元首因格玛里亚,难度：梦魇,3900,-7800,2,141176,91261,0,0,0,0,0,0
498,元首因格玛里亚,难度：困难,11300,-13400,2,141178,91247,0,0,0,0,0,0
499,元首因格玛里亚,难度：梦魇,10300,-13250,2,141179,91261,0,0,0,0,0,0
500,元首因格玛里亚,难度：困难,9650,-8250,2,141181,91247,0,0,0,0,0,0
501,元首因格玛里亚,难度：梦魇,9850,-9150,2,141182,91261,0,0,0,0,0,0
502,豪侠骑士碎血,难度：困难,7000,-5300,2,141184,91248,0,0,0,0,0,0
503,豪侠骑士碎血,难度：梦魇,5500,-4450,2,141185,91262,0,0,0,0,0,0
504,豪侠骑士碎血,难度：困难,4300,-6500,2,141187,91248,0,0,0,0,0,0
505,豪侠骑士碎血,难度：梦魇,3900,-7800,2,141188,91262,0,0,0,0,0,0
506,豪侠骑士碎血,难度：困难,11300,-13400,2,141190,91248,0,0,0,0,0,0
507,豪侠骑士碎血,难度：梦魇,10300,-13250,2,141191,91262,0,0,0,0,0,0
508,豪侠骑士碎血,难度：困难,9650,-8250,2,141193,91248,0,0,0,0,0,0
509,豪侠骑士碎血,难度：梦魇,9850,-9150,2,141194,91262,0,0,0,0,0,0
510,投敌者雯勒娜,难度：困难,7000,-5300,2,141196,91249,0,0,0,0,0,0
511,投敌者雯勒娜,难度：梦魇,5500,-4450,2,141197,91263,0,0,0,0,0,0
512,投敌者雯勒娜,难度：困难,4300,-6500,2,141199,91249,0,0,0,0,0,0
513,投敌者雯勒娜,难度：梦魇,3900,-7800,2,141200,91263,0,0,0,0,0,0
514,投敌者雯勒娜,难度：困难,11300,-13400,2,141202,91249,0,0,0,0,0,0
515,投敌者雯勒娜,难度：梦魇,10300,-13250,2,141203,91263,0,0,0,0,0,0
516,投敌者雯勒娜,难度：困难,9650,-8250,2,141205,91249,0,0,0,0,0,0
517,投敌者雯勒娜,难度：梦魇,9850,-9150,2,141206,91263,0,0,0,0,0,0
518,迷失的瑟尔德林,难度：困难,7000,-5300,2,141208,91250,0,0,0,0,0,0
519,迷失的瑟尔德林,难度：梦魇,5500,-4450,2,141209,91264,0,0,0,0,0,0
520,迷失的瑟尔德林,难度：困难,4300,-6500,2,141211,91250,0,0,0,0,0,0
521,迷失的瑟尔德林,难度：梦魇,3900,-7800,2,141212,91264,0,0,0,0,0,0
522,迷失的瑟尔德林,难度：困难,11300,-13400,2,141214,91250,0,0,0,0,0,0
523,迷失的瑟尔德林,难度：梦魇,10300,-13250,2,141215,91264,0,0,0,0,0,0
524,迷失的瑟尔德林,难度：困难,9650,-8250,2,141217,91250,0,0,0,0,0,0
525,迷失的瑟尔德林,难度：梦魇,9850,-9150,2,141218,91264,0,0,0,0,0,0
526,饥肠辘辘的内德拉,难度：困难,7000,-5300,2,141220,91251,0,0,0,0,0,0
527,饥肠辘辘的内德拉,难度：梦魇,5500,-4450,2,141221,91265,0,0,0,0,0,0
528,饥肠辘辘的内德拉,难度：困难,4300,-6500,2,141223,91251,0,0,0,0,0,0
529,饥肠辘辘的内德拉,难度：梦魇,3900,-7800,2,141224,91265,0,0,0,0,0,0
530,饥肠辘辘的内德拉,难度：困难,11300,-13400,2,141226,91251,0,0,0,0,0,0
531,饥肠辘辘的内德拉,难度：梦魇,10300,-13250,2,141227,91265,0,0,0,0,0,0
532,饥肠辘辘的内德拉,难度：困难,9650,-8250,2,141229,91251,0,0,0,0,0,0
533,饥肠辘辘的内德拉,难度：梦魇,9850,-9150,2,141230,91265,0,0,0,0,0,0
534,棘语者艾德加斯,难度：困难,7000,-5300,2,141232,91252,0,0,0,0,0,0
535,棘语者艾德加斯,难度：梦魇,5500,-4450,2,141233,91266,0,0,0,0,0,0
536,棘语者艾德加斯,难度：困难,4300,-6500,2,141235,91252,0,0,0,0,0,0
537,棘语者艾德加斯,难度：梦魇,3900,-7800,2,141236,91266,0,0,0,0,0,0
538,棘语者艾德加斯,难度：困难,11300,-13400,2,141238,91252,0,0,0,0,0,0
539,棘语者艾德加斯,难度：梦魇,10300,-13250,2,141239,91266,0,0,0,0,0,0
540,棘语者艾德加斯,难度：困难,9650,-8250,2,141241,91252,0,0,0,0,0,0
541,棘语者艾德加斯,难度：梦魇,9850,-9150,2,141242,91266,0,0,0,0,0,0
542,荆巫莉赛特,难度：困难,7000,-5300,2,141244,91253,0,0,0,0,0,0
543,荆巫莉赛特,难度：梦魇,5500,-4450,2,141245,91267,0,0,0,0,0,0
544,荆巫莉赛特,难度：困难,4300,-6500,2,141247,91253,0,0,0,0,0,0
545,荆巫莉赛特,难度：梦魇,3900,-7800,2,141248,91267,0,0,0,0,0,0
546,荆巫莉赛特,难度：困难,11300,-13400,2,141250,91253,0,0,0,0,0,0
547,荆巫莉赛特,难度：梦魇,10300,-13250,2,141251,91267,0,0,0,0,0,0
548,荆巫莉赛特,难度：困难,9650,-8250,2,141253,91253,0,0,0,0,0,0
549,荆巫莉赛特,难度：梦魇,9850,-9150,2,141254,91267,0,0,0,0,0,0
550,炽燃之影格洛索兹,难度：困难,7000,-5300,2,141256,91254,0,0,0,0,0,0
551,炽燃之影格洛索兹,难度：梦魇,5500,-4450,2,141257,91268,0,0,0,0,0,0
552,炽燃之影格洛索兹,难度：困难,4300,-6500,2,141259,91254,0,0,0,0,0,0
553,炽燃之影格洛索兹,难度：梦魇,3900,-7800,2,141260,91268,0,0,0,0,0,0
554,炽燃之影格洛索兹,难度：困难,11300,-13400,2,141262,91254,0,0,0,0,0,0
555,炽燃之影格洛索兹,难度：梦魇,10300,-13250,2,141263,91268,0,0,0,0,0,0
556,炽燃之影格洛索兹,难度：困难,9650,-8250,2,141265,91254,0,0,0,0,0,0
557,炽燃之影格洛索兹,难度：梦魇,9850,-9150,2,141266,91268,0,0,0,0,0,0
558,暗焰之火顿扎格,难度：困难,7000,-5300,2,141268,91255,0,0,0,0,0,0
559,暗焰之火顿扎格,难度：梦魇,5500,-4450,2,141269,91269,0,0,0,0,0,0
560,暗焰之火顿扎格,难度：困难,4300,-6500,2,141271,91255,0,0,0,0,0,0
561,暗焰之火顿扎格,难度：梦魇,3900,-7800,2,141272,91269,0,0,0,0,0,0
562,暗焰之火顿扎格,难度：困难,11300,-13400,2,141274,91255,0,0,0,0,0,0
563,暗焰之火顿扎格,难度：梦魇,10300,-13250,2,141275,91269,0,0,0,0,0,0
564,暗焰之火顿扎格,难度：困难,9650,-8250,2,141277,91255,0,0,0,0,0,0
565,暗焰之火顿扎格,难度：梦魇,9850,-9150,2,141278,91269,0,0,0,0,0,0
566,光与影之战,加入先锋军，对吞噬军团发起最终攻势。,10714,-4616,1,151981,94957,0,0,0,0,0,0
567,毒牙贾诺娅,难度：梦魇,5500,-4450,2,151821,95021,0,0,0,0,0,0
568,盘卷者库萨克,难度：梦魇,5500,-4450,2,151822,95022,0,0,0,0,0,0
569,鳞甲巴塔尼,难度：梦魇,5500,-4450,2,151823,95023,0,0,0,0,0,0
570,利爪卡达尼,难度：梦魇,5500,-4450,2,151824,95024,0,0,0,0,0,0
571,毒牙贾诺娅,难度：梦魇,3900,-7800,2,151825,95021,0,0,0,0,0,0
572,盘卷者库萨克,难度：梦魇,3900,-7800,2,151826,95022,0,0,0,0,0,0
573,鳞甲巴塔尼,难度：梦魇,3900,-7800,2,151827,95023,0,0,0,0,0,0
574,利爪卡达尼,难度：梦魇,3900,-7800,2,151828,95024,0,0,0,0,0,0
575,毒牙贾诺娅,难度：梦魇,10300,-13250,2,151829,95021,0,0,0,0,0,0
576,盘卷者库萨克,难度：梦魇,10300,-13250,2,151830,95022,0,0,0,0,0,0
577,鳞甲巴塔尼,难度：梦魇,10300,-13250,2,151831,95023,0,0,0,0,0,0
578,利爪卡达尼,难度：梦魇,10300,-13250,2,151832,95024,0,0,0,0,0,0
579,毒牙贾诺娅,难度：梦魇,9850,-9150,2,151833,95021,0,0,0,0,0,0
580,盘卷者库萨克,难度：梦魇,9850,-9150,2,151834,95022,0,0,0,0,0,0
581,鳞甲巴塔尼,难度：梦魇,9850,-9150,2,151835,95023,0,0,0,0,0,0
582,利爪卡达尼,难度：梦魇,9850,-9150,2,151836,95024,0,0,0,0,0,0
583,利爪卡达尼,难度：梦魇,4750,-10000,2,159449,95024,0,0,0,0,0,0
585,鳞甲巴塔尼,难度：梦魇,4750,-10000,2,159448,95023,0,0,0,0,0,0
586,盘卷者库萨克,难度：梦魇,4750,-10000,2,159447,95022,0,0,0,0,0,0
587,毒牙贾诺娅,难度：梦魇,4750,-10000,2,159446,95021,0,0,0,0,0,0
588,魔导师碎日,难度：困难,6100,-10600,2,159384,91210,0,0,0,0,0,0
589,魔导师烬笞,难度：困难,6100,-10600,2,159386,91212,0,0,0,0,0,0
590,资深修补匠欧兹沃德,难度：困难,6100,-10600,2,159388,91214,0,0,0,0,0,0
591,循环回收者埃零诺,难度：困难,6100,-10600,2,159390,91216,0,0,0,0,0,0
592,墨德利尔·影丘,难度：困难,6100,-10600,2,159392,91218,0,0,0,0,0,0
593,黛丽娅·幽歌,难度：困难,6100,-10600,2,159394,91220,0,0,0,0,0,0
594,相位剑士塔拉莎,难度：困难,6100,-10600,2,159396,91222,0,0,0,0,0,0
595,节点之锋哈迪姆,难度：困难,6100,-10600,2,159398,91224,0,0,0,0,0,0
596,击碎者乔佐罗,难度：困难,6100,-10600,2,159400,91226,0,0,0,0,0,0
597,扎度，纳洛拉克之拳,难度：困难,6100,-10600,2,159402,91228,0,0,0,0,0,0
598,加亚莱之爪,难度：困难,6100,-10600,2,159404,91230,0,0,0,0,0,0
599,埃基尔松之翼,难度：困难,6100,-10600,2,159407,91232,0,0,0,0,0,0
600,游侠迅林,难度：困难,6100,-10600,2,159409,91234,0,0,0,0,0,0
601,焰翼中尉,难度：困难,6100,-10600,2,159411,91236,0,0,0,0,0,0
602,刃叶的佩特约尔,难度：困难,6100,-10600,2,159413,91238,0,0,0,0,0,0
603,墓室的拉迈因,难度：困难,6100,-10600,2,159415,91240,0,0,0,0,0,0
604,高阶守备官伏利姆,难度：困难,6100,-10600,2,159417,91242,0,0,0,0,0,0
605,十字军战士卢西雅·麦克斯韦尔,难度：困难,6100,-10600,2,159419,91243,0,0,0,0,0,0
606,行政官辛古拉利斯,难度：困难,6100,-10600,2,159421,91244,0,0,0,0,0,0
607,执政官奈布洛,难度：困难,6100,-10600,2,159423,91245,0,0,0,0,0,0
608,执行官凯尼乌斯,难度：困难,6100,-10600,2,159425,91246,0,0,0,0,0,0
609,元首因格玛里亚,难度：困难,6100,-10600,2,159427,91247,0,0,0,0,0,0
610,豪侠骑士碎血,难度：困难,6100,-10600,2,159429,91248,0,0,0,0,0,0
611,投敌者雯勒娜,难度：困难,6100,-10600,2,159431,91249,0,0,0,0,0,0
612,迷失的瑟尔德林,难度：困难,6100,-10600,2,159433,91250,0,0,0,0,0,0
613,饥肠辘辘的内德拉,难度：困难,6100,-10600,2,159435,91251,0,0,0,0,0,0
614,棘语者艾德加斯,难度：困难,6100,-10600,2,159437,91252,0,0,0,0,0,0
615,荆巫莉赛特,难度：困难,6100,-10600,2,159439,91253,0,0,0,0,0,0
616,炽燃之影格洛索兹,难度：困难,6100,-10600,2,159441,91254,0,0,0,0,0,0
617,暗焰之火顿扎格,难度：困难,6100,-10600,2,159443,91255,0,0,0,0,0,0
618,魔导师碎日,难度：困难,5900,-12150,2,159385,91210,0,0,0,0,0,0
619,魔导师烬笞,难度：困难,5900,-12150,2,159387,91212,0,0,0,0,0,0
620,资深修补匠欧兹沃德,难度：困难,5900,-12150,2,159389,91214,0,0,0,0,0,0
621,循环回收者埃零诺,难度：困难,5900,-12150,2,159391,91216,0,0,0,0,0,0
622,墨德利尔·影丘,难度：困难,5900,-12150,2,159393,91218,0,0,0,0,0,0
623,黛丽娅·幽歌,难度：困难,5900,-12150,2,159395,91220,0,0,0,0,0,0
624,相位剑士塔拉莎,难度：困难,5900,-12150,2,159397,91222,0,0,0,0,0,0
625,节点之锋哈迪姆,难度：困难,5900,-12150,2,159399,91224,0,0,0,0,0,0
626,击碎者乔佐罗,难度：困难,5900,-12150,2,159401,91226,0,0,0,0,0,0
627,扎度，纳洛拉克之拳,难度：困难,5900,-12150,2,159403,91228,0,0,0,0,0,0
628,加亚莱之爪,难度：困难,5900,-12150,2,159406,91230,0,0,0,0,0,0
629,埃基尔松之翼,难度：困难,5900,-12150,2,159408,91232,0,0,0,0,0,0
630,游侠迅林,难度：困难,5900,-12150,2,159410,91234,0,0,0,0,0,0
631,焰翼中尉,难度：困难,5900,-12150,2,159412,91236,0,0,0,0,0,0
632,刃叶的佩特约尔,难度：困难,5900,-12150,2,159414,91238,0,0,0,0,0,0
633,墓室的拉迈因,难度：困难,5900,-12150,2,159416,91240,0,0,0,0,0,0
634,高阶守备官伏利姆,难度：困难,5900,-12150,2,159418,91242,0,0,0,0,0,0
635,十字军战士卢西雅·麦克斯韦尔,难度：困难,5900,-12150,2,159420,91243,0,0,0,0,0,0
636,行政官辛古拉利斯,难度：困难,5900,-12150,2,159422,91244,0,0,0,0,0,0
637,执政官奈布洛,难度：困难,5900,-12150,2,159424,91245,0,0,0,0,0,0
638,执行官凯尼乌斯,难度：困难,5900,-12150,2,159426,91246,0,0,0,0,0,0
639,元首因格玛里亚,难度：困难,5900,-12150,2,159428,91247,0,0,0,0,0,0
640,豪侠骑士碎血,难度：困难,5900,-12150,2,159430,91248,0,0,0,0,0,0
641,投敌者雯勒娜,难度：困难,5900,-12150,2,159432,91249,0,0,0,0,0,0
642,迷失的瑟尔德林,难度：困难,5900,-12150,2,159434,91250,0,0,0,0,0,0
643,饥肠辘辘的内德拉,难度：困难,5900,-12150,2,159436,91251,0,0,0,0,0,0
644,棘语者艾德加斯,难度：困难,5900,-12150,2,159438,91252,0,0,0,0,0,0
645,荆巫莉赛特,难度：困难,5900,-12150,2,159440,91253,0,0,0,0,0,0
646,炽燃之影格洛索兹,难度：困难,5900,-12150,2,159442,91254,0,0,0,0,0,0
647,暗焰之火顿扎格,难度：困难,5900,-12150,2,159444,91255,0,0,0,0,0,0
