ID,RaceMask,ReqSource_lang,ReqType,ClassMask,RegionGroupMask,ReqAchievementID,ReqQuestID,OverrideArchive,ReqItemModifiedAppearanceID
10,-1,,4,0,0,0,0,-1,0
12,-1,,2,0,0,0,0,-1,0
35,-1,,3,-1,0,0,0,-1,0
36,-1,,3,-1,0,0,0,-1,0
37,-1,,3,-1,0,0,0,-1,0
41,-1,,3,-1,0,0,0,-1,0
42,-1,,3,-1,0,0,0,-1,0
43,-1,,3,-1,0,0,0,-1,0
53,-1,,3,32,0,0,0,-1,0
55,-1,,3,-1,0,0,0,0,0
58,-1,,3,-1,0,0,0,-1,0
59,-1,,3,-1,0,0,0,-1,0
61,-1,,3,-1,0,0,0,0,0
62,-1,,3,-1,0,0,0,-1,0
63,-1,,3,-1,0,0,0,-1,0
64,-1,,3,-1,0,0,0,-1,0
65,-1,,3,-1,0,0,0,-1,0
66,-1,,3,-1,0,0,0,0,0
75,-1,,3,-7168,0,0,0,-1,76335
76,-1,,3,-7168,0,0,0,-1,76336
77,-1,,3,-7168,0,0,0,-1,76337
78,-1,,3,-7168,0,0,0,-1,76338
80,-1,,3,32,0,0,0,-1,0
89,-1,,3,32,0,0,0,-1,0
91,-1,,3,32,0,0,0,-1,0
93,-1,,3,32,0,0,0,-1,0
95,-1,,3,32,0,0,0,-1,0
97,-1,,3,32,0,0,0,-1,0
103,-1,,3,32,0,0,0,-1,0
105,-1,,3,32,0,0,0,-1,0
109,-1,,3,32,0,0,0,-1,0
115,-1,,3,32,0,0,0,-1,0
117,-1,,3,32,0,0,0,-1,0
119,-1,,3,32,0,0,0,-1,0
121,-1,,3,32,0,0,0,-1,0
123,-1,,3,32,0,0,0,-1,0
126,-1,,3,32,0,0,0,-1,0
128,-1,,3,32,0,0,0,-1,0
130,-1,,3,32,0,0,0,-1,0
132,-1,,3,32,0,0,0,-1,0
134,-1,,3,32,0,0,0,-1,0
136,-1,,3,32,0,0,0,-1,0
137,-1,,3,-1,0,0,0,-1,0
138,-1,,3,-1,0,13251,0,-1,0
141,-1,,3,-1,0,0,0,-1,0
142,-1,,3,32,0,0,0,-1,0
143,-1,,3,2048,0,0,0,-1,0
144,-1,,3,14303,0,0,0,-1,0
145,-1,,3,14335,0,0,0,-1,0
146,-1,,3,16351,0,0,0,-1,0
147,-1,,3,1024,0,0,0,-1,0
148,-1,,3,15359,0,0,0,-1,0
159,-1,,3,-1,0,0,0,-1,0
160,-1,,3,-1,0,0,0,-1,0
161,-1,,3,-1,0,0,0,-1,0
163,-1,,3,-1,0,0,0,-1,0
164,-1,,3,-1,0,0,0,-1,0
165,-1,,3,-1,0,0,0,-1,0
169,-1,,3,-1,0,0,0,-1,0
170,-1,,3,2048,0,0,0,-1,0
171,-1,,3,-1,0,0,0,-1,0
172,-1,,3,2048,0,0,0,-1,0
173,-1,,3,-1,0,0,0,-1,0
174,-1,,3,-1,0,0,0,-1,0
175,-1,,3,-8160,0,0,0,-1,0
176,-1,,3,-2081,0,0,0,-1,0
177,-1,,3,-2081,0,0,0,-1,0
178,-1,,3,-2081,0,0,0,-1,0
179,-1,,3,-2081,0,0,0,-1,0
180,-1,,3,-1,0,0,0,-1,0
181,-1,,3,-1,0,0,0,-1,0
182,-1,,3,-1,0,0,0,-1,0
183,-1,,3,-1,0,0,0,-1,0
184,-1,,3,-1,0,0,0,-1,0
185,-1,,3,-1,0,0,0,-1,0
186,-1,,3,-1,0,0,0,-1,0
187,-1,,3,-1,0,0,0,-1,0
188,-1,,3,-1,0,0,0,-1,0
189,-1,,3,-2049,0,13251,0,-1,0
190,-1,,3,32,0,0,0,-1,0
191,-1,,3,32,0,0,0,-1,0
192,-1,,3,-1,0,0,0,-1,0
193,-1,,3,-1,0,0,0,-1,0
194,-1,,3,-1,0,0,0,-1,0
195,-1,,3,-1,0,0,0,-1,0
196,-1,,3,-1,0,0,0,-1,0
197,-1,,3,-1,0,0,0,-1,0
198,-1,,3,-1,0,0,0,-1,0
199,-1,,3,-1,0,0,0,-1,0
200,-1,,3,-1,0,0,0,-1,0
201,-1,,3,-1,0,0,0,-1,0
203,-1,,3,-1,0,0,0,-1,0
204,-1,,3,-1,0,0,0,-1,0
205,-1,,3,-1,0,0,0,-1,0
206,-1,,3,-1,0,0,0,-1,0
207,-1,,3,-1,0,0,0,-1,0
208,-1,,3,-1,0,0,0,-1,0
209,-1,,3,-1,0,0,0,-1,0
212,-1,,3,32,0,0,0,-1,0
213,-1,,3,32,0,0,0,-1,0
218,-1,,3,32,0,0,0,-1,0
225,-1,,3,-1,0,0,0,-1,0
226,-1,,3,-1,0,0,0,-1,0
227,-1,,3,-1,0,0,0,-1,0
228,-1,,3,2048,0,0,0,-1,0
229,-1,,3,-1,0,0,0,-1,0
230,-1,,3,2048,0,0,0,-1,0
234,-1,,3,32,0,0,0,-1,0
235,-1,,3,32,0,0,0,-1,0
236,-1,,3,-1,0,0,0,-1,0
237,-1,,3,-1,0,0,0,-1,0
238,-1,,3,-7168,0,0,0,-1,96470
239,-1,,3,-7168,0,0,0,-1,96471
240,-1,,3,-7168,0,0,0,-1,96472
241,-1,,3,-7168,0,0,0,-1,96473
242,-1,,3,-7168,0,0,0,-1,96474
243,-1,,3,-7168,0,0,0,-1,96475
244,-1,,3,-7168,0,0,0,-1,96476
245,-1,,3,-7168,0,0,0,-1,96477
246,-1,,3,-7168,0,0,0,-1,96478
247,-1,,3,-7168,0,0,0,-1,96479
248,-1,,3,-7168,0,0,0,-1,96480
249,-1,,3,-7168,0,0,0,-1,96481
250,-1,,3,-7168,0,0,0,-1,96482
251,-1,,3,-7168,0,0,0,-1,96483
252,-1,,3,-7168,0,0,0,-1,96484
253,-1,,3,-7168,0,0,0,-1,96485
254,-1,,3,-7168,0,0,0,-1,96486
255,-1,,3,-7168,0,0,0,-1,96487
256,-1,,3,-7168,0,0,0,-1,96488
257,-1,,3,-7168,0,0,0,-1,96489
258,-1,,3,-7168,0,0,0,-1,76524
259,-1,,3,-7168,0,0,0,-1,77022
260,-1,,3,-7168,0,0,0,-1,77023
261,-1,,3,-7168,0,0,0,-1,77024
262,-1,,3,-7168,0,0,0,-1,96450
263,-1,,3,-7168,0,0,0,-1,96451
264,-1,,3,-7168,0,0,0,-1,96452
265,-1,,3,-7168,0,0,0,-1,96453
266,-1,,3,-7168,0,0,0,-1,96454
267,-1,,3,-7168,0,0,0,-1,96455
268,-1,,3,-7168,0,0,0,-1,96456
269,-1,,3,-7168,0,0,0,-1,96457
270,-1,,3,-7168,0,0,0,-1,96458
271,-1,,3,-7168,0,0,0,-1,96459
272,-1,,3,-7168,0,0,0,-1,96460
273,-1,,3,-7168,0,0,0,-1,96461
274,-1,,3,-7168,0,0,0,-1,96462
275,-1,,3,-7168,0,0,0,-1,96463
276,-1,,3,-7168,0,0,0,-1,96464
277,-1,,3,-7168,0,0,0,-1,96465
278,-1,,3,-7168,0,0,0,-1,96466
279,-1,,3,-7168,0,0,0,-1,96467
280,-1,,3,-7168,0,0,0,-1,96468
281,-1,,3,-7168,0,0,0,-1,96469
282,-1,,1,-7168,0,0,0,-1,35599
283,-1,,1,-7168,0,0,0,-1,36694
284,-1,,1,-7168,0,0,0,-1,106184
291,-1,,3,-1,0,0,0,-1,0
295,-1,,3,-1,0,0,0,-1,0
296,-1,,3,-1,0,0,0,-1,0
306,-1,,1,1024,0,14653,0,-1,0
307,-1,,1,1024,0,14654,0,-1,0
308,-1,,1,1024,0,14655,0,-1,0
309,-1,,1,1024,0,14664,0,-1,0
310,-1,,1,1024,0,14665,0,-1,0
311,-1,,1,1024,0,14666,0,-1,0
312,-1,,1,1024,0,14667,0,-1,0
313,-1,,3,-1,0,0,0,-1,0
314,-1,,3,-1,0,0,0,-1,0
316,-1,,3,-1,0,0,0,-1,0
317,-1,,3,-1,0,0,0,-1,0
318,-1,,3,-1,0,0,0,-1,0
319,-1,,3,32,0,0,0,-1,0
320,-1,,3,-1,0,0,0,-1,0
321,-1,,3,-1,0,0,0,-1,0
322,-1,,3,0,0,0,0,-1,0
323,-1,,3,-1,0,0,0,-1,0
324,-1,,3,-1,0,0,0,-1,0
325,-1,,3,-1,0,0,0,-1,0
326,-1,,3,-1,0,0,0,-1,0
331,-1,,1,1024,0,11851,0,-1,0
332,-1,,3,-8160,0,0,0,-1,0
333,-1,,3,-1,0,0,0,-1,0
334,-1,,3,-1,0,0,0,-1,0
337,-1,,3,-6112,0,0,0,-1,0
361,-1,,1,1024,0,15227,0,-1,0
362,-1,,1,1024,0,15228,0,-1,0
365,-1,,1,256,0,0,0,-1,0
367,-1,,3,-1,0,0,0,-1,0
369,-1,,3,-1,0,0,0,-1,0
370,-1,,3,-1,0,0,0,-1,0
373,-1,,3,-1,0,0,0,-1,0
374,-1,,3,-1,0,0,0,-1,0
375,-1,,3,-1,0,0,0,-1,0
376,-1,,3,-1,0,0,0,-1,0
377,-1,,3,-1,0,0,0,-1,0
378,-1,,3,-1,0,0,0,-1,0
379,-1,,3,-1,0,0,0,-1,0
380,-1,,3,-1,0,0,0,-1,0
382,-1,,1,1024,0,15230,0,-1,0
383,-1,,1,1024,0,15235,0,-1,0
384,-1,,1,1024,0,15236,0,-1,0
385,-1,,1,1024,0,15231,0,-1,0
386,-1,,1,1024,0,15237,0,-1,0
387,-1,,1,1024,0,15238,0,-1,0
400,-1,,3,-1,0,0,0,-1,0
401,-1,,3,-1,0,0,0,-1,0
402,-1,,3,-1,0,0,0,-1,0
403,-1,,3,-1,0,0,0,-1,0
404,-1,,3,-1,0,0,0,-1,0
405,-1,,3,-1,0,0,0,-1,0
406,-1,,3,-1,0,0,0,-1,0
407,-1,,3,-1,0,0,0,-1,0
410,-1,,3,-1,0,0,0,-1,0
411,-1,,3,-1,0,0,0,-1,0
413,-1,,3,-1,0,0,0,-1,0
414,-1,,3,-1,0,0,0,-1,0
415,-1,,3,-1,0,0,0,-1,0
422,-1,,3,-1,0,0,0,-1,0
423,-1,,3,-7168,0,15312,0,-1,0
424,-1,,3,-1,0,0,0,-1,0
425,-1,,3,-1,0,0,0,-1,0
426,-1,,3,-1,0,0,0,-1,0
427,-1,,3,-1,0,0,0,-1,0
428,-1,,3,-1,0,0,0,-1,0
429,-1,,3,-1,0,0,0,-1,0
430,-1,,3,-1,0,0,0,-1,0
431,-1,,3,-1,0,0,0,-1,0
432,-1,,3,-1,0,0,0,-1,0
433,-1,,3,-1,0,0,0,-1,0
434,-1,,3,-1,0,0,0,-1,0
435,-1,,3,-1,0,0,0,-1,0
436,-1,,3,-1,0,0,0,-1,0
437,-1,,3,-1,0,0,0,-1,0
438,-1,,3,-1,0,0,0,-1,0
439,-1,,3,-1,0,0,0,-1,0
440,-1,,3,-1,0,0,0,-1,0
441,-1,,3,-1,0,0,0,-1,0
442,-1,,3,-1,0,0,0,-1,0
443,-1,,3,-1,0,0,0,-1,0
444,-1,,3,-1,0,0,0,-1,0
445,-1,,3,-1,0,0,0,-1,0
446,-1,,3,-1,0,0,0,-1,0
447,-1,,3,-1,0,0,0,-1,0
448,-1,,3,-1,0,0,0,-1,0
449,-1,,3,-1,0,0,0,-1,0
450,-1,,3,-1,0,0,0,-1,0
451,-1,,3,-1,0,0,0,-1,0
452,-1,,3,-1,0,0,0,-1,0
453,-1,,3,-1,0,0,0,-1,0
454,-1,,3,-1,0,0,0,-1,0
455,-1,,3,-1,0,0,0,-1,0
456,-1,,3,-1,0,0,0,-1,0
457,-1,,3,-1,0,0,0,-1,0
458,-1,,3,-1,0,0,0,-1,0
459,-1,,3,-1,0,0,0,-1,0
460,-1,,3,-1,0,0,0,-1,0
461,-1,,3,-1,0,0,0,-1,0
462,-1,,3,-1,0,0,0,-1,0
463,-1,,3,-1,0,0,0,-1,0
464,-1,,3,-1,0,0,0,-1,0
465,-1,,3,-1,0,0,0,-1,0
466,-1,,3,-1,0,0,0,-1,0
467,-1,,3,-1,0,0,0,-1,0
468,-1,,3,-1,0,0,0,-1,0
469,-1,,3,-1,0,0,0,-1,0
470,-1,,3,-1,0,0,0,-1,0
472,-1,,3,-1,0,0,0,-1,0
473,-1,,3,-1,0,0,0,-1,0
640,-1,,3,14303,0,15579,0,-1,0
641,-1,,3,14303,0,15579,0,-1,0
642,-1,,3,14303,0,0,0,-1,0
643,-1,,3,14303,0,0,0,-1,0
644,-1,,3,32,0,0,0,-1,0
645,-1,,3,32,0,0,0,-1,0
646,-1,,3,14303,0,15579,0,-1,0
647,-1,,3,2048,0,0,0,-1,0
648,-1,,3,14303,0,0,0,-1,0
649,-1,,3,32,0,0,0,-1,0
650,-1,,3,32,0,0,0,-1,0
651,-1,,3,-2081,0,0,0,-1,0
652,-1,,3,-2081,0,0,0,-1,0
653,-1,,3,-2049,0,13251,0,-1,0
654,-1,,3,14303,0,15579,0,-1,0
655,-1,,3,14303,0,15579,0,-1,0
656,-1,,3,32,0,0,0,-1,0
657,-1,,3,2048,0,0,0,-1,0
658,-1,,3,14303,0,0,0,-1,0
659,-1,,3,-2081,0,0,0,-1,0
660,-1,,3,-2081,0,0,0,-1,0
661,-1,,3,-2049,0,13251,0,-1,0
662,-1,,3,14303,0,15579,0,-1,0
663,-1,,3,32,0,0,0,-1,0
664,-1,,3,2048,0,0,0,-1,0
665,-1,,3,14303,0,0,0,-1,0
666,-1,,3,14303,0,15579,0,-1,0
667,-1,,3,32,0,0,0,-1,0
668,-1,,3,2048,0,0,0,-1,0
669,-1,,3,14303,0,0,0,-1,0
672,-1,,3,-1,0,0,0,-1,0
673,-1,,3,-1,0,0,0,-1,0
674,-1,,3,-1,0,0,0,-1,0
675,-1,,3,-1,0,0,0,-1,0
679,-1,,3,-1,0,0,0,-1,0
2480,-1,瓦德拉肯联军名望,3,-1,0,0,69161,-1,0
2481,-1,瓦德拉肯联军名望,3,-1,0,0,69162,-1,0
2482,-1,专业,3,-1,0,0,69163,-1,0
2483,-1,声望奖励,3,-1,0,0,69164,-1,0
2484,-1,弥散营地,3,-1,0,0,69165,-1,0
2485,-1,成就,3,-1,0,0,69166,-1,0
2486,-1,？？？,3,-1,0,0,69167,-1,0
2487,-1,专业,3,-1,0,0,69168,-1,0
2488,-1,声望奖励,3,-1,0,0,69169,-1,0
2489,-1,世界掉落,3,-1,0,0,69170,-1,0
2490,-1,驭龙竞速,3,-1,0,0,69171,-1,0
2491,-1,瓦德拉肯联军名望,3,-1,0,0,69172,-1,0
2492,-1,世界掉落,3,-1,0,0,69173,-1,0
2493,-1,瓦德拉肯名望,3,-1,0,0,69174,-1,0
2494,-1,地下城奖励,3,-1,0,0,69175,-1,0
2495,-1,世界掉落,3,-1,0,0,69176,-1,0
2496,-1,瓦德拉肯联军名望,3,-1,0,0,69177,-1,0
2497,-1,驭龙竞速,3,-1,0,0,69178,-1,0
2498,-1,驭龙竞速,3,-1,0,0,69179,-1,0
2499,-1,专业,3,-1,0,0,69180,-1,0
2500,-1,专业,3,-1,0,0,69181,-1,0
2501,-1,世界掉落,3,-1,0,0,69182,-1,0
2502,-1,世界掉落,3,-1,0,0,69183,-1,0
2503,-1,？？？,3,-1,0,0,69184,-1,0
2504,-1,世界掉落,3,-1,0,0,69185,-1,0
2505,-1,世界掉落,3,-1,0,0,69186,-1,0
2506,-1,成就,3,-1,0,0,69187,-1,0
2507,-1,专业,3,-1,0,0,69188,-1,0
2508,-1,瓦德拉肯联军名望,3,-1,0,0,69189,-1,0
2509,-1,鼹鼠人名望,3,-1,0,0,69190,-1,0
2510,-1,世界掉落,3,-1,0,0,69191,-1,0
2511,-1,世界掉落,3,-1,0,0,69192,-1,0
2512,-1,？？？,3,-1,0,0,69193,-1,0
2513,-1,世界掉落,3,-1,0,0,69194,-1,0
2514,-1,冬裘熊怪声望,3,-1,0,0,69195,-1,0
2515,-1,世界掉落,3,-1,0,0,69196,-1,0
2516,-1,驭龙竞速,3,-1,0,0,69197,-1,0
2517,-1,瓦德拉肯联军名望,3,-1,0,0,69198,-1,0
2518,-1,世界掉落,3,-1,0,0,69199,-1,0
2519,-1,禁忌宝藏,3,-1,0,0,69200,-1,0
2520,-1,世界掉落,3,-1,0,0,69201,-1,0
2521,-1,离岛竞速者的钱袋,3,-1,0,0,69202,-1,0
2522,-1,瓦德拉肯联军名望,3,-1,0,0,69203,-1,0
2523,-1,瓦德拉肯名望,3,-1,0,0,69204,-1,0
2524,-1,世界掉落,3,-1,0,0,69205,-1,0
2525,-1,冬裘熊怪声望,3,-1,0,0,69206,-1,0
2526,-1,地下城奖励,3,-1,0,0,69207,-1,0
2527,-1,世界掉落,3,-1,0,0,69208,-1,0
2528,-1,瓦德拉肯联军名望,3,-1,0,0,69209,-1,0
2529,-1,声望奖励,3,-1,0,0,69213,-1,0
2530,-1,海象人名望,3,-1,0,0,69212,-1,0
2531,-1,半人马名望,3,-1,0,0,69211,-1,0
2532,-1,龙鳞探险队名望,3,-1,0,0,69210,-1,0
2533,-1,？？？,3,-1,0,0,69214,-1,0
2534,-1,瓦德拉肯名望,3,-1,0,0,69215,-1,0
2535,-1,半人马名望,3,-1,0,0,69216,-1,0
2536,-1,驭龙竞速,3,-1,0,0,69217,-1,0
2537,-1,声望奖励,3,-1,0,0,69218,-1,0
2538,-1,世界掉落,3,-1,0,0,69219,-1,0
2539,-1,瓦德拉肯联军名望,3,-1,0,0,69220,-1,0
2540,-1,世界掉落,3,-1,0,0,69221,-1,0
2541,-1,世界掉落,3,-1,0,0,69222,-1,0
2542,-1,世界掉落,3,-1,0,0,69223,-1,0
2609,-1,声望奖励,3,-1,0,0,69290,-1,0
2610,-1,专业,3,-1,0,0,69291,-1,0
2612,-1,瓦德拉肯联军名望,3,-1,0,0,69294,-1,0
2613,-1,驭龙竞速,3,-1,0,0,69295,-1,0
2614,-1,？？？,3,-1,0,0,69296,-1,0
2615,-1,驭龙竞速,3,-1,0,0,69297,-1,0
2616,-1,任务奖励,3,-1,0,0,69298,-1,0
2617,-1,世界掉落,3,-1,0,0,69299,-1,0
2618,-1,瓦德拉肯联军名望,3,-1,0,0,69300,-1,0
2619,-1,世界掉落,3,-1,0,0,69301,-1,0
2620,-1,海象人名望,3,-1,0,0,69302,-1,0
2621,-1,冬裘熊怪声望,3,-1,0,0,69303,-1,0
2622,-1,任务奖励,3,-1,0,0,69304,-1,0
2623,-1,驭龙竞速,3,-1,0,0,69305,-1,0
2624,-1,世界掉落,3,-1,0,0,69306,-1,0
2625,-1,世界掉落,3,-1,0,0,69307,-1,0
2626,-1,声望奖励,3,-1,0,0,69308,-1,0
2627,-1,专业,3,-1,0,0,69309,-1,0
2628,-1,？？？,3,-1,0,0,69310,-1,0
2629,-1,任务奖励,3,-1,0,0,69311,-1,0
2630,-1,世界掉落,3,-1,0,0,69312,-1,0
2631,-1,地下城奖励,3,-1,0,0,69313,-1,0
2632,-1,驭龙竞速,3,-1,0,0,69314,-1,0
2633,-1,海象人名望,3,-1,0,0,69315,-1,0
2634,-1,世界掉落,3,-1,0,0,69316,-1,0
2635,-1,世界掉落,3,-1,0,0,69317,-1,0
2636,-1,专业,3,-1,0,0,69318,-1,0
2637,-1,成就,3,-1,0,0,69319,-1,0
2638,-1,鼹鼠人名望,3,-1,0,0,69320,-1,0
2639,-1,鼹鼠人名望,3,-1,0,0,69321,-1,0
2640,-1,世界掉落,3,-1,0,0,69322,-1,0
2641,-1,任务奖励,3,-1,0,0,69323,-1,0
2642,-1,海象人名望,3,-1,0,0,69324,-1,0
2643,-1,离岛竞速者的钱袋,3,-1,0,0,69325,-1,0
2644,-1,世界掉落,3,-1,0,0,69326,-1,0
2645,-1,任务奖励,3,-1,0,0,69327,-1,0
2646,-1,地下城奖励,3,-1,0,0,69328,-1,0
2647,-1,驭龙竞速,3,-1,0,0,69329,-1,0
2648,-1,冬裘熊怪声望,3,-1,0,0,69330,-1,0
2649,-1,世界掉落,3,-1,0,0,69331,-1,0
2650,-1,世界掉落,3,-1,0,0,69332,-1,0
2651,-1,海象人名望,3,-1,0,0,69333,-1,0
2652,-1,任务奖励,3,-1,0,0,69334,-1,0
2653,-1,任务奖励,3,-1,0,0,69335,-1,0
2654,-1,世界掉落,3,-1,0,0,69336,-1,0
2655,-1,瓦德拉肯名望特使,3,-1,0,0,69337,-1,0
2656,-1,？？？,3,-1,0,0,69338,-1,0
2657,-1,世界掉落,3,-1,0,0,69339,-1,0
2658,-1,海象人名望,3,-1,0,0,69340,-1,0
2659,-1,地下城奖励,3,-1,0,0,69341,-1,0
2660,-1,？？？,3,-1,0,0,69342,-1,0
2661,-1,声望奖励,3,-1,0,0,69343,-1,0
2662,-1,半人马名望,3,-1,0,0,69344,-1,0
2663,-1,龙鳞探险队名望,3,-1,0,0,69345,-1,0
2664,-1,瓦德拉肯联军名望,3,-1,0,0,69346,-1,0
2665,-1,？？？,3,-1,0,0,69347,-1,0
2666,-1,地下城奖励,3,-1,0,0,69348,-1,0
2667,-1,声望奖励,3,-1,0,0,69349,-1,0
2668,-1,世界掉落,3,-1,0,0,69350,-1,0
2669,-1,世界掉落,3,-1,0,0,69351,-1,0
2670,-1,任务奖励,3,-1,0,0,69352,-1,0
2671,-1,驭龙竞速,3,-1,0,0,69353,-1,0
2672,-1,海象人名望,3,-1,0,0,69354,-1,0
2673,-1,专业,3,-1,0,0,69355,-1,0
2674,-1,海象人名望,3,-1,0,0,69356,-1,0
2675,-1,弥散营地,3,-1,0,0,69357,-1,0
2852,-1,声望奖励,3,-1,0,0,69547,-1,0
2853,-1,专业,3,-1,0,0,69548,-1,0
2854,-1,弥散营地,3,-1,0,0,69549,-1,0
2855,-1,？？？,3,-1,0,0,69550,-1,0
2856,-1,瓦德拉肯联军名望,3,-1,0,0,69551,-1,0
2857,-1,成就,3,-1,0,0,69552,-1,0
2858,-1,专业,3,-1,0,0,69553,-1,0
2859,-1,弥散营地,3,-1,0,0,69554,-1,0
2860,-1,任务奖励,3,-1,0,0,69555,-1,0
2861,-1,？？？,3,-1,0,0,69556,-1,0
2862,-1,任务奖励,3,-1,0,0,69557,-1,0
2863,-1,瓦德拉肯联军名望,3,-1,0,0,69558,-1,0
2864,-1,龙鳞探险队名望,3,-1,0,0,69559,-1,0
2865,-1,任务奖励,3,-1,0,0,69560,-1,0
2866,-1,龙鳞探险队名望,3,-1,0,0,69561,-1,0
2867,-1,任务奖励,3,-1,0,0,69562,-1,0
2868,-1,专业,3,-1,0,0,69563,-1,0
2869,-1,龙鳞探险队名望,3,-1,0,0,69564,-1,0
2870,-1,世界掉落,3,-1,0,0,69565,-1,0
2871,-1,任务奖励,3,-1,0,0,69566,-1,0
2872,-1,驭龙竞速,3,-1,0,0,69567,-1,0
2873,-1,半人马名望,3,-1,0,0,69568,-1,0
2874,-1,声望奖励,3,-1,0,0,69569,-1,0
2875,-1,龙鳞探险队名望,3,-1,0,0,69570,-1,0
2876,-1,成就,3,-1,0,0,69571,-1,0
2877,-1,世界掉落,3,-1,0,0,69572,-1,0
2878,-1,世界掉落,3,-1,0,0,69573,-1,0
2879,-1,鼹鼠人名望,3,-1,0,0,69574,-1,0
2880,-1,龙鳞探险队名望,3,-1,0,0,69575,-1,0
2881,-1,任务奖励,3,-1,0,0,69576,-1,0
2882,-1,地下城奖励,3,-1,0,0,69577,-1,0
2883,-1,专业,3,-1,0,0,69578,-1,0
2884,-1,任务奖励,3,-1,0,0,69579,-1,0
2885,-1,世界掉落,3,-1,0,0,69580,-1,0
2886,-1,任务奖励,3,-1,0,0,69581,-1,0
2887,-1,任务奖励,3,-1,0,0,69582,-1,0
2888,-1,世界掉落,3,-1,0,0,69583,-1,0
2889,-1,世界掉落,3,-1,0,0,69584,-1,0
2890,-1,声望奖励,3,-1,0,0,69585,-1,0
2891,-1,任务奖励,3,-1,0,0,69586,-1,0
2892,-1,龙鳞探险队名望,3,-1,0,0,69587,-1,0
2893,-1,驭龙竞速,3,-1,0,0,69588,-1,0
2894,-1,任务奖励,3,-1,0,0,69589,-1,0
2895,-1,半人马名望,3,-1,0,0,66720,-1,0
2896,-1,海象人名望,3,-1,0,0,69591,-1,0
2897,-1,瓦德拉肯联军名望,3,-1,0,0,69592,-1,0
2898,-1,声望奖励,3,-1,0,0,69593,-1,0
2899,-1,？？？,3,-1,0,0,69594,-1,0
2900,-1,专业,3,-1,0,0,69595,-1,0
2901,-1,龙鳞探险队名望,3,-1,0,0,69596,-1,0
2902,-1,地下城奖励,3,-1,0,0,69597,-1,0
2903,-1,地下城奖励,3,-1,0,0,69598,-1,0
2904,-1,世界掉落,3,-1,0,0,69599,-1,0
2905,-1,任务奖励,3,-1,0,0,69600,-1,0
2906,-1,世界掉落,3,-1,0,0,69601,-1,0
2907,-1,地下城奖励,3,-1,0,0,69602,-1,0
2908,-1,龙鳞探险队名望,3,-1,0,0,69603,-1,0
2909,-1,世界掉落,3,-1,0,0,69604,-1,0
2910,-1,世界掉落,3,-1,0,0,69605,-1,0
2911,-1,任务奖励,3,-1,0,0,69606,-1,0
2912,-1,任务奖励,3,-1,0,0,69607,-1,0
2913,-1,任务奖励,3,-1,0,0,69608,-1,0
2914,-1,任务奖励,3,-1,0,0,69609,-1,0
3068,-1,弥散营地,3,-1,0,0,69781,-1,0
3069,-1,专业,3,-1,0,0,69782,-1,0
3070,-1,专业,3,-1,0,0,69783,-1,0
3071,-1,成就,3,-1,0,0,69784,-1,0
3072,-1,瓦德拉肯联军名望,3,-1,0,0,69785,-1,0
3073,-1,？？？,3,-1,0,0,69786,-1,0
3074,-1,冬裘熊怪声望,3,-1,0,0,69787,-1,0
3075,-1,声望奖励,3,-1,0,0,69788,-1,0
3076,-1,宝藏,3,-1,0,0,69789,-1,0
3077,-1,世界掉落,3,-1,0,0,69790,-1,0
3078,-1,半人马名望,3,-1,0,0,69791,-1,0
3079,-1,瓦德拉肯联军名望,3,-1,0,0,69792,-1,0
3080,-1,世界掉落,3,-1,0,0,69793,-1,0
3081,-1,世界掉落,3,-1,0,0,69794,-1,0
3082,-1,半人马名望,3,-1,0,0,69795,-1,0
3083,-1,专业,3,-1,0,0,69796,-1,0
3084,-1,世界掉落,3,-1,0,0,69797,-1,0
3085,-1,离岛竞速者的钱袋,3,-1,0,0,69798,-1,0
3086,-1,世界掉落,3,-1,0,0,69799,-1,0
3087,-1,半人马名望,3,-1,0,0,69800,-1,0
3088,-1,专业,3,-1,0,0,69801,-1,0
3089,-1,地下城奖励,3,-1,0,0,69802,-1,0
3090,-1,成就,3,-1,0,0,69803,-1,0
3091,-1,鼹鼠人名望,3,-1,0,0,69804,-1,0
3092,-1,地下城奖励,3,-1,0,0,69805,-1,0
3093,-1,世界掉落,3,-1,0,0,69806,-1,0
3094,-1,任务奖励,3,-1,0,0,69807,-1,0
3095,-1,半人马名望,3,-1,0,0,69808,-1,0
3096,-1,驭龙竞速,3,-1,0,0,69809,-1,0
3097,-1,世界掉落,3,-1,0,0,69810,-1,0
3098,-1,任务奖励,3,-1,0,0,69811,-1,0
3099,-1,世界掉落,3,-1,0,0,69812,-1,0
3100,-1,世界掉落,3,-1,0,0,69813,-1,0
3101,-1,半人马名望,3,-1,0,0,69814,-1,0
3102,-1,声望奖励,3,-1,0,0,69815,-1,0
3103,-1,海象人名望,3,-1,0,0,69816,-1,0
3104,-1,瓦德拉肯联军名望,3,-1,0,0,69817,-1,0
3105,-1,龙鳞探险队名望,3,-1,0,0,69818,-1,0
3106,-1,？？？,3,-1,0,0,69819,-1,0
3107,-1,？？？,3,-1,0,0,69820,-1,0
3108,-1,世界掉落,3,-1,0,0,69821,-1,0
3109,-1,半人马名望,3,-1,0,0,69822,-1,0
3110,-1,驭龙竞速,3,-1,0,0,69823,-1,0
3111,-1,声望奖励,3,-1,0,0,69824,-1,0
3112,-1,海象人名望,3,-1,0,0,69825,-1,0
3113,-1,任务奖励,3,-1,0,0,69826,-1,0
3114,-1,半人马名望,3,-1,0,0,69827,-1,0
3115,-1,世界掉落,3,-1,0,0,69828,-1,0
3116,-1,地下城奖励,3,-1,0,0,69829,-1,0
3117,-1,瓦德拉肯名望特使,3,-1,0,0,69831,-1,0
3118,-1,任务奖励,3,-1,0,0,69832,-1,0
3119,-1,世界掉落,3,-1,0,0,69834,-1,0
3120,-1,冬裘熊怪声望,3,-1,0,0,69835,-1,0
3121,-1,半人马名望,3,-1,0,0,69836,-1,0
3125,-1,专业,3,-1,0,0,69845,-1,0
3126,-1,地下城奖励,3,-1,0,0,69846,-1,0
3127,-1,世界掉落,3,-1,0,0,69847,-1,0
3128,-1,,3,-1,0,0,0,-1,0
3132,-1,,3,-1,0,0,0,-1,0
3133,-1,,3,-1,0,0,0,-1,0
3134,-1,,3,-1,0,0,0,-1,0
3135,-1,,3,-1,0,0,0,-1,0
3137,-1,,3,-1,0,0,0,-1,0
3139,-1,,3,-1,0,0,0,-1,0
3140,-1,化身巨龙牢窟,3,-1,0,0,72367,-1,0
3141,-1,角斗士PvP等级（“巨龙时代”第1赛季）,3,-1,0,0,72371,-1,0
3142,-1,,3,-1,0,0,0,-1,0
3143,-1,,3,-1,0,0,0,-1,0
3144,-1,,3,-1,0,0,0,-1,0
3145,-1,鼹鼠人名望,3,-1,0,0,69321,-1,0
3146,-1,,3,-1,0,0,0,-1,0
3147,-1,,3,-1,0,0,0,-1,0
3148,-1,冬裘熊怪声望,3,-1,0,0,73054,-1,0
3149,-1,离岛竞速者的钱袋,3,-1,0,0,73055,-1,0
3150,-1,？？？,3,-1,0,0,73059,-1,0
3151,-1,弥散营地,3,-1,0,0,73057,-1,0
3152,-1,兹斯克拉宝库,3,-1,0,0,73058,-1,0
3153,-1,驭龙竞速,3,-1,0,0,73060,-1,0
3154,-1,冬裘熊怪声望,3,-1,0,0,73056,-1,0
3649,-1,？？？,3,-1,0,0,73786,-1,0
3650,-1,弥散营地,3,-1,0,0,73787,-1,0
3651,-1,专业,3,-1,0,0,73788,-1,0
3652,-1,？？？,3,-1,0,0,73789,-1,0
3653,-1,？？？,3,-1,0,0,73790,-1,0
3654,-1,成就,3,-1,0,0,73791,-1,0
3655,-1,专业,3,-1,0,0,73792,-1,0
3656,-1,瓦德拉肯联军名望,3,-1,0,0,73793,-1,0
3657,-1,？？？,3,-1,0,0,73794,-1,0
3658,-1,世界掉落,3,-1,0,0,73795,-1,0
3659,-1,商人出售,3,-1,0,0,73796,-1,0
3660,-1,世界掉落,3,-1,0,0,73797,-1,0
3661,-1,鼹鼠人名望,3,-1,0,0,73798,-1,0
3662,-1,专业,3,-1,0,0,73799,-1,0
3663,-1,商人出售,3,-1,0,0,73800,-1,0
3664,-1,宝藏,3,-1,0,0,73801,-1,0
3665,-1,专业,3,-1,0,0,73802,-1,0
3666,-1,世界掉落,3,-1,0,0,73803,-1,0
3667,-1,鼹鼠人名望,3,-1,0,0,73804,-1,0
3668,-1,驭龙竞速,3,-1,0,0,73805,-1,0
3669,-1,世界掉落,3,-1,0,0,73806,-1,0
3670,-1,？？？,3,-1,0,0,73807,-1,0
3671,-1,世界掉落,3,-1,0,0,73808,-1,0
3672,-1,世界掉落,3,-1,0,0,73809,-1,0
3673,-1,？？？,3,-1,0,0,73810,-1,0
3674,-1,鼹鼠人名望,3,-1,0,0,73811,-1,0
3675,-1,专业,3,-1,0,0,73812,-1,0
3676,-1,成就,3,-1,0,0,73813,-1,0
3677,-1,鼹鼠人名望,3,-1,0,0,73814,-1,0
3678,-1,鼹鼠人名望,3,-1,0,0,73815,-1,0
3679,-1,世界掉落,3,-1,0,0,73816,-1,0
3680,-1,世界掉落,3,-1,0,0,73817,-1,0
3681,-1,任务奖励,3,-1,0,0,73818,-1,0
3682,-1,世界掉落,3,-1,0,0,73820,-1,0
3683,-1,世界掉落,3,-1,0,0,73821,-1,0
3684,-1,驭龙竞速,3,-1,0,0,73822,-1,0
3685,-1,世界掉落,3,-1,0,0,73824,-1,0
3686,-1,鼹鼠人名望,3,-1,0,0,73825,-1,0
3687,-1,？？？,3,-1,0,0,73826,-1,0
3688,-1,驭龙竞速,3,-1,0,0,73827,-1,0
3689,-1,世界掉落,3,-1,0,0,73829,-1,0
3690,-1,世界掉落,3,-1,0,0,73830,-1,0
3691,-1,世界掉落,3,-1,0,0,73831,-1,0
3692,-1,鼹鼠人名望,3,-1,0,0,73832,-1,0
3693,-1,驭龙竞速,3,-1,0,0,73833,-1,0
3694,-1,驭龙竞速,3,-1,0,0,73834,-1,0
3695,-1,世界掉落,3,-1,0,0,73835,-1,0
3696,-1,世界掉落,3,-1,0,0,73836,-1,0
3697,-1,商人出售,3,-1,0,0,73837,-1,0
3698,-1,鼹鼠人名望,3,-1,0,0,73838,-1,0
3699,-1,驭龙竞速,3,-1,0,0,73839,-1,0
3700,-1,？？？,3,-1,0,0,73840,-1,0
3701,-1,海象人名望,3,-1,0,0,73841,-1,0
3702,-1,瓦德拉肯联军名望,3,-1,0,0,73842,-1,0
3703,-1,半人马名望,3,-1,0,0,73843,-1,0
3704,-1,龙鳞探险队名望,3,-1,0,0,73844,-1,0
3705,-1,？？？,3,-1,0,0,73845,-1,0
3706,-1,？？？,3,-1,0,0,73846,-1,0
3708,-1,世界掉落,3,-1,0,0,73849,-1,0
3709,-1,世界掉落,3,-1,0,0,73850,-1,0
3710,-1,？？？,3,-1,0,0,73851,-1,0
3711,-1,驭龙竞速,3,-1,0,0,73852,-1,0
3712,-1,驭龙竞速,3,-1,0,0,73853,-1,0
3713,-1,鼹鼠人名望,3,-1,0,0,73854,-1,0
3714,-1,世界掉落,3,-1,0,0,73855,-1,0
3715,-1,专业,3,-1,0,0,73856,-1,0
3716,-1,鼹鼠人名望,3,-1,0,0,73857,-1,0
3723,-1,,1,256,0,0,0,-1,0
3730,-1,世界掉落,3,-1,0,0,75743,-1,0
3731,-1,角斗士PvP等级（“巨龙时代”第2赛季）,3,-1,0,0,75941,-1,0
3732,-1,,3,-1,0,0,0,-1,0
3733,-1,亚贝鲁斯，焰影熔炉,3,-1,0,0,75967,-1,0
3734,-1,魔典：邪能小鬼,1,256,0,0,76369,-1,0
3735,-1,魔典：深渊魔,1,256,0,0,76370,-1,0
3737,-1,魔典：暗影魅魔,1,256,0,0,76372,-1,0
3738,-1,魔典：破坏魔,1,256,0,0,76373,-1,0
3739,-1,魔典：恐惧卫士,1,256,0,0,76374,-1,0
3740,-1,魔典：空灵领主,1,256,0,0,76375,-1,0
3741,-1,魔典：愤怒卫士,1,256,0,0,76376,-1,0
3742,-1,永夜大教堂,1,256,0,0,76377,-1,0
3747,-1,特雷斯坦·邪蹄,1,256,0,0,76737,-1,0
3748,-1,“燃烧的远征”时空漫游,1,256,0,0,76740,-1,0
3749,-1,燃烧军团时光裂隙,1,256,0,0,76741,-1,0
3750,-1,“军团再临”时空漫游,1,256,0,0,76742,-1,0
3751,-1,鬼母德雅拉,1,256,0,0,76743,-1,0
3752,-1,维尔,1,256,0,0,76744,-1,0
3753,-1,主母芙努娜,1,256,0,0,76745,-1,0
3754,-1,普希林,1,256,0,0,76746,-1,0
3755,-1,发现于暗月马戏团,1,256,0,0,76747,-1,0
4034,-1,半人马名望,3,-1,0,0,77128,-1,0
4035,-1,驭龙竞速,3,-1,0,0,77129,-1,0
4036,-1,世界掉落,3,-1,0,0,77130,-1,0
4037,-1,瓦德拉肯联军名望,3,-1,0,0,77131,-1,0
4038,-1,半人马名望,3,-1,0,0,77132,-1,0
4039,-1,世界掉落,3,-1,0,0,77133,-1,0
4040,-1,世界掉落,3,-1,0,0,77134,-1,0
4041,-1,世界掉落,3,-1,0,0,77135,-1,0
4042,-1,驭龙竞速,3,-1,0,0,77136,-1,0
4043,-1,世界掉落,3,-1,0,0,77137,-1,0
4044,-1,世界掉落,3,-1,0,0,77138,-1,0
4045,-1,驭龙竞速,3,-1,0,0,77139,-1,0
4046,-1,世界掉落,3,-1,0,0,77140,-1,0
4047,-1,鼹鼠人名望,3,-1,0,0,77141,-1,0
4048,-1,世界掉落,3,-1,0,0,77142,-1,0
4049,-1,世界掉落,3,-1,0,0,77143,-1,0
4050,-1,半人马名望,3,-1,0,0,77144,-1,0
4051,-1,世界掉落,3,-1,0,0,77145,-1,0
4052,-1,商栈,3,-1,0,0,77146,-1,0
4053,-1,商栈,3,-1,0,0,77147,-1,0
4054,-1,半人马名望,3,-1,0,0,77148,-1,0
4055,-1,驭龙竞速,3,-1,0,0,77149,-1,0
4056,-1,世界掉落,3,-1,0,0,77150,-1,0
4057,-1,永恒黎明地下城,3,-1,0,0,77199,-1,0
4058,-1,？？？,1,256,0,0,77182,-1,0
4059,-1,？？？,1,256,0,0,77183,-1,0
4060,-1,,1,256,0,0,77184,-1,0
4061,-1,萨格拉斯的恶犬,1,256,0,0,77180,-1,0
4062,-1,燃烧军团时光裂隙,1,256,0,0,77181,-1,0
4063,-1,,1,256,0,0,76369,-1,0
4064,-1,永恒黎明,3,-1,0,0,77255,-1,0
4065,-1,永恒黎明,3,-1,0,0,77257,-1,0
4066,-1,永恒黎明,3,-1,0,0,77259,-1,0
4067,-1,永恒黎明,3,-1,0,0,77258,-1,0
4068,-1,永恒黎明,3,-1,0,0,77256,-1,0
4070,-1,,3,-1,0,0,0,-1,0
4071,-1,,3,-1,0,0,0,-1,0
4072,-1,,3,-1,0,0,0,-1,0
4073,-1,,3,-1,0,0,0,-1,0
4076,-1,,3,-1,0,0,0,-1,0
4077,-1,,3,-1,0,0,0,-1,0
4078,-1,,3,-1,0,0,0,-1,0
4079,-1,,3,-1,0,0,0,-1,0
4080,-1,,3,-1,0,0,0,-1,0
4081,-1,职业任务,1,256,0,0,77285,-1,0
4084,-1,查看颜色,1,256,0,0,0,-1,0
4085,-1,,1,256,0,0,0,-1,0
4086,-1,查看颜色,1,256,0,0,0,-1,0
4087,-1,,1,256,0,0,0,-1,0
4088,-1,查看颜色,1,256,0,0,0,-1,0
4089,-1,,2,256,0,0,77184,-1,0
4090,-1,查看颜色,1,256,0,0,0,-1,0
4091,-1,,1,256,0,0,0,-1,0
4094,-1,,1,256,0,0,0,-1,0
4095,-1,查看颜色,1,256,0,0,0,-1,0
4096,-1,,1,256,0,0,0,-1,0
4098,-1,,1,256,0,0,0,-1,0
4099,-1,查看颜色,1,256,0,0,0,-1,0
4100,-1,查看颜色,1,256,0,0,0,-1,0
4101,-1,,1,256,0,0,0,-1,0
4102,-1,查看颜色,1,256,0,0,0,-1,0
4103,-1,,3,0,0,0,0,-1,0
4104,-1,,3,0,0,0,0,-1,0
4105,-1,无头骑士,3,-1,0,0,77725,-1,0
4106,-1,查看颜色,1,256,0,0,0,-1,0
4107,-1,科林·烈酒,3,-1,0,0,77774,-1,0
4108,-1,,3,-1,0,0,77837,-1,0
4109,1024,堕落者艾瑞达,3,16351,0,18938,0,-1,0
4110,-1,海盗日商人,3,-1,0,0,77875,-1,0
4111,-1,悼念日商人,3,-1,0,0,77876,-1,0
4112,1024,堕落者艾瑞达,3,0,0,18938,0,-1,0
4117,-1,,3,-1,0,0,0,-1,0
4120,8,,3,-1,0,0,0,-1,0
4121,-2147483648,,3,-1,0,0,0,-1,0
4122,1073741824,,3,-1,0,0,0,-1,0
4123,134217728,,3,-1,0,0,0,-1,0
4124,128,,3,-1,0,0,0,-1,0
4125,32,,3,-1,0,0,0,-1,0
4126,2097152,,3,-1,0,0,0,-1,0
4127,-1,,3,-1,0,0,0,-1,0
4128,-1,,3,-1,0,0,0,-1,0
4129,-1,,3,-1,0,0,0,-1,0
4130,-1,,3,-1,0,0,0,-1,0
4131,-1,,3,-1,0,0,0,-1,0
4133,-1,角斗士PvP等级（“巨龙时代”第3赛季）,3,-1,0,0,78216,-1,0
4138,-1,,3,-1,0,0,77837,-1,0
4139,-1,,3,-1,0,0,77837,-1,0
4140,-1,冬幕节,3,-1,0,0,78371,-1,0
4141,-1,瓦德拉肯联军名望,3,-1,0,0,78399,-1,0
4142,-1,梦境名望,3,-1,0,0,78400,-1,0
4143,-1,瓦德拉肯联军名望,3,-1,0,0,78401,-1,0
4144,-1,鼹鼠人名望,3,-1,0,0,78402,-1,0
4145,-1,梦境名望,3,-1,0,0,78403,-1,0
4146,-1,梦境名望,3,-1,0,0,78404,-1,0
4147,-1,梦境名望,3,-1,0,0,78405,-1,0
4148,-1,梦境名望,3,-1,0,0,78406,-1,0
4149,-1,梦境名望,3,-1,0,0,78407,-1,0
4150,-1,梦境名望,3,-1,0,0,78408,-1,0
4151,-1,世界掉落,3,-1,0,0,78409,-1,0
4152,-1,梦境名望,3,-1,0,0,78410,-1,0
4153,-1,阿梅达希尔，梦境之愿,3,-1,0,0,78451,-1,0
4154,-1,成就,3,-1,0,0,78453,-1,0
4155,-1,,3,-1,0,0,0,-1,0
4156,-1,,3,-1,0,0,0,-1,0
4157,-1,冬幕节,3,-1,0,0,78371,-1,0
4158,2147483648,,3,1024,0,0,0,-1,0
4159,8,,3,1024,0,0,0,-1,0
4160,32,,3,1024,0,0,0,-1,0
4161,128,,3,1024,0,0,0,-1,0
4162,2097152,,3,1024,0,0,0,-1,0
4163,134217728,,3,1024,0,0,0,-1,0
4164,1073741824,,3,1024,0,0,0,-1,0
4165,-1,,3,-7168,0,0,0,-1,0
4166,-1,,3,-7168,0,0,0,-1,0
4167,-1,,3,-7168,0,0,0,-1,0
4168,-1,,3,-7168,0,0,0,-1,0
4169,-1,,3,-7168,0,0,0,-1,0
4170,-1,幽爪熊的沉默印记,3,-7168,0,0,78519,-1,0
4171,-1,翡翠奖赏,3,-7168,0,0,78520,-1,0
4172,-1,莫沙·黯鬃,3,-7168,0,0,78481,-1,0
4173,-1,花粉灌注的鬃罴毛皮样本,3,-7168,0,0,78518,-1,0
4174,-1,迟钝者莫拉夫,3,-7168,0,0,78517,-1,0
4175,-1,休眠者奥罗斯托,3,-7168,0,0,78528,-1,0
4176,-1,？？？,3,-7168,0,0,78521,-1,0
4177,-1,梦刃豹的沉默印记,3,-7168,0,0,78507,-1,0
4178,-1,“锐眼”赛安,3,-7168,0,0,78503,-1,0
4179,-1,丁达尔·迅贤，烈焰预言者,3,-7168,0,0,78525,-1,0
4180,-1,塔索涅·灰语,3,-7168,0,0,78524,-1,0
4181,-1,铭文,3,-7168,0,0,78523,-1,0
4182,-1,梦麋的沉默印记,3,-7168,0,0,78522,-1,0
4183,-1,？？？,3,-7168,0,0,78516,-1,0
4184,-1,？？？,3,-7168,0,0,78448,-1,0
4186,-1,挚友之羽,3,-7168,0,0,78479,-1,0
4187,-1,阿努雷洛丝，烈焰启迪的缰绳,3,-7168,0,0,78527,-1,0
4188,-1,狂暴者里斯塔尔,3,-7168,0,0,78511,-1,0
4189,-1,翡翠奖赏,3,-7168,0,0,78512,-1,0
4190,-1,巢母姬瓦赫,3,-7168,0,0,78513,-1,0
4191,-1,翡翠奖赏,3,-7168,0,0,78514,-1,0
4192,-1,梦爪獍的沉默印记,3,-7168,0,0,78515,-1,0
4193,-1,任务解锁,3,-1,0,0,78878,-1,0
4223,8,,3,1024,0,0,0,-1,0
4224,8,哨兵印记,3,1024,0,14666,0,-1,0
4225,8,谦卑飞鸟印记,3,1024,0,14667,0,-1,0
4226,8,完成“别想夺走我的天空”,3,1024,0,11851,0,-1,0
4227,2097152,,3,1024,0,0,0,-1,0
4228,2097152,哨兵印记,3,1024,0,14666,0,-1,0
4229,2097152,谦卑飞鸟印记,3,1024,0,14667,0,-1,0
4230,-2145386496,完成“别想夺走我的天空”,3,1024,0,11851,0,-1,0
4231,-2013265888,哨兵印记,3,1024,0,14666,0,-1,0
4232,1073741952,哨兵印记,3,1024,0,14666,0,-1,0
4233,32,谦卑飞鸟印记,3,1024,0,14667,0,-1,0
4234,134217728,,3,1024,0,0,0,-1,0
4235,-2147483648,谦卑飞鸟印记,3,1024,0,14667,0,-1,0
4236,128,谦卑飞鸟印记,3,1024,0,14667,0,-1,0
4237,1073741824,谦卑飞鸟印记,3,1024,0,14667,0,-1,0
4238,134217760,完成“别想夺走我的天空”,3,1024,0,11851,0,-1,0
4239,1073741952,完成“别想夺走我的天空”,3,1024,0,11851,0,-1,0
4240,32,,3,1024,0,0,0,-1,0
4241,-2147483648,,3,1024,0,0,0,-1,0
4242,128,,3,1024,0,0,0,-1,0
4243,1073741824,,3,1024,0,0,0,-1,0
4244,-937426776,烁光炽蓝蛾印记,3,1024,0,15228,0,-1,0
4245,-937426776,丰收女巫塞莱斯廷,3,1024,0,15230,0,-1,0
4246,-937426776,暗翼渡鸦印记,3,1024,0,15235,0,-1,0
4247,-937426776,庄严恐惧蝠印记,3,1024,0,15236,0,-1,0
4248,-937426776,黯行恐惧蝠印记,3,1024,0,15231,0,-1,0
4249,-937426776,玄黑炽蓝蛾印记,3,1024,0,15238,0,-1,0
4250,-1,,0,-1,0,0,0,-1,0
4252,136315048,,3,1024,0,0,0,-1,0
4253,-937426776,虎鲸印记,3,1024,0,14654,0,-1,0
4254,-937426776,海豚印记,3,1024,0,14653,0,-1,0
4255,-937426776,跃潮者印记,3,1024,0,14655,0,-1,0
4256,1073741824,,3,1024,0,0,0,-1,0
4257,1073741824,,3,1024,0,0,0,-1,0
4258,1073741824,,3,1024,0,0,0,-1,0
4259,1073741824,,3,1024,0,0,0,-1,0
4260,-2147483648,,3,1024,0,0,0,-1,0
4261,-2147483648,,3,1024,0,0,0,-1,0
4262,-2147483648,,3,1024,0,0,0,-1,0
4263,-2147483648,,3,1024,0,0,0,-1,0
4264,-1,,3,2080,0,0,0,-1,0
4265,-1,,3,32,0,0,0,-1,0
4267,2097160,,3,1024,0,0,0,-1,0
4268,-937426776,猎豹印记,3,1024,0,14664,0,-1,0
4269,-937426776,母鹿印记,3,1024,0,14665,0,-1,0
4270,160,,3,1024,0,0,0,-1,0
4271,-2147483648,,3,1024,0,0,0,-1,0
4272,-2147483648,,3,1024,0,0,0,-1,0
4273,-2147483648,,3,1024,0,0,0,-1,0
4274,-2147483648,,3,1024,0,0,0,-1,0
4275,134217728,,3,1024,0,0,0,-1,0
4276,1073741824,,3,1024,0,0,0,-1,0
4277,-937426776,暮光符文牡鹿印记,3,1024,0,15227,0,-1,0
4278,-937426776,午夜符文牡鹿印记,3,1024,0,15237,0,-1,0
4279,-1,丁达尔·迅贤，烈焰预言者,3,-7168,0,0,78525,-1,0
4280,-1,,2,-7168,0,0,78955,-1,0
4281,-1,丁达尔·迅贤，烈焰预言者,3,-7168,0,0,78525,-1,0
4283,8,,3,1024,0,0,0,-1,0
4284,8,,3,1024,0,0,0,-1,0
4285,8,,3,1024,0,0,0,-1,0
4286,8,,3,1024,0,0,0,-1,0
4287,8,,3,1024,0,0,0,-1,0
4288,8,完成“梦魇来袭”,3,1024,0,0,0,-1,76335
4289,-937426776,找回各个创世之柱并完成“梦魇来袭”,3,1024,0,0,0,-1,76336
4290,-937426776,完成“圣光的代价”和“梦魇来袭”,3,1024,0,0,0,-1,76337
4291,-937426776,完成你的职业大厅战役的第一章和“梦魇来袭”,3,1024,0,0,0,-1,76338
4292,2097152,,3,1024,0,0,0,-1,0
4293,2097152,,3,1024,0,0,0,-1,0
4294,2097152,,3,1024,0,0,0,-1,0
4295,2097152,,3,1024,0,0,0,-1,0
4296,2097152,,3,1024,0,0,0,-1,0
4297,32,,3,1024,0,0,0,-1,0
4298,32,,3,1024,0,0,0,-1,0
4299,32,,3,1024,0,0,0,-1,0
4300,32,,3,1024,0,0,0,-1,0
4301,32,,3,1024,0,0,0,-1,0
4302,128,,3,1024,0,0,0,-1,0
4303,128,,3,1024,0,0,0,-1,0
4304,128,,3,1024,0,0,0,-1,0
4305,128,,3,1024,0,0,0,-1,0
4306,128,,3,1024,0,0,0,-1,0
4307,134217728,,3,1024,0,0,0,-1,0
4308,134217728,,3,1024,0,0,0,-1,0
4309,134217728,,3,1024,0,0,0,-1,0
4310,134217728,,3,1024,0,0,0,-1,0
4311,-2147483648,,3,1024,0,0,0,-1,0
4312,-2147483648,,3,1024,0,0,0,-1,0
4313,-2147483648,,3,1024,0,0,0,-1,0
4314,-2147483648,,3,1024,0,0,0,-1,0
4315,1073741824,,3,1024,0,0,0,-1,0
4316,1073741824,,3,1024,0,0,0,-1,0
4317,1073741824,,3,1024,0,0,0,-1,0
4318,1073741824,,3,1024,0,0,0,-1,0
4319,-937426776,完成你的职业大厅战役,3,1024,0,0,0,-1,96471
4320,-937426776,完成你的职业大厅战役,3,1024,0,0,0,-1,96470
4321,-937426776,完成你的职业大厅战役,3,1024,0,0,0,-1,96472
4322,-937426776,完成“此面向上”成就和你的职业大厅战役,3,1024,0,0,0,-1,96473
4323,-937426776,完成“怪兽出笼”成就和“能量的平衡”,3,1024,0,0,0,-1,96475
4324,-937426776,能量的平衡,3,1024,0,0,0,-1,96474
4325,-937426776,完成“钥石大师”成就和“能量的平衡”,3,1024,0,0,0,-1,96476
4326,-937426776,完成“军团英雄的荣耀”成就和“能量的平衡”,3,1024,0,0,0,-1,96477
4327,-937426776,荣誉等级达到10级,3,1024,0,0,0,-1,96478
4328,-937426776,荣誉等级达到30级,3,1024,0,0,0,-1,96479
4329,-937426776,荣誉等级达到50级,3,1024,0,0,0,-1,96480
4330,-937426776,荣誉等级达到80级,3,1024,0,0,0,-1,96481
4331,-937426776,解锁林地守护者（棕色）后完成30个“军团再临”地下城,3,1024,0,0,0,-1,96487
4332,-937426776,？？？,3,1024,0,0,0,-1,96486
4333,-937426776,解锁林地守护者（棕色）后完成200个世界任务,3,1024,0,0,0,-1,96488
4334,-937426776,解锁林地守护者（棕色）后获得1000次荣誉消灭,3,1024,0,0,0,-1,96489
4335,-937426776,,3,1024,0,0,0,-1,96482
4336,-937426776,,3,1024,0,0,0,-1,96483
4337,-937426776,,3,1024,0,0,0,-1,96484
4338,-937426776,,3,1024,0,0,0,-1,96485
4339,134217760,,3,1024,0,0,0,-1,76335
4340,1073741952,,3,1024,0,0,0,-1,76335
4341,-2145386496,,3,1024,0,0,0,-1,76335
4342,-937426776,守护德鲁伊法师塔,3,1024,0,15312,0,-1,0
4344,8,,3,1024,0,0,0,-1,0
4345,8,,3,1024,0,0,0,-1,0
4346,8,,3,1024,0,0,0,-1,0
4347,8,,3,1024,0,0,0,-1,0
4348,8,,3,1024,0,0,0,-1,0
4349,2097152,,3,1024,0,0,0,-1,0
4350,2097152,,3,1024,0,0,0,-1,0
4351,2097152,,3,1024,0,0,0,-1,0
4352,2097152,,3,1024,0,0,0,-1,0
4353,2097152,,3,1024,0,0,0,-1,0
4354,32,,3,1024,0,0,0,-1,0
4355,32,,3,1024,0,0,0,-1,0
4356,32,,3,1024,0,0,0,-1,0
4357,32,,3,1024,0,0,0,-1,0
4358,32,,3,1024,0,0,0,-1,0
4359,128,,3,1024,0,0,0,-1,0
4360,128,,3,1024,0,0,0,-1,0
4361,128,,3,1024,0,0,0,-1,0
4362,128,,3,1024,0,0,0,-1,0
4363,128,,3,1024,0,0,0,-1,0
4364,134217728,,3,1024,0,0,0,-1,0
4365,134217728,,3,1024,0,0,0,-1,0
4366,134217728,,3,1024,0,0,0,-1,0
4367,134217728,,3,1024,0,0,0,-1,0
4368,1073741824,,3,1024,0,0,0,-1,0
4369,1073741824,,3,1024,0,0,0,-1,0
4370,1073741824,,3,1024,0,0,0,-1,0
4371,1073741824,,3,1024,0,0,0,-1,0
4372,-2147483648,,3,1024,0,0,0,-1,0
4373,-2147483648,,3,1024,0,0,0,-1,0
4374,-2147483648,,3,1024,0,0,0,-1,0
4375,-2147483648,,3,1024,0,0,0,-1,0
4376,8,完成“阿莎曼之牙”,3,1024,0,0,0,-1,76524
4377,-937426776,完成“圣光的代价”和“阿莎曼之牙”,3,1024,0,0,0,-1,77022
4378,-937426776,找回各个创世之柱并完成“阿莎曼之牙”,3,1024,0,0,0,-1,77023
4379,-937426776,完成你的职业大厅战役的第一章和“阿莎曼之牙”,3,1024,0,0,0,-1,77024
4380,-937426776,完成你的职业大厅战役,3,1024,0,0,0,-1,96450
4381,-937426776,完成你的职业大厅战役,3,1024,0,0,0,-1,96451
4382,-937426776,完成你的职业大厅战役,3,1024,0,0,0,-1,96452
4383,-937426776,完成“此面向上”成就和你的职业大厅战役,3,1024,0,0,0,-1,96453
4384,-937426776,能量的平衡,3,1024,0,0,0,-1,96454
4385,-937426776,完成“怪兽出笼”成就和“能量的平衡”,3,1024,0,0,0,-1,96455
4386,-937426776,完成“钥石大师”成就和“能量的平衡”,3,1024,0,0,0,-1,96456
4387,-937426776,完成“军团英雄的荣耀”成就和“能量的平衡”,3,1024,0,0,0,-1,96457
4388,-937426776,荣誉等级达到10级,3,1024,0,0,0,-1,96458
4389,-937426776,荣誉等级达到30级,3,1024,0,0,0,-1,96459
4390,-937426776,荣誉等级达到50级,3,1024,0,0,0,-1,96460
4391,-937426776,荣誉等级达到80级,3,1024,0,0,0,-1,96461
4392,-937426776,,3,1024,0,0,0,-1,96462
4393,-937426776,,3,1024,0,0,0,-1,96463
4394,-937426776,,3,1024,0,0,0,-1,96464
4395,-937426776,,3,1024,0,0,0,-1,96465
4396,-937426776,？？？,3,1024,0,0,0,-1,96466
4397,-937426776,解锁月魂（棕色）后完成30个“军团再临”地下城,3,1024,0,0,0,-1,96467
4398,-937426776,解锁月魂（棕色）后完成200个世界任务,3,1024,0,0,0,-1,96468
4399,-937426776,解锁月魂（棕色）后获得1000次荣誉消灭,3,1024,0,0,0,-1,96469
4400,-937426776,,3,1024,0,19451,0,-1,0
4401,1073741952,,3,1024,0,0,0,-1,76524
4402,134217760,,3,1024,0,0,0,-1,76524
4403,-2145386496,,3,1024,0,0,0,-1,76524
4404,-1,,3,-7168,0,0,0,-1,0
4405,-1,,3,-7168,0,0,0,-1,0
4406,-1,药剂师汉摩尔,3,-1,0,0,79088,-1,0
4407,-1,查看颜色,1,256,0,0,0,-1,0
4408,-1,查看颜色,1,256,0,0,0,-1,0
4409,-1,查看颜色,1,256,0,0,0,-1,0
4410,-1,查看颜色,1,256,0,0,0,-1,0
4411,-1,春节商人,3,-1,0,0,79112,-1,0
4412,-1,？？？,1,256,0,0,79359,-1,0
4413,-1,魔典：血狂暴君,1,256,0,0,79374,-1,0
4414,-1,商人出售：琪琪·兆空,1,256,0,0,79376,-1,0
4415,-1,魔典：恶毒暴君,1,256,0,0,79373,-1,0
4416,-1,魔典：邪蛮暴君,1,256,0,0,79375,-1,0
4417,-1,魔典：受诅眼魔,1,256,0,0,79443,-1,0
4418,-1,魔典：狂热眼魔,1,256,0,0,79444,-1,0
4419,-1,魔典：噬法眼魔,1,256,0,0,79446,-1,0
4420,-1,魔典：染疫眼魔,1,256,0,0,79449,-1,0
4421,-1,魔典：呢喃眼魔,1,256,0,0,79450,-1,0
4422,-1,魔典：凶暴眼魔,1,256,0,0,79447,-1,0
4423,-1,魔典：深渊黑眼,1,256,0,0,79457,-1,0
4424,-1,魔典：克索诺斯黑眼,1,256,0,0,79455,-1,0
4425,-1,魔典：塑隙黑眼,1,256,0,0,79458,-1,0
4426,-1,魔典：艾瑞达斯黑眼,1,256,0,0,79456,-1,0
4473,-1,任务奖励,3,-1,0,0,79690,-1,0
4474,-1,角斗士PvP等级（“巨龙时代”第4赛季）,3,-1,0,0,80014,-1,0
4475,-1,,2,0,0,0,0,-1,0
4476,-1,,2,0,0,0,0,-1,0
4477,-1,,3,32,0,0,0,-1,0
4478,-1,,3,32,0,0,0,-1,0
4479,-1,,3,-1,0,0,82117,-1,0
4480,-1,多恩诺嘉尔的雷诺·杰克逊,3,-1,0,0,82187,-1,0
4481,-1,,3,-1,0,0,0,-1,0
4482,-1,,3,-1,0,0,82189,-1,0
4483,-1,多恩诺嘉尔的芬利·莫格顿爵士,3,-1,0,0,82190,-1,0
4484,-1,多恩诺嘉尔的芬利·莫格顿爵士,3,-1,0,0,82191,-1,0
4485,-1,,3,-1,0,0,0,-1,0
4486,-1,,3,-1,0,0,82166,-1,0
4487,-1,多恩诺嘉尔的芬利·莫格顿爵士,3,-1,0,0,82167,-1,0
4488,-1,多恩诺嘉尔的芬利·莫格顿爵士,3,-1,0,0,82168,-1,0
4489,-1,,3,-1,0,0,82169,-1,0
4490,-1,多恩诺嘉尔的雷诺·杰克逊,3,-1,0,0,82170,-1,0
4491,-1,多恩诺嘉尔的芬利·莫格顿爵士,3,-1,0,0,82171,-1,0
4492,-1,,3,-1,0,0,0,-1,0
4493,-1,多恩诺嘉尔的芬利·莫格顿爵士,3,-1,0,0,82173,-1,0
4494,-1,,3,-1,0,0,82174,-1,0
4495,-1,,3,-1,0,0,82175,-1,0
4496,-1,多恩诺嘉尔的雷诺·杰克逊,3,-1,0,0,82176,-1,0
4497,-1,第1赛季地下堡,3,-1,0,0,82177,-1,0
4498,-1,多恩诺嘉尔的芬利·莫格顿爵士,3,-1,0,0,0,-1,0
4499,-1,多恩诺嘉尔的雷诺·杰克逊,3,-1,0,0,82179,-1,0
4500,-1,多恩诺嘉尔的芬利·莫格顿爵士,3,-1,0,0,82180,-1,0
4501,-1,多恩诺嘉尔的芬利·莫格顿爵士,3,-1,0,0,82181,-1,0
4502,-1,多恩诺嘉尔的芬利·莫格顿爵士,3,-1,0,0,82182,-1,0
4503,-1,多恩诺嘉尔的芬利·莫格顿爵士,3,-1,0,0,82183,-1,0
4504,-1,,3,-1,0,0,0,-1,0
4505,-1,多恩诺嘉尔的雷诺·杰克逊,3,-1,0,0,82185,-1,0
4506,-1,,3,-1,0,0,82186,-1,0
4507,-1,,3,-1,0,0,82192,-1,0
4508,-1,,3,-1,0,0,82193,-1,0
4509,-1,,3,-1,0,0,82194,-1,0
4542,-1,仲夏火焰节,3,-1,0,0,82741,-1,0
4544,-1,仲夏火焰节,3,-1,0,0,82741,-1,0
4545,-1,,3,-1,0,0,83135,-1,0
4546,-1,,3,-1,0,0,0,-1,0
4547,-1,首领掉落：难度 11的泽克维尔的巢穴的泽克维尔,3,-1,0,0,83308,-1,0
4548,-1,,3,-1,0,0,0,-1,0
4549,-1,,3,-1,0,0,0,-1,0
4555,-1,多恩诺嘉尔的雷诺·杰克逊,3,-1,0,0,85175,-1,0
4557,-1,多恩诺嘉尔的雷诺·杰克逊,3,-1,0,0,85177,-1,0
4559,-1,多恩诺嘉尔的雷诺·杰克逊,3,-1,0,0,85179,-1,0
4561,-1,多恩诺嘉尔的雷诺·杰克逊,3,-1,0,0,85181,-1,0
4563,-1,多恩诺嘉尔的雷诺·杰克逊,3,-1,0,0,85183,-1,0
4564,-1,成就：前有单挑：幽坑太保,3,-1,0,0,86296,-1,0
4565,-1,,3,-1,0,0,0,-1,0
4568,-1,圣焰之耀的拉尔斯·布伦迈特,3,-1,0,0,86198,-1,0
4569,-1,[DNT] Airship - Nightfall - Decal - Source TBD,3,-1,0,0,86199,-1,0
4572,-1,,3,-1,16,0,0,-1,0
4574,-1,,3,-8192,16,0,0,-1,0
