ID,ReqSource_lang,ReqType,ClassMask,RegionGroupMask,ReqAchievementID,ReqQuestID,OverrideArchive,ReqItemModifiedAppearanceID,RaceMasks[0],RaceMasks[1]
10,,4,0,0,0,0,-1,0,-1,-1
12,,2,0,0,0,0,-1,0,-1,-1
35,,3,-1,0,0,0,-1,0,-1,-1
36,,3,-1,0,0,0,-1,0,-1,-1
37,,3,-1,0,0,0,-1,0,-1,-1
41,,3,-1,0,0,0,-1,0,-1,-1
42,,3,-1,0,0,0,-1,0,-1,-1
43,,3,-1,0,0,0,-1,0,-1,-1
53,,3,32,0,0,0,-1,0,-1,-1
55,,3,-1,0,0,0,0,0,-1,-1
58,,3,-1,0,0,0,-1,0,-1,-1
59,,3,-1,0,0,0,-1,0,-1,-1
61,,3,-1,0,0,0,0,0,-1,-1
62,,3,-1,0,0,0,-1,0,-1,-1
63,,3,-1,0,0,0,-1,0,-1,-1
64,,3,-1,0,0,0,-1,0,-1,-1
65,,3,-1,0,0,0,-1,0,-1,-1
66,,3,-1,0,0,0,0,0,-1,-1
75,,3,-7168,0,0,0,-1,76335,-1,-1
76,,3,-7168,0,0,0,-1,76336,-1,-1
77,,3,-7168,0,0,0,-1,76337,-1,-1
78,,3,-7168,0,0,0,-1,76338,-1,-1
80,,3,32,0,0,0,-1,0,-1,-1
89,,3,32,0,0,0,-1,0,-1,-1
91,,3,32,0,0,0,-1,0,-1,-1
93,,3,32,0,0,0,-1,0,-1,-1
95,,3,32,0,0,0,-1,0,-1,-1
97,,3,32,0,0,0,-1,0,-1,-1
103,,3,32,0,0,0,-1,0,-1,-1
105,,3,32,0,0,0,-1,0,-1,-1
109,,3,32,0,0,0,-1,0,-1,-1
115,,3,32,0,0,0,-1,0,-1,-1
117,,3,32,0,0,0,-1,0,-1,-1
119,,3,32,0,0,0,-1,0,-1,-1
121,,3,32,0,0,0,-1,0,-1,-1
123,,3,32,0,0,0,-1,0,-1,-1
126,,3,32,0,0,0,-1,0,-1,-1
128,,3,32,0,0,0,-1,0,-1,-1
130,,3,32,0,0,0,-1,0,-1,-1
132,,3,32,0,0,0,-1,0,-1,-1
134,,3,32,0,0,0,-1,0,-1,-1
136,,3,32,0,0,0,-1,0,-1,-1
137,,3,-1,0,0,0,-1,0,-1,-1
138,,3,-1,0,13251,0,-1,0,-1,-1
141,,3,-1,0,0,0,-1,0,-1,-1
142,,3,32,0,0,0,-1,0,-1,-1
143,,3,2048,0,0,0,-1,0,-1,-1
144,,3,30687,0,0,0,-1,0,-1,-1
145,,3,30719,0,0,0,-1,0,-1,-1
146,,3,32735,0,0,0,-1,0,-1,-1
147,,3,1024,0,0,0,-1,0,-1,-1
148,,3,31743,0,0,0,-1,0,-1,-1
159,,3,-1,0,0,0,-1,0,-1,-1
160,,3,-1,0,0,0,-1,0,-1,-1
161,,3,-1,0,0,0,-1,0,-1,-1
163,,3,-1,0,0,0,-1,0,-1,-1
164,,3,-1,0,0,0,-1,0,-1,-1
165,,3,-1,0,0,0,-1,0,-1,-1
169,,3,-1,0,0,0,-1,0,-1,-1
170,,3,2048,0,0,0,-1,0,-1,-1
171,,3,-1,0,0,0,-1,0,-1,-1
172,,3,2048,0,0,0,-1,0,-1,-1
173,,3,-1,0,0,0,-1,0,-1,-1
174,,3,-1,0,0,0,-1,0,-1,-1
175,,3,-8160,0,0,0,-1,0,-1,-1
176,,3,-2081,0,0,0,-1,0,-1,-1
177,,3,-2081,0,0,0,-1,0,-1,-1
178,,3,-2081,0,0,0,-1,0,-1,-1
179,,3,-2081,0,0,0,-1,0,-1,-1
180,,3,-1,0,0,0,-1,0,-1,-1
181,,3,-1,0,0,0,-1,0,-1,-1
182,,3,-1,0,0,0,-1,0,-1,-1
183,,3,-1,0,0,0,-1,0,-1,-1
184,,3,-1,0,0,0,-1,0,-1,-1
185,,3,-1,0,0,0,-1,0,-1,-1
186,,3,-1,0,0,0,-1,0,-1,-1
187,,3,-1,0,0,0,-1,0,-1,-1
188,,3,-1,0,0,0,-1,0,-1,-1
189,,3,-2049,0,13251,0,-1,0,-1,-1
190,,3,32,0,0,0,-1,0,-1,-1
191,,3,32,0,0,0,-1,0,-1,-1
192,,3,-1,0,0,0,-1,0,-1,-1
193,,3,-1,0,0,0,-1,0,-1,-1
194,,3,-1,0,0,0,-1,0,-1,-1
195,,3,-1,0,0,0,-1,0,-1,-1
196,,3,-1,0,0,0,-1,0,-1,-1
197,,3,-1,0,0,0,-1,0,-1,-1
198,,3,-1,0,0,0,-1,0,-1,-1
199,,3,-1,0,0,0,-1,0,-1,-1
200,,3,-1,0,0,0,-1,0,-1,-1
201,,3,-1,0,0,0,-1,0,-1,-1
203,,3,-1,0,0,0,-1,0,-1,-1
204,,3,-1,0,0,0,-1,0,-1,-1
205,,3,-1,0,0,0,-1,0,-1,-1
206,,3,-1,0,0,0,-1,0,-1,-1
207,,3,-1,0,0,0,-1,0,-1,-1
208,,3,-1,0,0,0,-1,0,-1,-1
209,,3,-1,0,0,0,-1,0,-1,-1
212,,3,32,0,0,0,-1,0,-1,-1
213,,3,32,0,0,0,-1,0,-1,-1
218,,3,32,0,0,0,-1,0,-1,-1
225,,3,-1,0,0,0,-1,0,-1,-1
226,,3,-1,0,0,0,-1,0,-1,-1
227,,3,-1,0,0,0,-1,0,-1,-1
228,,3,2048,0,0,0,-1,0,-1,-1
229,,3,-1,0,0,0,-1,0,-1,-1
230,,3,2048,0,0,0,-1,0,-1,-1
234,,3,32,0,0,0,-1,0,-1,-1
235,,3,32,0,0,0,-1,0,-1,-1
236,,3,-1,0,0,0,-1,0,-1,-1
237,,3,-1,0,0,0,-1,0,-1,-1
238,,3,-7168,0,0,0,-1,96470,-1,-1
239,,3,-7168,0,0,0,-1,96471,-1,-1
240,,3,-7168,0,0,0,-1,96472,-1,-1
241,,3,-7168,0,0,0,-1,96473,-1,-1
242,,3,-7168,0,0,0,-1,96474,-1,-1
243,,3,-7168,0,0,0,-1,96475,-1,-1
244,,3,-7168,0,0,0,-1,96476,-1,-1
245,,3,-7168,0,0,0,-1,96477,-1,-1
246,,3,-7168,0,0,0,-1,96478,-1,-1
247,,3,-7168,0,0,0,-1,96479,-1,-1
248,,3,-7168,0,0,0,-1,96480,-1,-1
249,,3,-7168,0,0,0,-1,96481,-1,-1
250,,3,-7168,0,0,0,-1,96482,-1,-1
251,,3,-7168,0,0,0,-1,96483,-1,-1
252,,3,-7168,0,0,0,-1,96484,-1,-1
253,,3,-7168,0,0,0,-1,96485,-1,-1
254,,3,-7168,0,0,0,-1,96486,-1,-1
255,,3,-7168,0,0,0,-1,96487,-1,-1
256,,3,-7168,0,0,0,-1,96488,-1,-1
257,,3,-7168,0,0,0,-1,96489,-1,-1
258,,3,-7168,0,0,0,-1,76524,-1,-1
259,,3,-7168,0,0,0,-1,77022,-1,-1
260,,3,-7168,0,0,0,-1,77023,-1,-1
261,,3,-7168,0,0,0,-1,77024,-1,-1
262,,3,-7168,0,0,0,-1,96450,-1,-1
263,,3,-7168,0,0,0,-1,96451,-1,-1
264,,3,-7168,0,0,0,-1,96452,-1,-1
265,,3,-7168,0,0,0,-1,96453,-1,-1
266,,3,-7168,0,0,0,-1,96454,-1,-1
267,,3,-7168,0,0,0,-1,96455,-1,-1
268,,3,-7168,0,0,0,-1,96456,-1,-1
269,,3,-7168,0,0,0,-1,96457,-1,-1
270,,3,-7168,0,0,0,-1,96458,-1,-1
271,,3,-7168,0,0,0,-1,96459,-1,-1
272,,3,-7168,0,0,0,-1,96460,-1,-1
273,,3,-7168,0,0,0,-1,96461,-1,-1
274,,3,-7168,0,0,0,-1,96462,-1,-1
275,,3,-7168,0,0,0,-1,96463,-1,-1
276,,3,-7168,0,0,0,-1,96464,-1,-1
277,,3,-7168,0,0,0,-1,96465,-1,-1
278,,3,-7168,0,0,0,-1,96466,-1,-1
279,,3,-7168,0,0,0,-1,96467,-1,-1
280,,3,-7168,0,0,0,-1,96468,-1,-1
281,,3,-7168,0,0,0,-1,96469,-1,-1
282,,1,-31744,0,0,0,-1,35599,-1,-1
283,,1,-31744,0,0,0,-1,36694,-1,-1
284,,1,-31744,0,0,0,-1,106184,-1,-1
291,,3,-1,0,0,0,-1,0,-1,-1
295,,3,-1,0,0,0,-1,0,-1,-1
296,,3,-1,0,0,0,-1,0,-1,-1
306,,1,1024,0,14653,0,-1,0,-1,-1
307,,1,1024,0,14654,0,-1,0,-1,-1
308,,1,1024,0,14655,0,-1,0,-1,-1
309,,1,1024,0,14664,0,-1,0,-1,-1
310,,1,1024,0,14665,0,-1,0,-1,-1
311,,1,1024,0,14666,0,-1,0,-1,-1
312,,1,1024,0,14667,0,-1,0,-1,-1
313,,3,-1,0,0,0,-1,0,-1,-1
314,,3,-1,0,0,0,-1,0,-1,-1
316,,3,-1,0,0,0,-1,0,-1,-1
317,,3,-1,0,0,0,-1,0,-1,-1
318,,3,-1,0,0,0,-1,0,-1,-1
319,,3,32,0,0,0,-1,0,-1,-1
320,,3,-1,0,0,0,-1,0,-1,-1
321,,3,-1,0,0,0,-1,0,-1,-1
322,,3,0,0,0,0,-1,0,-1,-1
323,,3,-1,0,0,0,-1,0,-1,-1
324,,3,-1,0,0,0,-1,0,-1,-1
325,,3,-1,0,0,0,-1,0,-1,-1
326,,3,-1,0,0,0,-1,0,-1,-1
331,,1,1024,0,11851,0,-1,0,-1,-1
332,,3,-8160,0,0,0,-1,0,-1,-1
333,,3,-1,0,0,0,-1,0,-1,-1
334,,3,-1,0,0,0,-1,0,-1,-1
337,,3,-6112,0,0,0,-1,0,-1,-1
361,,1,1024,0,15227,0,-1,0,-1,-1
362,,1,1024,0,15228,0,-1,0,-1,-1
365,,1,256,0,0,0,-1,0,-1,-1
367,,3,-1,0,0,0,-1,0,-1,-1
369,,3,-1,0,0,0,-1,0,-1,-1
370,,3,-1,0,0,0,-1,0,-1,-1
373,,3,-1,0,0,0,-1,0,-1,-1
374,,3,-1,0,0,0,-1,0,-1,-1
375,,3,-1,0,0,0,-1,0,-1,-1
376,,3,-1,0,0,0,-1,0,-1,-1
377,,3,-1,0,0,0,-1,0,-1,-1
378,,3,-1,0,0,0,-1,0,-1,-1
379,,3,-1,0,0,0,-1,0,-1,-1
380,,3,-1,0,0,0,-1,0,-1,-1
382,,1,1024,0,15230,0,-1,0,-1,-1
383,,1,1024,0,15235,0,-1,0,-1,-1
384,,1,1024,0,15236,0,-1,0,-1,-1
385,,1,1024,0,15231,0,-1,0,-1,-1
386,,1,1024,0,15237,0,-1,0,-1,-1
387,,1,1024,0,15238,0,-1,0,-1,-1
400,,3,-1,0,0,0,-1,0,-1,-1
401,,3,-1,0,0,0,-1,0,-1,-1
402,,3,-1,0,0,0,-1,0,-1,-1
403,,3,-1,0,0,0,-1,0,-1,-1
404,,3,-1,0,0,0,-1,0,-1,-1
405,,3,-1,0,0,0,-1,0,-1,-1
406,,3,-1,0,0,0,-1,0,-1,-1
407,,3,-1,0,0,0,-1,0,-1,-1
410,,3,-1,0,0,0,-1,0,-1,-1
411,,3,-1,0,0,0,-1,0,-1,-1
413,,3,-1,0,0,0,-1,0,-1,-1
414,,3,-1,0,0,0,-1,0,-1,-1
415,,3,-1,0,0,0,-1,0,-1,-1
422,,3,-1,0,0,0,-1,0,-1,-1
423,,3,-7168,0,15312,0,-1,0,-1,-1
424,,3,-1,0,0,0,-1,0,-1,-1
425,,3,-1,0,0,0,-1,0,-1,-1
426,,3,-1,0,0,0,-1,0,-1,-1
427,,3,-1,0,0,0,-1,0,-1,-1
428,,3,-1,0,0,0,-1,0,-1,-1
429,,3,-1,0,0,0,-1,0,-1,-1
430,,3,-1,0,0,0,-1,0,-1,-1
431,,3,-1,0,0,0,-1,0,-1,-1
432,,3,-1,0,0,0,-1,0,-1,-1
433,,3,-1,0,0,0,-1,0,-1,-1
434,,3,-1,0,0,0,-1,0,-1,-1
435,,3,-1,0,0,0,-1,0,-1,-1
436,,3,-1,0,0,0,-1,0,-1,-1
437,,3,-1,0,0,0,-1,0,-1,-1
438,,3,-1,0,0,0,-1,0,-1,-1
439,,3,-1,0,0,0,-1,0,-1,-1
440,,3,-1,0,0,0,-1,0,-1,-1
441,,3,-1,0,0,0,-1,0,-1,-1
442,,3,-1,0,0,0,-1,0,-1,-1
443,,3,-1,0,0,0,-1,0,-1,-1
444,,3,-1,0,0,0,-1,0,-1,-1
445,,3,-1,0,0,0,-1,0,-1,-1
446,,3,-1,0,0,0,-1,0,-1,-1
447,,3,-1,0,0,0,-1,0,-1,-1
448,,3,-1,0,0,0,-1,0,-1,-1
449,,3,-1,0,0,0,-1,0,-1,-1
450,,3,-1,0,0,0,-1,0,-1,-1
451,,3,-1,0,0,0,-1,0,-1,-1
452,,3,-1,0,0,0,-1,0,-1,-1
453,,3,-1,0,0,0,-1,0,-1,-1
454,,3,-1,0,0,0,-1,0,-1,-1
455,,3,-1,0,0,0,-1,0,-1,-1
456,,3,-1,0,0,0,-1,0,-1,-1
457,,3,-1,0,0,0,-1,0,-1,-1
458,,3,-1,0,0,0,-1,0,-1,-1
459,,3,-1,0,0,0,-1,0,-1,-1
460,,3,-1,0,0,0,-1,0,-1,-1
461,,3,-1,0,0,0,-1,0,-1,-1
462,,3,-1,0,0,0,-1,0,-1,-1
463,,3,-1,0,0,0,-1,0,-1,-1
464,,3,-1,0,0,0,-1,0,-1,-1
465,,3,-1,0,0,0,-1,0,-1,-1
466,,3,-1,0,0,0,-1,0,-1,-1
467,,3,-1,0,0,0,-1,0,-1,-1
468,,3,-1,0,0,0,-1,0,-1,-1
469,,3,-1,0,0,0,-1,0,-1,-1
470,,3,-1,0,0,0,-1,0,-1,-1
472,,3,-1,0,0,0,-1,0,-1,-1
473,,3,-1,0,0,0,-1,0,-1,-1
640,,3,30687,0,15579,0,-1,0,-1,-1
641,,3,30687,0,15579,0,-1,0,-1,-1
642,,3,30687,0,0,0,-1,0,-1,-1
643,,3,30687,0,0,0,-1,0,-1,-1
644,,3,32,0,0,0,-1,0,-1,-1
645,,3,32,0,0,0,-1,0,-1,-1
646,,3,30687,0,15579,0,-1,0,-1,-1
647,,3,2048,0,0,0,-1,0,-1,-1
648,,3,30687,0,0,0,-1,0,-1,-1
649,,3,32,0,0,0,-1,0,-1,-1
650,,3,32,0,0,0,-1,0,-1,-1
651,,3,-2081,0,0,0,-1,0,-1,-1
652,,3,-2081,0,0,0,-1,0,-1,-1
653,,3,-2049,0,13251,0,-1,0,-1,-1
654,,3,30687,0,15579,0,-1,0,-1,-1
655,,3,30687,0,15579,0,-1,0,-1,-1
656,,3,32,0,0,0,-1,0,-1,-1
657,,3,2048,0,0,0,-1,0,-1,-1
658,,3,30687,0,0,0,-1,0,-1,-1
659,,3,-2081,0,0,0,-1,0,-1,-1
660,,3,-2081,0,0,0,-1,0,-1,-1
661,,3,-2049,0,13251,0,-1,0,-1,-1
662,,3,30687,0,15579,0,-1,0,-1,-1
663,,3,32,0,0,0,-1,0,-1,-1
664,,3,2048,0,0,0,-1,0,-1,-1
665,,3,30687,0,0,0,-1,0,-1,-1
666,,3,30687,0,15579,0,-1,0,-1,-1
667,,3,32,0,0,0,-1,0,-1,-1
668,,3,2048,0,0,0,-1,0,-1,-1
669,,3,30687,0,0,0,-1,0,-1,-1
672,,3,-1,0,0,0,-1,0,-1,-1
673,,3,-1,0,0,0,-1,0,-1,-1
674,,3,-1,0,0,0,-1,0,-1,-1
675,,3,-1,0,0,0,-1,0,-1,-1
679,,3,-1,0,0,0,-1,0,-1,-1
2480,瓦德拉肯联军名望,3,-1,0,0,69161,-1,0,-1,-1
2481,瓦德拉肯联军名望,3,-1,0,0,69162,-1,0,-1,-1
2482,专业,3,-1,0,0,69163,-1,0,-1,-1
2483,声望奖励,3,-1,0,0,69164,-1,0,-1,-1
2484,弥散营地,3,-1,0,0,69165,-1,0,-1,-1
2485,成就,3,-1,0,0,69166,-1,0,-1,-1
2486,？？？,3,-1,0,0,69167,-1,0,-1,-1
2487,专业,3,-1,0,0,69168,-1,0,-1,-1
2488,声望奖励,3,-1,0,0,69169,-1,0,-1,-1
2489,世界掉落,3,-1,0,0,69170,-1,0,-1,-1
2490,驭龙竞速,3,-1,0,0,69171,-1,0,-1,-1
2491,瓦德拉肯联军名望,3,-1,0,0,69172,-1,0,-1,-1
2492,世界掉落,3,-1,0,0,69173,-1,0,-1,-1
2493,瓦德拉肯名望,3,-1,0,0,69174,-1,0,-1,-1
2494,地下城奖励,3,-1,0,0,69175,-1,0,-1,-1
2495,世界掉落,3,-1,0,0,69176,-1,0,-1,-1
2496,瓦德拉肯联军名望,3,-1,0,0,69177,-1,0,-1,-1
2497,驭龙竞速,3,-1,0,0,69178,-1,0,-1,-1
2498,驭龙竞速,3,-1,0,0,69179,-1,0,-1,-1
2499,专业,3,-1,0,0,69180,-1,0,-1,-1
2500,专业,3,-1,0,0,69181,-1,0,-1,-1
2501,世界掉落,3,-1,0,0,69182,-1,0,-1,-1
2502,世界掉落,3,-1,0,0,69183,-1,0,-1,-1
2503,？？？,3,-1,0,0,69184,-1,0,-1,-1
2504,世界掉落,3,-1,0,0,69185,-1,0,-1,-1
2505,世界掉落,3,-1,0,0,69186,-1,0,-1,-1
2506,成就,3,-1,0,0,69187,-1,0,-1,-1
2507,专业,3,-1,0,0,69188,-1,0,-1,-1
2508,瓦德拉肯联军名望,3,-1,0,0,69189,-1,0,-1,-1
2509,鼹鼠人名望,3,-1,0,0,69190,-1,0,-1,-1
2510,世界掉落,3,-1,0,0,69191,-1,0,-1,-1
2511,世界掉落,3,-1,0,0,69192,-1,0,-1,-1
2512,？？？,3,-1,0,0,69193,-1,0,-1,-1
2513,世界掉落,3,-1,0,0,69194,-1,0,-1,-1
2514,冬裘熊怪声望,3,-1,0,0,69195,-1,0,-1,-1
2515,世界掉落,3,-1,0,0,69196,-1,0,-1,-1
2516,驭龙竞速,3,-1,0,0,69197,-1,0,-1,-1
2517,瓦德拉肯联军名望,3,-1,0,0,69198,-1,0,-1,-1
2518,世界掉落,3,-1,0,0,69199,-1,0,-1,-1
2519,禁忌宝藏,3,-1,0,0,69200,-1,0,-1,-1
2520,世界掉落,3,-1,0,0,69201,-1,0,-1,-1
2521,离岛竞速者的钱袋,3,-1,0,0,69202,-1,0,-1,-1
2522,瓦德拉肯联军名望,3,-1,0,0,69203,-1,0,-1,-1
2523,瓦德拉肯名望,3,-1,0,0,69204,-1,0,-1,-1
2524,世界掉落,3,-1,0,0,69205,-1,0,-1,-1
2525,冬裘熊怪声望,3,-1,0,0,69206,-1,0,-1,-1
2526,地下城奖励,3,-1,0,0,69207,-1,0,-1,-1
2527,世界掉落,3,-1,0,0,69208,-1,0,-1,-1
2528,瓦德拉肯联军名望,3,-1,0,0,69209,-1,0,-1,-1
2529,声望奖励,3,-1,0,0,69213,-1,0,-1,-1
2530,海象人名望,3,-1,0,0,69212,-1,0,-1,-1
2531,半人马名望,3,-1,0,0,69211,-1,0,-1,-1
2532,龙鳞探险队名望,3,-1,0,0,69210,-1,0,-1,-1
2533,？？？,3,-1,0,0,69214,-1,0,-1,-1
2534,瓦德拉肯名望,3,-1,0,0,69215,-1,0,-1,-1
2535,半人马名望,3,-1,0,0,69216,-1,0,-1,-1
2536,驭龙竞速,3,-1,0,0,69217,-1,0,-1,-1
2537,声望奖励,3,-1,0,0,69218,-1,0,-1,-1
2538,世界掉落,3,-1,0,0,69219,-1,0,-1,-1
2539,瓦德拉肯联军名望,3,-1,0,0,69220,-1,0,-1,-1
2540,世界掉落,3,-1,0,0,69221,-1,0,-1,-1
2541,世界掉落,3,-1,0,0,69222,-1,0,-1,-1
2542,世界掉落,3,-1,0,0,69223,-1,0,-1,-1
2609,声望奖励,3,-1,0,0,69290,-1,0,-1,-1
2610,专业,3,-1,0,0,69291,-1,0,-1,-1
2612,瓦德拉肯联军名望,3,-1,0,0,69294,-1,0,-1,-1
2613,驭龙竞速,3,-1,0,0,69295,-1,0,-1,-1
2614,？？？,3,-1,0,0,69296,-1,0,-1,-1
2615,驭龙竞速,3,-1,0,0,69297,-1,0,-1,-1
2616,任务奖励,3,-1,0,0,69298,-1,0,-1,-1
2617,世界掉落,3,-1,0,0,69299,-1,0,-1,-1
2618,瓦德拉肯联军名望,3,-1,0,0,69300,-1,0,-1,-1
2619,世界掉落,3,-1,0,0,69301,-1,0,-1,-1
2620,海象人名望,3,-1,0,0,69302,-1,0,-1,-1
2621,冬裘熊怪声望,3,-1,0,0,69303,-1,0,-1,-1
2622,任务奖励,3,-1,0,0,69304,-1,0,-1,-1
2623,驭龙竞速,3,-1,0,0,69305,-1,0,-1,-1
2624,世界掉落,3,-1,0,0,69306,-1,0,-1,-1
2625,世界掉落,3,-1,0,0,69307,-1,0,-1,-1
2626,声望奖励,3,-1,0,0,69308,-1,0,-1,-1
2627,专业,3,-1,0,0,69309,-1,0,-1,-1
2628,？？？,3,-1,0,0,69310,-1,0,-1,-1
2629,任务奖励,3,-1,0,0,69311,-1,0,-1,-1
2630,世界掉落,3,-1,0,0,69312,-1,0,-1,-1
2631,地下城奖励,3,-1,0,0,69313,-1,0,-1,-1
2632,驭龙竞速,3,-1,0,0,69314,-1,0,-1,-1
2633,海象人名望,3,-1,0,0,69315,-1,0,-1,-1
2634,世界掉落,3,-1,0,0,69316,-1,0,-1,-1
2635,世界掉落,3,-1,0,0,69317,-1,0,-1,-1
2636,专业,3,-1,0,0,69318,-1,0,-1,-1
2637,成就,3,-1,0,0,69319,-1,0,-1,-1
2638,鼹鼠人名望,3,-1,0,0,69320,-1,0,-1,-1
2639,鼹鼠人名望,3,-1,0,0,69321,-1,0,-1,-1
2640,世界掉落,3,-1,0,0,69322,-1,0,-1,-1
2641,任务奖励,3,-1,0,0,69323,-1,0,-1,-1
2642,海象人名望,3,-1,0,0,69324,-1,0,-1,-1
2643,离岛竞速者的钱袋,3,-1,0,0,69325,-1,0,-1,-1
2644,世界掉落,3,-1,0,0,69326,-1,0,-1,-1
2645,任务奖励,3,-1,0,0,69327,-1,0,-1,-1
2646,地下城奖励,3,-1,0,0,69328,-1,0,-1,-1
2647,驭龙竞速,3,-1,0,0,69329,-1,0,-1,-1
2648,冬裘熊怪声望,3,-1,0,0,69330,-1,0,-1,-1
2649,世界掉落,3,-1,0,0,69331,-1,0,-1,-1
2650,世界掉落,3,-1,0,0,69332,-1,0,-1,-1
2651,海象人名望,3,-1,0,0,69333,-1,0,-1,-1
2652,任务奖励,3,-1,0,0,69334,-1,0,-1,-1
2653,任务奖励,3,-1,0,0,69335,-1,0,-1,-1
2654,世界掉落,3,-1,0,0,69336,-1,0,-1,-1
2655,瓦德拉肯名望特使,3,-1,0,0,69337,-1,0,-1,-1
2656,？？？,3,-1,0,0,69338,-1,0,-1,-1
2657,世界掉落,3,-1,0,0,69339,-1,0,-1,-1
2658,海象人名望,3,-1,0,0,69340,-1,0,-1,-1
2659,地下城奖励,3,-1,0,0,69341,-1,0,-1,-1
2660,？？？,3,-1,0,0,69342,-1,0,-1,-1
2661,声望奖励,3,-1,0,0,69343,-1,0,-1,-1
2662,半人马名望,3,-1,0,0,69344,-1,0,-1,-1
2663,龙鳞探险队名望,3,-1,0,0,69345,-1,0,-1,-1
2664,瓦德拉肯联军名望,3,-1,0,0,69346,-1,0,-1,-1
2665,？？？,3,-1,0,0,69347,-1,0,-1,-1
2666,地下城奖励,3,-1,0,0,69348,-1,0,-1,-1
2667,声望奖励,3,-1,0,0,69349,-1,0,-1,-1
2668,世界掉落,3,-1,0,0,69350,-1,0,-1,-1
2669,世界掉落,3,-1,0,0,69351,-1,0,-1,-1
2670,任务奖励,3,-1,0,0,69352,-1,0,-1,-1
2671,驭龙竞速,3,-1,0,0,69353,-1,0,-1,-1
2672,海象人名望,3,-1,0,0,69354,-1,0,-1,-1
2673,专业,3,-1,0,0,69355,-1,0,-1,-1
2674,海象人名望,3,-1,0,0,69356,-1,0,-1,-1
2675,弥散营地,3,-1,0,0,69357,-1,0,-1,-1
2852,声望奖励,3,-1,0,0,69547,-1,0,-1,-1
2853,专业,3,-1,0,0,69548,-1,0,-1,-1
2854,弥散营地,3,-1,0,0,69549,-1,0,-1,-1
2855,？？？,3,-1,0,0,69550,-1,0,-1,-1
2856,瓦德拉肯联军名望,3,-1,0,0,69551,-1,0,-1,-1
2857,成就,3,-1,0,0,69552,-1,0,-1,-1
2858,专业,3,-1,0,0,69553,-1,0,-1,-1
2859,弥散营地,3,-1,0,0,69554,-1,0,-1,-1
2860,任务奖励,3,-1,0,0,69555,-1,0,-1,-1
2861,？？？,3,-1,0,0,69556,-1,0,-1,-1
2862,任务奖励,3,-1,0,0,69557,-1,0,-1,-1
2863,瓦德拉肯联军名望,3,-1,0,0,69558,-1,0,-1,-1
2864,龙鳞探险队名望,3,-1,0,0,69559,-1,0,-1,-1
2865,任务奖励,3,-1,0,0,69560,-1,0,-1,-1
2866,龙鳞探险队名望,3,-1,0,0,69561,-1,0,-1,-1
2867,任务奖励,3,-1,0,0,69562,-1,0,-1,-1
2868,专业,3,-1,0,0,69563,-1,0,-1,-1
2869,龙鳞探险队名望,3,-1,0,0,69564,-1,0,-1,-1
2870,世界掉落,3,-1,0,0,69565,-1,0,-1,-1
2871,任务奖励,3,-1,0,0,69566,-1,0,-1,-1
2872,驭龙竞速,3,-1,0,0,69567,-1,0,-1,-1
2873,半人马名望,3,-1,0,0,69568,-1,0,-1,-1
2874,声望奖励,3,-1,0,0,69569,-1,0,-1,-1
2875,龙鳞探险队名望,3,-1,0,0,69570,-1,0,-1,-1
2876,成就,3,-1,0,0,69571,-1,0,-1,-1
2877,世界掉落,3,-1,0,0,69572,-1,0,-1,-1
2878,世界掉落,3,-1,0,0,69573,-1,0,-1,-1
2879,鼹鼠人名望,3,-1,0,0,69574,-1,0,-1,-1
2880,龙鳞探险队名望,3,-1,0,0,69575,-1,0,-1,-1
2881,任务奖励,3,-1,0,0,69576,-1,0,-1,-1
2882,地下城奖励,3,-1,0,0,69577,-1,0,-1,-1
2883,专业,3,-1,0,0,69578,-1,0,-1,-1
2884,任务奖励,3,-1,0,0,69579,-1,0,-1,-1
2885,世界掉落,3,-1,0,0,69580,-1,0,-1,-1
2886,任务奖励,3,-1,0,0,69581,-1,0,-1,-1
2887,任务奖励,3,-1,0,0,69582,-1,0,-1,-1
2888,世界掉落,3,-1,0,0,69583,-1,0,-1,-1
2889,世界掉落,3,-1,0,0,69584,-1,0,-1,-1
2890,声望奖励,3,-1,0,0,69585,-1,0,-1,-1
2891,任务奖励,3,-1,0,0,69586,-1,0,-1,-1
2892,龙鳞探险队名望,3,-1,0,0,69587,-1,0,-1,-1
2893,驭龙竞速,3,-1,0,0,69588,-1,0,-1,-1
2894,任务奖励,3,-1,0,0,69589,-1,0,-1,-1
2895,半人马名望,3,-1,0,0,66720,-1,0,-1,-1
2896,海象人名望,3,-1,0,0,69591,-1,0,-1,-1
2897,瓦德拉肯联军名望,3,-1,0,0,69592,-1,0,-1,-1
2898,声望奖励,3,-1,0,0,69593,-1,0,-1,-1
2899,？？？,3,-1,0,0,69594,-1,0,-1,-1
2900,专业,3,-1,0,0,69595,-1,0,-1,-1
2901,龙鳞探险队名望,3,-1,0,0,69596,-1,0,-1,-1
2902,地下城奖励,3,-1,0,0,69597,-1,0,-1,-1
2903,地下城奖励,3,-1,0,0,69598,-1,0,-1,-1
2904,世界掉落,3,-1,0,0,69599,-1,0,-1,-1
2905,任务奖励,3,-1,0,0,69600,-1,0,-1,-1
2906,世界掉落,3,-1,0,0,69601,-1,0,-1,-1
2907,地下城奖励,3,-1,0,0,69602,-1,0,-1,-1
2908,龙鳞探险队名望,3,-1,0,0,69603,-1,0,-1,-1
2909,世界掉落,3,-1,0,0,69604,-1,0,-1,-1
2910,世界掉落,3,-1,0,0,69605,-1,0,-1,-1
2911,任务奖励,3,-1,0,0,69606,-1,0,-1,-1
2912,任务奖励,3,-1,0,0,69607,-1,0,-1,-1
2913,任务奖励,3,-1,0,0,69608,-1,0,-1,-1
2914,任务奖励,3,-1,0,0,69609,-1,0,-1,-1
3068,弥散营地,3,-1,0,0,69781,-1,0,-1,-1
3069,专业,3,-1,0,0,69782,-1,0,-1,-1
3070,专业,3,-1,0,0,69783,-1,0,-1,-1
3071,成就,3,-1,0,0,69784,-1,0,-1,-1
3072,瓦德拉肯联军名望,3,-1,0,0,69785,-1,0,-1,-1
3073,？？？,3,-1,0,0,69786,-1,0,-1,-1
3074,冬裘熊怪声望,3,-1,0,0,69787,-1,0,-1,-1
3075,声望奖励,3,-1,0,0,69788,-1,0,-1,-1
3076,宝藏,3,-1,0,0,69789,-1,0,-1,-1
3077,世界掉落,3,-1,0,0,69790,-1,0,-1,-1
3078,半人马名望,3,-1,0,0,69791,-1,0,-1,-1
3079,瓦德拉肯联军名望,3,-1,0,0,69792,-1,0,-1,-1
3080,世界掉落,3,-1,0,0,69793,-1,0,-1,-1
3081,世界掉落,3,-1,0,0,69794,-1,0,-1,-1
3082,半人马名望,3,-1,0,0,69795,-1,0,-1,-1
3083,专业,3,-1,0,0,69796,-1,0,-1,-1
3084,世界掉落,3,-1,0,0,69797,-1,0,-1,-1
3085,离岛竞速者的钱袋,3,-1,0,0,69798,-1,0,-1,-1
3086,世界掉落,3,-1,0,0,69799,-1,0,-1,-1
3087,半人马名望,3,-1,0,0,69800,-1,0,-1,-1
3088,专业,3,-1,0,0,69801,-1,0,-1,-1
3089,地下城奖励,3,-1,0,0,69802,-1,0,-1,-1
3090,成就,3,-1,0,0,69803,-1,0,-1,-1
3091,鼹鼠人名望,3,-1,0,0,69804,-1,0,-1,-1
3092,地下城奖励,3,-1,0,0,69805,-1,0,-1,-1
3093,世界掉落,3,-1,0,0,69806,-1,0,-1,-1
3094,任务奖励,3,-1,0,0,69807,-1,0,-1,-1
3095,半人马名望,3,-1,0,0,69808,-1,0,-1,-1
3096,驭龙竞速,3,-1,0,0,69809,-1,0,-1,-1
3097,世界掉落,3,-1,0,0,69810,-1,0,-1,-1
3098,任务奖励,3,-1,0,0,69811,-1,0,-1,-1
3099,世界掉落,3,-1,0,0,69812,-1,0,-1,-1
3100,世界掉落,3,-1,0,0,69813,-1,0,-1,-1
3101,半人马名望,3,-1,0,0,69814,-1,0,-1,-1
3102,声望奖励,3,-1,0,0,69815,-1,0,-1,-1
3103,海象人名望,3,-1,0,0,69816,-1,0,-1,-1
3104,瓦德拉肯联军名望,3,-1,0,0,69817,-1,0,-1,-1
3105,龙鳞探险队名望,3,-1,0,0,69818,-1,0,-1,-1
3106,？？？,3,-1,0,0,69819,-1,0,-1,-1
3107,？？？,3,-1,0,0,69820,-1,0,-1,-1
3108,世界掉落,3,-1,0,0,69821,-1,0,-1,-1
3109,半人马名望,3,-1,0,0,69822,-1,0,-1,-1
3110,驭龙竞速,3,-1,0,0,69823,-1,0,-1,-1
3111,声望奖励,3,-1,0,0,69824,-1,0,-1,-1
3112,海象人名望,3,-1,0,0,69825,-1,0,-1,-1
3113,任务奖励,3,-1,0,0,69826,-1,0,-1,-1
3114,半人马名望,3,-1,0,0,69827,-1,0,-1,-1
3115,世界掉落,3,-1,0,0,69828,-1,0,-1,-1
3116,地下城奖励,3,-1,0,0,69829,-1,0,-1,-1
3117,瓦德拉肯名望特使,3,-1,0,0,69831,-1,0,-1,-1
3118,任务奖励,3,-1,0,0,69832,-1,0,-1,-1
3119,世界掉落,3,-1,0,0,69834,-1,0,-1,-1
3120,冬裘熊怪声望,3,-1,0,0,69835,-1,0,-1,-1
3121,半人马名望,3,-1,0,0,69836,-1,0,-1,-1
3125,专业,3,-1,0,0,69845,-1,0,-1,-1
3126,地下城奖励,3,-1,0,0,69846,-1,0,-1,-1
3127,世界掉落,3,-1,0,0,69847,-1,0,-1,-1
3128,,3,-1,0,0,0,-1,0,-1,-1
3132,,3,-1,0,0,0,-1,0,-1,-1
3133,,3,-1,0,0,0,-1,0,-1,-1
3134,,3,-1,0,0,0,-1,0,-1,-1
3135,,3,-1,0,0,0,-1,0,-1,-1
3137,,3,-1,0,0,0,-1,0,-1,-1
3139,,3,-1,0,0,0,-1,0,-1,-1
3140,化身巨龙牢窟,3,-1,0,0,72367,-1,0,-1,-1
3141,角斗士PvP等级（“巨龙时代”第1赛季）,3,-1,0,0,72371,-1,0,-1,-1
3142,,3,-1,0,0,0,-1,0,-1,-1
3143,,3,-1,0,0,0,-1,0,-1,-1
3144,,3,-1,0,0,0,-1,0,-1,-1
3145,鼹鼠人名望,3,-1,0,0,69321,-1,0,-1,-1
3146,,3,-1,0,0,0,-1,0,-1,-1
3147,,3,-1,0,0,0,-1,0,-1,-1
3148,冬裘熊怪声望,3,-1,0,0,73054,-1,0,-1,-1
3149,离岛竞速者的钱袋,3,-1,0,0,73055,-1,0,-1,-1
3150,？？？,3,-1,0,0,73059,-1,0,-1,-1
3151,弥散营地,3,-1,0,0,73057,-1,0,-1,-1
3152,兹斯克拉宝库,3,-1,0,0,73058,-1,0,-1,-1
3153,驭龙竞速,3,-1,0,0,73060,-1,0,-1,-1
3154,冬裘熊怪声望,3,-1,0,0,73056,-1,0,-1,-1
3649,？？？,3,-1,0,0,73786,-1,0,-1,-1
3650,弥散营地,3,-1,0,0,73787,-1,0,-1,-1
3651,专业,3,-1,0,0,73788,-1,0,-1,-1
3652,？？？,3,-1,0,0,73789,-1,0,-1,-1
3653,？？？,3,-1,0,0,73790,-1,0,-1,-1
3654,成就,3,-1,0,0,73791,-1,0,-1,-1
3655,专业,3,-1,0,0,73792,-1,0,-1,-1
3656,瓦德拉肯联军名望,3,-1,0,0,73793,-1,0,-1,-1
3657,？？？,3,-1,0,0,73794,-1,0,-1,-1
3658,世界掉落,3,-1,0,0,73795,-1,0,-1,-1
3659,商人出售,3,-1,0,0,73796,-1,0,-1,-1
3660,世界掉落,3,-1,0,0,73797,-1,0,-1,-1
3661,鼹鼠人名望,3,-1,0,0,73798,-1,0,-1,-1
3662,专业,3,-1,0,0,73799,-1,0,-1,-1
3663,商人出售,3,-1,0,0,73800,-1,0,-1,-1
3664,宝藏,3,-1,0,0,73801,-1,0,-1,-1
3665,专业,3,-1,0,0,73802,-1,0,-1,-1
3666,世界掉落,3,-1,0,0,73803,-1,0,-1,-1
3667,鼹鼠人名望,3,-1,0,0,73804,-1,0,-1,-1
3668,驭龙竞速,3,-1,0,0,73805,-1,0,-1,-1
3669,世界掉落,3,-1,0,0,73806,-1,0,-1,-1
3670,？？？,3,-1,0,0,73807,-1,0,-1,-1
3671,世界掉落,3,-1,0,0,73808,-1,0,-1,-1
3672,世界掉落,3,-1,0,0,73809,-1,0,-1,-1
3673,？？？,3,-1,0,0,73810,-1,0,-1,-1
3674,鼹鼠人名望,3,-1,0,0,73811,-1,0,-1,-1
3675,专业,3,-1,0,0,73812,-1,0,-1,-1
3676,成就,3,-1,0,0,73813,-1,0,-1,-1
3677,鼹鼠人名望,3,-1,0,0,73814,-1,0,-1,-1
3678,鼹鼠人名望,3,-1,0,0,73815,-1,0,-1,-1
3679,世界掉落,3,-1,0,0,73816,-1,0,-1,-1
3680,世界掉落,3,-1,0,0,73817,-1,0,-1,-1
3681,任务奖励,3,-1,0,0,73818,-1,0,-1,-1
3682,世界掉落,3,-1,0,0,73820,-1,0,-1,-1
3683,世界掉落,3,-1,0,0,73821,-1,0,-1,-1
3684,驭龙竞速,3,-1,0,0,73822,-1,0,-1,-1
3685,世界掉落,3,-1,0,0,73824,-1,0,-1,-1
3686,鼹鼠人名望,3,-1,0,0,73825,-1,0,-1,-1
3687,？？？,3,-1,0,0,73826,-1,0,-1,-1
3688,驭龙竞速,3,-1,0,0,73827,-1,0,-1,-1
3689,世界掉落,3,-1,0,0,73829,-1,0,-1,-1
3690,世界掉落,3,-1,0,0,73830,-1,0,-1,-1
3691,世界掉落,3,-1,0,0,73831,-1,0,-1,-1
3692,鼹鼠人名望,3,-1,0,0,73832,-1,0,-1,-1
3693,驭龙竞速,3,-1,0,0,73833,-1,0,-1,-1
3694,驭龙竞速,3,-1,0,0,73834,-1,0,-1,-1
3695,世界掉落,3,-1,0,0,73835,-1,0,-1,-1
3696,世界掉落,3,-1,0,0,73836,-1,0,-1,-1
3697,商人出售,3,-1,0,0,73837,-1,0,-1,-1
3698,鼹鼠人名望,3,-1,0,0,73838,-1,0,-1,-1
3699,驭龙竞速,3,-1,0,0,73839,-1,0,-1,-1
3700,？？？,3,-1,0,0,73840,-1,0,-1,-1
3701,海象人名望,3,-1,0,0,73841,-1,0,-1,-1
3702,瓦德拉肯联军名望,3,-1,0,0,73842,-1,0,-1,-1
3703,半人马名望,3,-1,0,0,73843,-1,0,-1,-1
3704,龙鳞探险队名望,3,-1,0,0,73844,-1,0,-1,-1
3705,？？？,3,-1,0,0,73845,-1,0,-1,-1
3706,？？？,3,-1,0,0,73846,-1,0,-1,-1
3708,世界掉落,3,-1,0,0,73849,-1,0,-1,-1
3709,世界掉落,3,-1,0,0,73850,-1,0,-1,-1
3710,？？？,3,-1,0,0,73851,-1,0,-1,-1
3711,驭龙竞速,3,-1,0,0,73852,-1,0,-1,-1
3712,驭龙竞速,3,-1,0,0,73853,-1,0,-1,-1
3713,鼹鼠人名望,3,-1,0,0,73854,-1,0,-1,-1
3714,世界掉落,3,-1,0,0,73855,-1,0,-1,-1
3715,专业,3,-1,0,0,73856,-1,0,-1,-1
3716,鼹鼠人名望,3,-1,0,0,73857,-1,0,-1,-1
3723,,1,256,0,0,0,-1,0,-1,-1
3730,世界掉落,3,-1,0,0,75743,-1,0,-1,-1
3731,角斗士PvP等级（“巨龙时代”第2赛季）,3,-1,0,0,75941,-1,0,-1,-1
3732,,3,-1,0,0,0,-1,0,-1,-1
3733,亚贝鲁斯，焰影熔炉,3,-1,0,0,75967,-1,0,-1,-1
3734,魔典：邪能小鬼,1,256,0,0,76369,-1,0,-1,-1
3735,魔典：深渊魔,1,256,0,0,76370,-1,0,-1,-1
3737,魔典：暗影魅魔,1,256,0,0,76372,-1,0,-1,-1
3738,魔典：破坏魔,1,256,0,0,76373,-1,0,-1,-1
3739,魔典：恐惧卫士,1,256,0,0,76374,-1,0,-1,-1
3740,魔典：空灵领主,1,256,0,0,76375,-1,0,-1,-1
3741,魔典：愤怒卫士,1,256,0,0,76376,-1,0,-1,-1
3742,永夜大教堂,1,256,0,0,76377,-1,0,-1,-1
3747,特雷斯坦·邪蹄,1,256,0,0,76737,-1,0,-1,-1
3748,“燃烧的远征”时空漫游,1,256,0,0,76740,-1,0,-1,-1
3749,燃烧军团时光裂隙,1,256,0,0,76741,-1,0,-1,-1
3750,“军团再临”时空漫游,1,256,0,0,76742,-1,0,-1,-1
3751,鬼母德雅拉,1,256,0,0,76743,-1,0,-1,-1
3752,维尔,1,256,0,0,76744,-1,0,-1,-1
3753,主母芙努娜,1,256,0,0,76745,-1,0,-1,-1
3754,普希林,1,256,0,0,76746,-1,0,-1,-1
3755,发现于暗月马戏团,1,256,0,0,76747,-1,0,-1,-1
4034,半人马名望,3,-1,0,0,77128,-1,0,-1,-1
4035,驭龙竞速,3,-1,0,0,77129,-1,0,-1,-1
4036,世界掉落,3,-1,0,0,77130,-1,0,-1,-1
4037,瓦德拉肯联军名望,3,-1,0,0,77131,-1,0,-1,-1
4038,半人马名望,3,-1,0,0,77132,-1,0,-1,-1
4039,世界掉落,3,-1,0,0,77133,-1,0,-1,-1
4040,世界掉落,3,-1,0,0,77134,-1,0,-1,-1
4041,世界掉落,3,-1,0,0,77135,-1,0,-1,-1
4042,驭龙竞速,3,-1,0,0,77136,-1,0,-1,-1
4043,世界掉落,3,-1,0,0,77137,-1,0,-1,-1
4044,世界掉落,3,-1,0,0,77138,-1,0,-1,-1
4045,驭龙竞速,3,-1,0,0,77139,-1,0,-1,-1
4046,世界掉落,3,-1,0,0,77140,-1,0,-1,-1
4047,鼹鼠人名望,3,-1,0,0,77141,-1,0,-1,-1
4048,世界掉落,3,-1,0,0,77142,-1,0,-1,-1
4049,世界掉落,3,-1,0,0,77143,-1,0,-1,-1
4050,半人马名望,3,-1,0,0,77144,-1,0,-1,-1
4051,世界掉落,3,-1,0,0,77145,-1,0,-1,-1
4052,商栈,3,-1,0,0,77146,-1,0,-1,-1
4053,商栈,3,-1,0,0,77147,-1,0,-1,-1
4054,半人马名望,3,-1,0,0,77148,-1,0,-1,-1
4055,驭龙竞速,3,-1,0,0,77149,-1,0,-1,-1
4056,世界掉落,3,-1,0,0,77150,-1,0,-1,-1
4057,永恒黎明地下城,3,-1,0,0,77199,-1,0,-1,-1
4058,？？？,1,256,0,0,77182,-1,0,-1,-1
4059,？？？,1,256,0,0,77183,-1,0,-1,-1
4060,,1,256,0,0,77184,-1,0,-1,-1
4061,萨格拉斯的恶犬,1,256,0,0,77180,-1,0,-1,-1
4062,燃烧军团时光裂隙,1,256,0,0,77181,-1,0,-1,-1
4063,,1,256,0,0,76369,-1,0,-1,-1
4064,永恒黎明,3,-1,0,0,77255,-1,0,-1,-1
4065,永恒黎明,3,-1,0,0,77257,-1,0,-1,-1
4066,永恒黎明,3,-1,0,0,77259,-1,0,-1,-1
4067,永恒黎明,3,-1,0,0,77258,-1,0,-1,-1
4068,永恒黎明,3,-1,0,0,77256,-1,0,-1,-1
4070,,3,-1,0,0,0,-1,0,-1,-1
4071,,3,-1,0,0,0,-1,0,-1,-1
4072,,3,-1,0,0,0,-1,0,-1,-1
4073,,3,-1,0,0,0,-1,0,-1,-1
4076,,3,-1,0,0,0,-1,0,-1,-1
4077,,3,-1,0,0,0,-1,0,-1,-1
4078,,3,-1,0,0,0,-1,0,-1,-1
4079,,3,-1,0,0,0,-1,0,-1,-1
4080,,3,-1,0,0,0,-1,0,-1,-1
4081,职业任务,1,256,0,0,77285,-1,0,-1,-1
4084,查看颜色,1,256,0,0,0,-1,0,-1,-1
4085,,1,256,0,0,0,-1,0,-1,-1
4086,查看颜色,1,256,0,0,0,-1,0,-1,-1
4087,,1,256,0,0,0,-1,0,-1,-1
4088,查看颜色,1,256,0,0,0,-1,0,-1,-1
4089,,2,256,0,0,77184,-1,0,-1,-1
4090,查看颜色,1,256,0,0,0,-1,0,-1,-1
4091,,1,256,0,0,0,-1,0,-1,-1
4094,,1,256,0,0,0,-1,0,-1,-1
4095,查看颜色,1,256,0,0,0,-1,0,-1,-1
4096,,1,256,0,0,0,-1,0,-1,-1
4098,,1,256,0,0,0,-1,0,-1,-1
4099,查看颜色,1,256,0,0,0,-1,0,-1,-1
4100,查看颜色,1,256,0,0,0,-1,0,-1,-1
4101,,1,256,0,0,0,-1,0,-1,-1
4102,查看颜色,1,256,0,0,0,-1,0,-1,-1
4103,,3,0,0,0,0,-1,0,-1,-1
4104,,3,0,0,0,0,-1,0,-1,-1
4105,无头骑士,3,-1,0,0,77725,-1,0,-1,-1
4106,查看颜色,1,256,0,0,0,-1,0,-1,-1
4107,科林·烈酒,3,-1,0,0,77774,-1,0,-1,-1
4108,,3,-1,0,0,77837,-1,0,-1,-1
4109,堕落者艾瑞达,3,32735,0,18938,0,-1,0,1024,0
4110,海盗日商人,3,-1,0,0,77875,-1,0,-1,-1
4111,悼念日商人,3,-1,0,0,77876,-1,0,-1,-1
4112,堕落者艾瑞达,3,0,0,18938,0,-1,0,1024,0
4117,,3,-1,0,0,0,-1,0,-1,-1
4120,,3,-1,0,0,0,-1,0,8,0
4121,,3,-1,0,0,0,-1,0,-2147483648,-1
4122,,3,-1,0,0,0,-1,0,1073741824,0
4123,,3,-1,0,0,0,-1,0,134217728,0
4124,,3,-1,0,0,0,-1,0,128,0
4125,,3,-1,0,0,0,-1,0,32,0
4126,,3,-1,0,0,0,-1,0,2097152,0
4127,,3,-1,0,0,0,-1,0,-1,-1
4128,,3,-1,0,0,0,-1,0,-1,-1
4129,,3,-1,0,0,0,-1,0,-1,-1
4130,,3,-1,0,0,0,-1,0,-1,-1
4131,,3,-1,0,0,0,-1,0,-1,-1
4133,角斗士PvP等级（“巨龙时代”第3赛季）,3,-1,0,0,78216,-1,0,-1,-1
4138,,3,-1,0,0,77837,-1,0,-1,-1
4139,,3,-1,0,0,77837,-1,0,-1,-1
4140,冬幕节,3,-1,0,0,78371,-1,0,-1,-1
4141,瓦德拉肯联军名望,3,-1,0,0,78399,-1,0,-1,-1
4142,梦境名望,3,-1,0,0,78400,-1,0,-1,-1
4143,瓦德拉肯联军名望,3,-1,0,0,78401,-1,0,-1,-1
4144,鼹鼠人名望,3,-1,0,0,78402,-1,0,-1,-1
4145,梦境名望,3,-1,0,0,78403,-1,0,-1,-1
4146,梦境名望,3,-1,0,0,78404,-1,0,-1,-1
4147,梦境名望,3,-1,0,0,78405,-1,0,-1,-1
4148,梦境名望,3,-1,0,0,78406,-1,0,-1,-1
4149,梦境名望,3,-1,0,0,78407,-1,0,-1,-1
4150,梦境名望,3,-1,0,0,78408,-1,0,-1,-1
4151,世界掉落,3,-1,0,0,78409,-1,0,-1,-1
4152,梦境名望,3,-1,0,0,78410,-1,0,-1,-1
4153,阿梅达希尔，梦境之愿,3,-1,0,0,78451,-1,0,-1,-1
4154,成就,3,-1,0,0,78453,-1,0,-1,-1
4155,,3,-1,0,0,0,-1,0,-1,-1
4156,,3,-1,0,0,0,-1,0,-1,-1
4157,冬幕节,3,-1,0,0,78371,-1,0,-1,-1
4158,,3,1024,0,0,0,-1,0,-2147483648,0
4159,,3,1024,0,0,0,-1,0,8,0
4160,,3,1024,0,0,0,-1,0,32,0
4161,,3,1024,0,0,0,-1,0,128,0
4162,,3,1024,0,0,0,-1,0,2097152,0
4163,,3,1024,0,0,0,-1,0,134217728,0
4164,,3,1024,0,0,0,-1,0,1073741824,0
4165,,3,-7168,0,0,0,-1,0,-1,-1
4166,,3,-7168,0,0,0,-1,0,-1,-1
4167,,3,-7168,0,0,0,-1,0,-1,-1
4168,,3,-7168,0,0,0,-1,0,-1,-1
4169,,3,-7168,0,0,0,-1,0,-1,-1
4170,幽爪熊的沉默印记,3,-7168,0,0,78519,-1,0,-1,-1
4171,翡翠奖赏,3,-7168,0,0,78520,-1,0,-1,-1
4172,莫沙·黯鬃,3,-7168,0,0,78481,-1,0,-1,-1
4173,花粉灌注的鬃罴毛皮样本,3,-7168,0,0,78518,-1,0,-1,-1
4174,迟钝者莫拉夫,3,-7168,0,0,78517,-1,0,-1,-1
4175,休眠者奥罗斯托,3,-7168,0,0,78528,-1,0,-1,-1
4176,？？？,3,-7168,0,0,78521,-1,0,-1,-1
4177,梦刃豹的沉默印记,3,-7168,0,0,78507,-1,0,-1,-1
4178,“锐眼”赛安,3,-7168,0,0,78503,-1,0,-1,-1
4179,丁达尔·迅贤，烈焰预言者,3,-7168,0,0,78525,-1,0,-1,-1
4180,塔索涅·灰语,3,-7168,0,0,78524,-1,0,-1,-1
4181,铭文,3,-7168,0,0,78523,-1,0,-1,-1
4182,梦麋的沉默印记,3,-7168,0,0,78522,-1,0,-1,-1
4183,？？？,3,-7168,0,0,78516,-1,0,-1,-1
4184,？？？,3,-7168,0,0,78448,-1,0,-1,-1
4186,挚友之羽,3,-7168,0,0,78479,-1,0,-1,-1
4187,阿努雷洛丝，烈焰启迪的缰绳,3,-7168,0,0,78527,-1,0,-1,-1
4188,狂暴者里斯塔尔,3,-7168,0,0,78511,-1,0,-1,-1
4189,翡翠奖赏,3,-7168,0,0,78512,-1,0,-1,-1
4190,巢母姬瓦赫,3,-7168,0,0,78513,-1,0,-1,-1
4191,翡翠奖赏,3,-7168,0,0,78514,-1,0,-1,-1
4192,梦爪獍的沉默印记,3,-7168,0,0,78515,-1,0,-1,-1
4193,任务解锁,3,-1,0,0,78878,-1,0,-1,-1
4223,,3,1024,0,0,0,-1,0,8,0
4224,哨兵印记,3,1024,0,14666,0,-1,0,1572872,0
4225,谦卑飞鸟印记,3,1024,0,14667,0,-1,0,8,0
4226,完成“别想夺走我的天空”,3,1024,0,11851,0,-1,0,1572872,0
4227,,3,1024,0,0,0,-1,0,2097152,0
4228,哨兵印记,3,1024,0,14666,0,-1,0,2097152,0
4229,谦卑飞鸟印记,3,1024,0,14667,0,-1,0,2097152,0
4230,完成“别想夺走我的天空”,3,1024,0,11851,0,-1,0,-2145386496,-1
4231,哨兵印记,3,1024,0,14666,0,-1,0,-2013265888,-1
4232,哨兵印记,3,1024,0,14666,0,-1,0,1073741952,0
4233,谦卑飞鸟印记,3,1024,0,14667,0,-1,0,32,0
4234,,3,1024,0,0,0,-1,0,134217728,0
4235,谦卑飞鸟印记,3,1024,0,14667,0,-1,0,-2147483648,-1
4236,谦卑飞鸟印记,3,1024,0,14667,0,-1,0,128,0
4237,谦卑飞鸟印记,3,1024,0,14667,0,-1,0,1073741824,0
4238,完成“别想夺走我的天空”,3,1024,0,11851,0,-1,0,134217760,0
4239,完成“别想夺走我的天空”,3,1024,0,11851,0,-1,0,1073741952,0
4240,,3,1024,0,0,0,-1,0,32,0
4241,,3,1024,0,0,0,-1,0,-2147483648,-1
4242,,3,1024,0,0,0,-1,0,128,0
4243,,3,1024,0,0,0,-1,0,1073741824,0
4244,烁光炽蓝蛾印记,3,1024,0,15228,0,-1,0,-935853912,0
4245,丰收女巫塞莱斯廷,3,1024,0,15230,0,-1,0,-935853912,0
4246,暗翼渡鸦印记,3,1024,0,15235,0,-1,0,-935853912,0
4247,庄严恐惧蝠印记,3,1024,0,15236,0,-1,0,-935853912,0
4248,黯行恐惧蝠印记,3,1024,0,15231,0,-1,0,-935853912,0
4249,玄黑炽蓝蛾印记,3,1024,0,15238,0,-1,0,-935853912,0
4250,,0,-1,0,0,0,-1,0,-1,-1
4252,,3,1024,0,0,0,-1,0,136315048,0
4253,虎鲸印记,3,1024,0,14654,0,-1,0,-935853912,0
4254,海豚印记,3,1024,0,14653,0,-1,0,-935853912,0
4255,跃潮者印记,3,1024,0,14655,0,-1,0,-935853912,0
4256,,3,1024,0,0,0,-1,0,1073741824,0
4257,,3,1024,0,0,0,-1,0,1073741824,0
4258,,3,1024,0,0,0,-1,0,1073741824,0
4259,,3,1024,0,0,0,-1,0,1073741824,0
4260,,3,1024,0,0,0,-1,0,-2147483648,-1
4261,,3,1024,0,0,0,-1,0,-2147483648,-1
4262,,3,1024,0,0,0,-1,0,-2147483648,-1
4263,,3,1024,0,0,0,-1,0,-2147483648,-1
4264,,3,2080,0,0,0,-1,0,-1,-1
4265,,3,32,0,0,0,-1,0,-1,-1
4267,,3,1024,0,0,0,-1,0,2097160,0
4268,猎豹印记,3,1024,0,14664,0,-1,0,-935853912,0
4269,母鹿印记,3,1024,0,14665,0,-1,0,-935853912,0
4270,,3,1024,0,0,0,-1,0,160,0
4271,,3,1024,0,0,0,-1,0,-2147483648,-1
4272,,3,1024,0,0,0,-1,0,-2147483648,-1
4273,,3,1024,0,0,0,-1,0,-2147483648,-1
4274,,3,1024,0,0,0,-1,0,-2147483648,-1
4275,,3,1024,0,0,0,-1,0,134217728,0
4276,,3,1024,0,0,0,-1,0,1073741824,0
4277,暮光符文牡鹿印记,3,1024,0,15227,0,-1,0,-935853912,0
4278,午夜符文牡鹿印记,3,1024,0,15237,0,-1,0,-935853912,0
4279,丁达尔·迅贤，烈焰预言者,3,-7168,0,0,78525,-1,0,-1,-1
4280,,2,-7168,0,0,78955,-1,0,-1,-1
4281,丁达尔·迅贤，烈焰预言者,3,-7168,0,0,78525,-1,0,-1,-1
4283,,3,1024,0,0,0,-1,0,8,0
4284,,3,1024,0,0,0,-1,0,8,0
4285,,3,1024,0,0,0,-1,0,8,0
4286,,3,1024,0,0,0,-1,0,8,0
4287,,3,1024,0,0,0,-1,0,8,0
4288,完成“梦魇来袭”,3,1024,0,0,0,-1,76335,1572872,0
4289,找回各个创世之柱并完成“梦魇来袭”,3,1024,0,0,0,-1,76336,-935853912,0
4290,完成“圣光的代价”和“梦魇来袭”,3,1024,0,0,0,-1,76337,-935853912,0
4291,完成你的职业大厅战役的第一章和“梦魇来袭”,3,1024,0,0,0,-1,76338,-935853912,0
4292,,3,1024,0,0,0,-1,0,2097152,0
4293,,3,1024,0,0,0,-1,0,2097152,0
4294,,3,1024,0,0,0,-1,0,2097152,0
4295,,3,1024,0,0,0,-1,0,2097152,0
4296,,3,1024,0,0,0,-1,0,2097152,0
4297,,3,1024,0,0,0,-1,0,32,0
4298,,3,1024,0,0,0,-1,0,32,0
4299,,3,1024,0,0,0,-1,0,32,0
4300,,3,1024,0,0,0,-1,0,32,0
4301,,3,1024,0,0,0,-1,0,32,0
4302,,3,1024,0,0,0,-1,0,128,0
4303,,3,1024,0,0,0,-1,0,128,0
4304,,3,1024,0,0,0,-1,0,128,0
4305,,3,1024,0,0,0,-1,0,128,0
4306,,3,1024,0,0,0,-1,0,128,0
4307,,3,1024,0,0,0,-1,0,134217728,0
4308,,3,1024,0,0,0,-1,0,134217728,0
4309,,3,1024,0,0,0,-1,0,134217728,0
4310,,3,1024,0,0,0,-1,0,134217728,0
4311,,3,1024,0,0,0,-1,0,-2147483648,-1
4312,,3,1024,0,0,0,-1,0,-2147483648,-1
4313,,3,1024,0,0,0,-1,0,-2147483648,-1
4314,,3,1024,0,0,0,-1,0,-2147483648,-1
4315,,3,1024,0,0,0,-1,0,1073741824,0
4316,,3,1024,0,0,0,-1,0,1073741824,0
4317,,3,1024,0,0,0,-1,0,1073741824,0
4318,,3,1024,0,0,0,-1,0,1073741824,0
4319,完成你的职业大厅战役,3,1024,0,0,0,-1,96471,-935853912,0
4320,完成你的职业大厅战役,3,1024,0,0,0,-1,96470,-935853912,0
4321,完成你的职业大厅战役,3,1024,0,0,0,-1,96472,-935853912,0
4322,完成“此面向上”成就和你的职业大厅战役,3,1024,0,0,0,-1,96473,-935853912,0
4323,完成“怪兽出笼”成就和“能量的平衡”,3,1024,0,0,0,-1,96475,-935853912,0
4324,能量的平衡,3,1024,0,0,0,-1,96474,-935853912,0
4325,完成“钥石大师”成就和“能量的平衡”,3,1024,0,0,0,-1,96476,-935853912,0
4326,完成“军团英雄的荣耀”成就和“能量的平衡”,3,1024,0,0,0,-1,96477,-935853912,0
4327,荣誉等级达到10级,3,1024,0,0,0,-1,96478,-935853912,0
4328,荣誉等级达到30级,3,1024,0,0,0,-1,96479,-935853912,0
4329,荣誉等级达到50级,3,1024,0,0,0,-1,96480,-935853912,0
4330,荣誉等级达到80级,3,1024,0,0,0,-1,96481,-935853912,0
4331,解锁林地守护者（棕色）后完成30个“军团再临”地下城,3,1024,0,0,0,-1,96487,-935853912,0
4332,？？？,3,1024,0,0,0,-1,96486,-935853912,0
4333,解锁林地守护者（棕色）后完成200个世界任务,3,1024,0,0,0,-1,96488,-935853912,0
4334,解锁林地守护者（棕色）后获得1000次荣誉消灭,3,1024,0,0,0,-1,96489,-935853912,0
4335,,3,1024,0,0,0,-1,96482,-935853912,0
4336,,3,1024,0,0,0,-1,96483,-935853912,0
4337,,3,1024,0,0,0,-1,96484,-935853912,0
4338,,3,1024,0,0,0,-1,96485,-935853912,0
4339,,3,1024,0,0,0,-1,76335,134217760,0
4340,,3,1024,0,0,0,-1,76335,1073741952,0
4341,,3,1024,0,0,0,-1,76335,-2145386496,-1
4342,守护德鲁伊法师塔,3,1024,0,15312,0,-1,0,-935853912,0
4344,,3,1024,0,0,0,-1,0,8,0
4345,,3,1024,0,0,0,-1,0,8,0
4346,,3,1024,0,0,0,-1,0,8,0
4347,,3,1024,0,0,0,-1,0,8,0
4348,,3,1024,0,0,0,-1,0,8,0
4349,,3,1024,0,0,0,-1,0,2097152,0
4350,,3,1024,0,0,0,-1,0,2097152,0
4351,,3,1024,0,0,0,-1,0,2097152,0
4352,,3,1024,0,0,0,-1,0,2097152,0
4353,,3,1024,0,0,0,-1,0,2097152,0
4354,,3,1024,0,0,0,-1,0,32,0
4355,,3,1024,0,0,0,-1,0,32,0
4356,,3,1024,0,0,0,-1,0,32,0
4357,,3,1024,0,0,0,-1,0,32,0
4358,,3,1024,0,0,0,-1,0,32,0
4359,,3,1024,0,0,0,-1,0,128,0
4360,,3,1024,0,0,0,-1,0,128,0
4361,,3,1024,0,0,0,-1,0,128,0
4362,,3,1024,0,0,0,-1,0,128,0
4363,,3,1024,0,0,0,-1,0,128,0
4364,,3,1024,0,0,0,-1,0,134217728,0
4365,,3,1024,0,0,0,-1,0,134217728,0
4366,,3,1024,0,0,0,-1,0,134217728,0
4367,,3,1024,0,0,0,-1,0,134217728,0
4368,,3,1024,0,0,0,-1,0,1073741824,0
4369,,3,1024,0,0,0,-1,0,1073741824,0
4370,,3,1024,0,0,0,-1,0,1073741824,0
4371,,3,1024,0,0,0,-1,0,1073741824,0
4372,,3,1024,0,0,0,-1,0,-2147483648,-1
4373,,3,1024,0,0,0,-1,0,-2147483648,-1
4374,,3,1024,0,0,0,-1,0,-2147483648,-1
4375,,3,1024,0,0,0,-1,0,-2147483648,-1
4376,完成“阿莎曼之牙”,3,1024,0,0,0,-1,76524,1572872,0
4377,找回各个创世之柱并完成“阿莎曼之牙”,3,1024,0,0,0,-1,77022,-935853912,0
4378,完成“圣光的代价”和“阿莎曼之牙”,3,1024,0,0,0,-1,77023,-935853912,0
4379,完成你的职业大厅战役的第一章和“阿莎曼之牙”,3,1024,0,0,0,-1,77024,-935853912,0
4380,完成你的职业大厅战役,3,1024,0,0,0,-1,96450,-935853912,0
4381,完成你的职业大厅战役,3,1024,0,0,0,-1,96451,-935853912,0
4382,完成你的职业大厅战役,3,1024,0,0,0,-1,96452,-935853912,0
4383,完成“此面向上”成就和你的职业大厅战役,3,1024,0,0,0,-1,96453,-935853912,0
4384,能量的平衡,3,1024,0,0,0,-1,96454,-935853912,0
4385,完成“怪兽出笼”成就和“能量的平衡”,3,1024,0,0,0,-1,96455,-935853912,0
4386,完成“钥石大师”成就和“能量的平衡”,3,1024,0,0,0,-1,96456,-935853912,0
4387,完成“军团英雄的荣耀”成就和“能量的平衡”,3,1024,0,0,0,-1,96457,-935853912,0
4388,荣誉等级达到10级,3,1024,0,0,0,-1,96458,-935853912,0
4389,荣誉等级达到30级,3,1024,0,0,0,-1,96459,-935853912,0
4390,荣誉等级达到50级,3,1024,0,0,0,-1,96460,-935853912,0
4391,荣誉等级达到80级,3,1024,0,0,0,-1,96461,-935853912,0
4392,,3,1024,0,0,0,-1,96462,-935853912,0
4393,,3,1024,0,0,0,-1,96463,-935853912,0
4394,,3,1024,0,0,0,-1,96464,-935853912,0
4395,,3,1024,0,0,0,-1,96465,-935853912,0
4396,？？？,3,1024,0,0,0,-1,96466,-935853912,0
4397,解锁月魂（棕色）后完成30个“军团再临”地下城,3,1024,0,0,0,-1,96467,-935853912,0
4398,解锁月魂（棕色）后完成200个世界任务,3,1024,0,0,0,-1,96468,-935853912,0
4399,解锁月魂（棕色）后获得1000次荣誉消灭,3,1024,0,0,0,-1,96469,-935853912,0
4400,,3,1024,0,19451,0,-1,0,-935853912,0
4401,,3,1024,0,0,0,-1,76524,1073741952,0
4402,,3,1024,0,0,0,-1,76524,134217760,0
4403,,3,1024,0,0,0,-1,76524,-2145386496,-1
4404,,3,-7168,0,0,0,-1,0,-1,-1
4405,,3,-7168,0,0,0,-1,0,-1,-1
4406,药剂师汉摩尔,3,-1,0,0,79088,-1,0,-1,-1
4407,查看颜色,1,256,0,0,0,-1,0,-1,-1
4408,查看颜色,1,256,0,0,0,-1,0,-1,-1
4409,查看颜色,1,256,0,0,0,-1,0,-1,-1
4410,查看颜色,1,256,0,0,0,-1,0,-1,-1
4411,春节商人,3,-1,0,0,79112,-1,0,-1,-1
4412,？？？,1,256,0,0,79359,-1,0,-1,-1
4413,魔典：血狂暴君,1,256,0,0,79374,-1,0,-1,-1
4414,商人出售：琪琪·兆空,1,256,0,0,79376,-1,0,-1,-1
4415,魔典：恶毒暴君,1,256,0,0,79373,-1,0,-1,-1
4416,魔典：邪蛮暴君,1,256,0,0,79375,-1,0,-1,-1
4417,魔典：受诅眼魔,1,256,0,0,79443,-1,0,-1,-1
4418,魔典：狂热眼魔,1,256,0,0,79444,-1,0,-1,-1
4419,魔典：噬法眼魔,1,256,0,0,79446,-1,0,-1,-1
4420,魔典：染疫眼魔,1,256,0,0,79449,-1,0,-1,-1
4421,魔典：呢喃眼魔,1,256,0,0,79450,-1,0,-1,-1
4422,魔典：凶暴眼魔,1,256,0,0,79447,-1,0,-1,-1
4423,魔典：深渊黑眼,1,256,0,0,79457,-1,0,-1,-1
4424,魔典：克索诺斯黑眼,1,256,0,0,79455,-1,0,-1,-1
4425,魔典：塑隙黑眼,1,256,0,0,79458,-1,0,-1,-1
4426,魔典：艾瑞达斯黑眼,1,256,0,0,79456,-1,0,-1,-1
4473,任务奖励,3,-1,0,0,79690,-1,0,-1,-1
4474,角斗士PvP等级（“巨龙时代”第4赛季）,3,-1,0,0,80014,-1,0,-1,-1
4475,,2,0,0,0,0,-1,0,-1,-1
4476,,2,0,0,0,0,-1,0,-1,-1
4477,,3,32,0,0,0,-1,0,-1,-1
4478,,3,32,0,0,0,-1,0,-1,-1
4479,,3,-1,0,0,82117,-1,0,-1,-1
4480,多恩诺嘉尔的雷诺·杰克逊,3,-1,0,0,82187,-1,0,-1,-1
4481,,3,-1,0,0,0,-1,0,-1,-1
4482,,3,-1,0,0,82189,-1,0,-1,-1
4483,多恩诺嘉尔的芬利·莫格顿爵士,3,-1,0,0,82190,-1,0,-1,-1
4484,多恩诺嘉尔的芬利·莫格顿爵士,3,-1,0,0,82191,-1,0,-1,-1
4485,,3,-1,0,0,0,-1,0,-1,-1
4486,,3,-1,0,0,82166,-1,0,-1,-1
4487,多恩诺嘉尔的芬利·莫格顿爵士,3,-1,0,0,82167,-1,0,-1,-1
4488,多恩诺嘉尔的芬利·莫格顿爵士,3,-1,0,0,82168,-1,0,-1,-1
4489,,3,-1,0,0,82169,-1,0,-1,-1
4490,多恩诺嘉尔的雷诺·杰克逊,3,-1,0,0,82170,-1,0,-1,-1
4491,多恩诺嘉尔的芬利·莫格顿爵士,3,-1,0,0,82171,-1,0,-1,-1
4492,,3,-1,0,0,0,-1,0,-1,-1
4493,多恩诺嘉尔的芬利·莫格顿爵士,3,-1,0,0,82173,-1,0,-1,-1
4494,,3,-1,0,0,82174,-1,0,-1,-1
4495,,3,-1,0,0,82175,-1,0,-1,-1
4496,多恩诺嘉尔的雷诺·杰克逊,3,-1,0,0,82176,-1,0,-1,-1
4497,第1赛季地下堡,3,-1,0,0,82177,-1,0,-1,-1
4498,多恩诺嘉尔的芬利·莫格顿爵士,3,-1,0,0,0,-1,0,-1,-1
4499,多恩诺嘉尔的雷诺·杰克逊,3,-1,0,0,82179,-1,0,-1,-1
4500,多恩诺嘉尔的芬利·莫格顿爵士,3,-1,0,0,82180,-1,0,-1,-1
4501,多恩诺嘉尔的芬利·莫格顿爵士,3,-1,0,0,82181,-1,0,-1,-1
4502,多恩诺嘉尔的芬利·莫格顿爵士,3,-1,0,0,82182,-1,0,-1,-1
4503,多恩诺嘉尔的芬利·莫格顿爵士,3,-1,0,0,82183,-1,0,-1,-1
4504,,3,-1,0,0,0,-1,0,-1,-1
4505,多恩诺嘉尔的雷诺·杰克逊,3,-1,0,0,82185,-1,0,-1,-1
4506,,3,-1,0,0,82186,-1,0,-1,-1
4507,,3,-1,0,0,82192,-1,0,-1,-1
4508,,3,-1,0,0,82193,-1,0,-1,-1
4509,,3,-1,0,0,82194,-1,0,1309324210,-1440044374
4542,仲夏火焰节,3,-1,0,0,82741,-1,0,-1,-1
4544,仲夏火焰节,3,-1,0,0,82741,-1,0,-1,-1
4545,,3,-1,0,0,83135,-1,0,-1,-1
4546,,3,-1,0,0,0,-1,0,-1,-1
4547,首领掉落：难度 11的泽克维尔的巢穴的泽克维尔,3,-1,0,0,83308,-1,0,-1,-1
4548,,3,-1,0,0,0,-1,0,-1,-1
4549,,3,-1,0,0,0,-1,0,-1,-1
4555,多恩诺嘉尔的雷诺·杰克逊,3,-1,0,0,85175,-1,0,-1,-1
4557,多恩诺嘉尔的雷诺·杰克逊,3,-1,0,0,85177,-1,0,-1,-1
4559,多恩诺嘉尔的雷诺·杰克逊,3,-1,0,0,85179,-1,0,-1,-1
4561,多恩诺嘉尔的雷诺·杰克逊,3,-1,0,0,85181,-1,0,-1,-1
4563,多恩诺嘉尔的雷诺·杰克逊,3,-1,0,0,85183,-1,0,-1,-1
4564,成就：前有单挑：幽坑太保,3,-1,0,0,86296,-1,0,-1,-1
4565,,3,-1,0,0,0,-1,0,-1,-1
4566,,3,1024,0,0,0,-1,0,1572864,0
4567,,3,-7168,0,0,0,-1,0,-1,-1
4568,圣焰之耀的拉尔斯·布伦迈特,3,-1,0,0,86198,-1,0,-1,-1
4569,[DNT] Airship - Nightfall - Decal - Source TBD,3,-1,0,0,86199,-1,0,-1,-1
4570,,3,-7168,0,0,0,-1,0,1572864,0
4572,,3,-1,16,0,0,-1,0,-1,-1
4575,,3,-1,0,0,0,-1,0,-1,-1
4576,多恩诺嘉尔的雷诺·杰克逊,3,-1,0,0,88814,-1,0,0,0
4577,多恩诺嘉尔的雷诺·杰克逊,3,-1,0,0,88815,-1,0,0,0
4578,多恩诺嘉尔的雷诺·杰克逊,3,-1,0,0,88816,-1,0,0,0
4579,多恩诺嘉尔的雷诺·杰克逊,3,-1,0,0,88817,-1,0,0,0
4580,多恩诺嘉尔的雷诺·杰克逊,3,-1,0,0,88820,-1,0,0,0
4581,成就：前有单挑：节点女亲王凯威扎,3,-1,0,0,88819,-1,0,-1,-1
4586,,3,-7168,0,0,0,-1,0,1572864,0
4597,,3,-1,0,0,0,-1,0,-1,-1
4598,,3,2048,0,0,0,-1,0,-1,-1
4599,,3,-1,0,0,0,-1,0,-1,-1
4600,,3,2048,0,0,0,-1,0,-1,-1
4601,,3,2048,0,0,0,-1,0,-1,-1
4602,,3,2048,0,0,0,-1,0,-1,-1
4603,,3,-1,0,0,82192,-1,0,-1321907123,1427461461
4604,,3,-1,-2048,0,0,-1,0,0,0
4647,阿曼尼部族,3,0,0,41803,0,-1,0,128,0
4649,军团再临：幻境新生,3,1024,0,0,92638,-1,0,0,0
4656,,3,-7168,0,0,0,-1,0,1572864,0
4657,,3,-31744,0,0,0,-1,0,1572864,0
4664,,3,-7168,0,0,0,-1,0,1572864,0
4671,,3,-7168,0,0,0,-1,0,1572864,0
4674,,3,-7168,0,0,0,-1,0,1572864,0
4717,,3,-31744,0,0,0,-1,0,1572864,0
4718,,3,-31744,0,0,0,-1,0,1572864,0
4719,,3,-31744,0,0,0,-1,0,1572864,0
4720,,3,-31744,0,0,0,-1,0,1572864,0
4721,,3,-31744,0,0,0,-1,0,1572864,0
4722,,3,-31744,0,0,0,-1,0,1572864,0
4723,,3,-31744,0,0,0,-1,0,1572864,0
4724,,3,-31744,0,0,0,-1,0,1572864,0
4725,,3,-31744,0,0,0,-1,0,1572864,0
4726,,3,-31744,0,0,0,-1,0,1572864,0
4727,,3,-31744,0,0,0,-1,0,1572864,0
4728,,3,-31744,0,0,0,-1,0,1572864,0
4729,,3,-31744,0,0,0,-1,0,1572864,0
4730,,3,-31744,0,0,0,-1,0,1572864,0
4731,,3,-31744,0,0,0,-1,0,1572864,0
4732,,3,-31744,0,0,0,-1,0,1572864,0
4733,,3,-31744,0,0,0,-1,0,1572864,0
4734,,3,-31744,0,0,0,-1,0,1572864,0
4735,,3,-31744,0,0,0,-1,0,1572864,0
4736,,3,-31744,0,0,0,-1,0,1572864,0
4737,,3,-31744,0,0,0,-1,0,1572864,0
4738,,3,-31744,0,0,0,-1,0,1572864,0
4739,,3,-31744,0,0,0,-1,0,1572864,0
4740,,3,-31744,0,0,0,-1,0,1572864,0
4741,,3,-31744,0,0,0,-1,0,1572864,0
4742,,3,-31744,0,0,0,-1,0,1572864,0
4743,,3,-31744,0,0,0,-1,0,1572864,0
4744,,3,-31744,0,0,0,-1,0,1572864,0
4745,,3,-31744,0,0,0,-1,0,1572864,0
4746,,3,-31744,0,0,0,-1,0,1572864,0
4817,完成虚影风暴的碎夜故事线,1,256,0,0,96244,-1,0,-1,-1
4890,谦卑飞鸟印记,3,1024,0,14667,0,-1,0,1572864,0
