ID,FullName_lang,ShortName_lang,GroupFinderCategoryID,OrderIndex,GroupFinderActivityGrpID,Flags,MinGearLevelSuggestion,PlayerConditionID,MapID,DifficultyID,AreaID,ExpansionID,MaxPlayers,DisplayType,Field_11_0_7_57361_013,Field_11_0_7_57361_014,Field_11_0_7_57361_015,Field_11_0_7_57361_016,OverrideContentTuningID,MapChallengeModeID
2,泰达希尔,泰达希尔,1,0,3,258,0,0,1,0,141,0,0,4,0,0,0,0,0,0
3,西部荒野,西部荒野,1,0,2,258,0,0,0,0,40,0,0,4,0,0,0,0,0,0
4,决战奥格瑞玛（普通难度）,普通,3,0,1,35,0,0,1136,14,0,4,30,0,0,0,0,0,0,0
6,竞技场（2v2）,2v2,4,0,0,36,0,78463,0,0,0,0,2,2,0,0,0,0,0,0
7,竞技场（3v3）,3v3,4,1,0,36,0,78463,0,0,0,0,3,2,0,0,0,0,0,0
9,熔火之心,熔火之心,3,-1,0,34,0,0,409,9,0,0,40,0,0,0,0,0,0,0
14,竞技场练习赛（2v2）,2v2,7,0,0,36,0,86427,0,0,0,0,2,2,0,0,0,0,0,0
15,战场,战场,8,0,0,36,0,86429,0,0,0,0,5,1,0,0,0,0,0,0
16,自定义PvE,自定义,6,0,0,1058,0,0,0,0,0,0,0,0,0,0,0,0,0,0
17,自定义PvP,自定义PvP,6,0,0,36,0,0,0,0,0,0,0,0,0,0,0,0,0,0
18,死亡矿井（普通）,普通,2,0,5,98,0,0,36,1,0,0,5,1,0,0,0,0,0,0
19,评级战场,评级战场,9,0,0,36,0,78463,0,0,0,0,0,0,0,0,0,0,0,0
21,血槌炉渣矿井（普通）,普通,2,1,6,99,0,0,1175,1,0,5,5,1,0,0,0,0,0,0
22,钢铁码头（普通）,普通,2,1,7,99,17,87337,1195,1,0,5,5,1,0,0,0,0,0,0
23,奥金顿（普通）,普通,2,1,8,99,0,0,1182,1,0,5,5,1,0,0,0,0,0,0
24,通天峰（普通）,普通,2,1,9,99,0,147982,1209,1,0,5,5,1,0,0,0,0,0,0
25,恐轨车站（普通）,普通,2,1,10,99,0,87337,1208,1,0,5,5,1,0,0,0,0,0,0
26,永茂林地（普通）,普通,2,1,11,99,0,0,1279,1,0,5,5,1,0,0,0,0,0,0
27,影月墓地（普通）,普通,2,1,12,99,0,0,1176,1,0,5,5,1,0,0,0,0,0,0
28,黑石塔上层（普通）,普通,2,1,13,99,0,0,1358,1,0,5,5,1,0,0,0,0,0,0
29,血槌炉渣矿井（英雄）,英雄,2,2,6,99,0,0,1175,2,0,5,5,1,0,0,0,0,0,0
30,钢铁码头（英雄）,英雄,2,2,7,99,17,87337,1195,2,0,5,5,1,0,0,0,0,0,0
31,奥金顿（英雄）,英雄,2,2,8,99,0,0,1182,2,0,5,5,1,0,0,0,0,0,0
32,通天峰（英雄）,英雄,2,2,9,99,217,145451,1209,2,0,5,5,1,0,0,0,0,0,0
33,恐轨车站（英雄）,英雄,2,2,10,99,0,87337,1208,2,0,5,5,1,0,0,0,0,0,0
34,永茂林地（英雄）,英雄,2,2,11,99,0,0,1279,2,0,5,5,1,0,0,0,0,0,0
35,影月墓地（英雄）,英雄,2,2,12,99,0,0,1176,2,0,5,5,1,0,0,0,0,0,0
36,黑石塔上层（英雄）,英雄,2,2,13,99,0,0,1358,2,0,5,5,1,0,0,0,0,0,0
37,悬槌堡（普通）,普通,3,0,14,35,0,27290,1228,14,0,5,30,0,0,0,0,0,0,0
38,悬槌堡（英雄）,英雄,3,0,14,35,0,27291,1228,15,0,5,30,0,0,0,0,0,0,0
39,黑石铸造厂（普通）,普通,3,0,15,35,0,27806,1205,14,0,5,30,0,0,0,0,0,0,0
40,黑石铸造厂（英雄）,英雄,3,0,15,35,0,27807,1205,15,0,5,30,0,0,0,0,0,0,0
41,决战奥格瑞玛（英雄）,英雄,3,0,1,35,0,0,1136,15,0,4,30,0,0,0,0,0,0,0
42,决战奥格瑞玛（史诗）,史诗,3,0,1,35,0,0,1136,16,0,4,20,0,0,0,0,0,0,0
43,纳克萨玛斯（10人）,10人,3,0,16,35,0,0,533,3,0,2,10,0,0,0,0,0,0,0
44,纳克萨玛斯（25人）,25人,3,0,16,35,0,0,533,4,0,2,25,0,0,0,0,0,0,0
45,卡拉赞,卡拉赞,3,0,0,35,0,0,532,3,0,1,10,0,0,0,0,0,0,0
46,冰冠堡垒（10人普通）,10人普通,3,0,17,547,0,0,631,3,0,2,10,0,0,0,0,0,0,0
47,冰冠堡垒（10人英雄）,10人英雄,3,0,17,547,0,0,631,5,0,2,10,0,0,0,0,0,0,0
48,冰冠堡垒（25人普通）,25人普通,3,0,17,547,0,0,631,4,0,2,25,0,0,0,0,0,0,0
49,冰冠堡垒（25人英雄）,25人英雄,3,0,17,547,0,0,631,6,0,2,25,0,0,0,0,0,0,0
50,哀嚎洞穴（普通）,哀嚎洞穴,2,0,0,98,0,0,43,1,0,0,5,1,0,0,0,0,0,0
51,通灵学院（普通）,普通,2,0,18,98,0,0,1007,1,0,0,5,1,0,0,0,0,0,0
52,怒焰裂谷（普通）,怒焰裂谷,2,0,0,98,0,0,389,1,0,0,5,1,0,0,0,0,0,0
53,影牙城堡（普通）,普通,2,0,19,98,0,0,33,1,0,0,5,1,0,0,0,0,0,0
54,黑暗深渊（普通）,黑暗深渊,2,0,0,98,0,0,48,1,0,0,5,1,0,0,0,0,0,0
55,暴风城监狱（普通）,暴风城监狱,2,0,0,98,0,0,34,1,0,0,5,1,0,0,0,0,0,0
56,诺莫瑞根（普通）,诺莫瑞根,2,0,0,98,0,0,90,1,0,0,5,1,0,0,0,0,0,0
57,剃刀沼泽（普通）,剃刀沼泽,2,0,0,98,0,0,47,1,0,0,5,1,0,0,0,0,0,0
58,剃刀高地（普通）,剃刀高地,2,0,0,98,0,0,129,1,0,0,5,1,0,0,0,0,0,0
59,奥达曼（普通）,奥达曼,2,0,0,98,0,0,70,1,0,0,5,1,0,0,0,0,0,0
60,祖尔法拉克（普通）,祖尔法拉克,2,0,0,98,0,0,209,1,0,0,5,1,0,0,0,0,0,0
61,玛拉顿（普通）,玛拉顿,2,0,0,98,0,0,349,1,0,0,5,1,0,0,0,0,0,0
62,沉没的神庙（普通）,沉没的神庙,2,0,0,98,0,0,109,1,0,0,5,1,0,0,0,0,0,0
63,黑石深渊（普通）,黑石深渊,2,0,0,98,0,0,230,1,0,0,5,1,0,0,0,0,0,0
64,黑石塔下层（普通）,黑石塔下层,2,0,0,98,0,0,229,1,0,0,5,1,0,0,0,0,0,0
65,厄运之槌（普通）,厄运之槌,2,0,0,98,0,0,429,1,0,0,5,1,0,0,0,0,0,0
66,斯坦索姆（普通）,斯坦索姆,2,0,0,98,0,0,329,1,0,0,5,1,0,0,0,0,0,0
67,地狱火城墙（普通）,普通,2,0,20,98,0,0,543,1,0,1,5,1,0,0,0,0,0,0
68,鲜血熔炉（普通）,普通,2,0,21,98,0,0,542,1,0,1,5,1,0,0,0,0,0,0
69,破碎大厅（普通）,普通,2,0,22,98,0,0,540,1,0,1,5,1,0,0,0,0,0,0
70,奴隶围栏（普通）,普通,2,0,23,98,0,0,547,1,0,1,5,1,0,0,0,0,0,0
71,幽暗沼泽（普通）,普通,2,0,24,98,0,0,546,1,0,1,5,1,0,0,0,0,0,0
72,蒸汽地窟（普通）,普通,2,0,25,98,0,0,545,1,0,1,5,1,0,0,0,0,0,0
73,法力陵墓（普通）,普通,2,0,26,98,0,0,557,1,0,1,5,1,0,0,0,0,0,0
74,奥金尼地穴（普通）,普通,2,0,27,98,0,0,558,1,0,1,5,1,0,0,0,0,0,0
75,塞泰克大厅（普通）,普通,2,0,28,98,0,0,556,1,0,1,5,1,0,0,0,0,0,0
76,暗影迷宫（普通）,普通,2,0,29,98,0,0,555,1,0,1,5,1,0,0,0,0,0,0
77,血色大厅（普通）,普通,2,0,30,98,0,0,1001,1,0,0,5,1,0,0,0,0,0,0
78,血色修道院（普通）,普通,2,0,31,98,0,0,1004,1,0,0,5,1,0,0,0,0,0,0
79,逃离敦霍尔德（普通）,普通,2,0,32,98,0,0,560,1,0,1,5,1,0,0,0,0,0,0
80,开启黑暗之门（普通）,普通,2,0,33,98,0,0,269,1,0,1,5,1,0,0,0,0,0,0
81,能源舰（普通）,普通,2,0,34,98,0,0,554,1,0,1,5,1,0,0,0,0,0,0
82,生态船（普通）,普通,2,0,35,98,0,0,553,1,0,1,5,1,0,0,0,0,0,0
83,禁魔监狱（普通）,普通,2,0,36,98,0,0,552,1,0,1,5,1,0,0,0,0,0,0
84,奥金尼地穴（英雄）,英雄,2,0,27,98,0,0,558,2,0,1,5,1,0,0,0,0,0,0
85,法力陵墓（英雄）,英雄,2,0,26,98,0,0,557,2,0,1,5,1,0,0,0,0,0,0
86,塞泰克大厅（英雄）,英雄,2,0,28,98,0,0,556,2,0,1,5,1,0,0,0,0,0,0
87,暗影迷宫（英雄）,英雄,2,0,29,98,0,0,555,2,0,1,5,1,0,0,0,0,0,0
88,开启黑暗之门（英雄）,英雄,2,0,33,98,0,0,269,2,0,1,5,1,0,0,0,0,0,0
89,逃离敦霍尔德（英雄）,英雄,2,0,32,98,0,0,560,2,0,1,5,1,0,0,0,0,0,0
90,奴隶围栏（英雄）,英雄,2,0,23,98,0,0,547,2,0,1,5,1,0,0,0,0,0,0
91,蒸汽地窟（英雄）,英雄,2,0,25,98,0,0,545,2,0,1,5,1,0,0,0,0,0,0
92,幽暗沼泽（英雄）,英雄,2,0,24,98,0,0,546,2,0,1,5,1,0,0,0,0,0,0
93,鲜血熔炉（英雄）,英雄,2,0,21,98,0,0,542,2,0,1,5,1,0,0,0,0,0,0
94,地狱火城墙（英雄）,英雄,2,0,20,98,0,0,543,2,0,1,5,1,0,0,0,0,0,0
95,破碎大厅（英雄）,英雄,2,0,22,98,0,0,540,2,0,1,5,1,0,0,0,0,0,0
96,禁魔监狱（英雄）,英雄,2,0,36,98,0,0,552,2,0,1,5,1,0,0,0,0,0,0
97,生态船（英雄）,英雄,2,0,35,98,0,0,553,2,0,1,5,1,0,0,0,0,0,0
98,能源舰（英雄）,英雄,2,0,34,98,0,0,554,2,0,1,5,1,0,0,0,0,0,0
99,魔导师平台（普通）,普通,2,0,37,98,0,0,585,1,0,1,5,1,0,0,0,0,0,0
100,魔导师平台（英雄）,英雄,2,0,37,98,0,0,585,2,0,1,5,1,0,0,0,0,0,0
101,乌特加德城堡（普通）,普通,2,0,38,98,0,0,574,1,0,2,5,1,0,0,0,0,0,0
102,乌特加德之巅（普通）,普通,2,0,39,98,0,0,575,1,0,2,5,1,0,0,0,0,0,0
103,艾卓-尼鲁布（普通）,普通,2,0,40,98,0,0,601,1,0,2,5,1,0,0,0,0,0,0
104,魔环（普通）,普通,2,0,41,98,0,0,578,1,0,2,5,1,0,0,0,0,0,0
105,闪电大厅（普通）,普通,2,0,42,98,0,0,602,1,0,2,5,1,0,0,0,0,0,0
106,岩石大厅（普通）,普通,2,0,43,98,0,0,599,1,0,2,5,1,0,0,0,0,0,0
107,净化斯坦索姆（普通）,普通,2,0,44,98,0,0,595,1,0,1,5,1,0,0,0,0,0,0
108,达克萨隆要塞（普通）,普通,2,0,45,98,0,0,600,1,0,2,5,1,0,0,0,0,0,0
109,古达克（普通）,普通,2,0,46,98,0,0,604,1,0,2,5,1,0,0,0,0,0,0
110,安卡赫特：古代王国（普通）,普通,2,0,47,98,0,0,619,1,0,2,5,1,0,0,0,0,0,0
111,紫罗兰监狱（普通）,普通,2,0,48,98,0,0,608,1,0,2,5,1,0,0,0,0,0,0
112,魔枢（普通）,普通,2,0,49,98,0,0,576,1,0,2,5,1,0,0,0,0,0,0
113,冠军的试炼（普通）,普通,2,0,50,610,0,0,650,1,0,2,5,1,0,0,0,0,0,0
114,灵魂洪炉（普通）,普通,2,0,51,98,0,0,632,1,0,2,5,1,0,0,0,0,0,0
115,萨隆矿坑（普通）,普通,2,1,52,98,0,147981,658,1,0,2,5,1,0,0,0,0,0,0
116,映像大厅（普通）,普通,2,0,53,98,0,0,668,1,0,2,5,1,0,0,0,0,0,0
117,乌特加德之巅（英雄）,英雄,2,0,39,98,0,0,575,2,0,2,5,1,0,0,0,0,0,0
118,净化斯坦索姆（英雄）,英雄,2,0,44,98,0,0,595,2,0,2,5,1,0,0,0,0,0,0
119,魔环（英雄）,英雄,2,0,41,98,0,0,578,2,0,2,5,1,0,0,0,0,0,0
120,闪电大厅（英雄）,英雄,2,0,42,98,0,0,602,2,0,2,5,1,0,0,0,0,0,0
121,岩石大厅（英雄）,英雄,2,0,43,98,0,0,599,2,0,2,5,1,0,0,0,0,0,0
122,达克萨隆要塞（英雄）,英雄,2,0,45,98,0,0,600,2,0,2,5,1,0,0,0,0,0,0
123,古达克（英雄）,英雄,2,0,46,98,0,0,604,2,0,2,5,1,0,0,0,0,0,0
124,安卡赫特：古代王国（英雄）,英雄,2,0,47,98,0,0,619,2,0,2,5,1,0,0,0,0,0,0
125,紫罗兰监狱（英雄）,英雄,2,0,48,98,0,0,608,2,0,2,5,1,0,0,0,0,0,0
126,魔枢（英雄）,英雄,2,0,49,98,0,0,576,2,0,2,5,1,0,0,0,0,0,0
127,艾卓-尼鲁布（英雄）,英雄,2,0,40,98,0,0,601,2,0,2,5,1,0,0,0,0,0,0
128,乌特加德城堡（英雄）,英雄,2,0,38,98,0,0,574,2,0,2,5,1,0,0,0,0,0,0
129,冠军的试炼（英雄）,英雄,2,0,50,610,0,0,650,2,0,2,5,1,0,0,0,0,0,0
130,灵魂洪炉（英雄）,英雄,2,0,51,98,0,0,632,2,0,2,5,1,0,0,0,0,0,0
131,萨隆矿坑（英雄）,英雄,2,2,52,99,217,145450,658,2,0,2,5,1,0,0,0,0,0,0
132,映像大厅（英雄）,英雄,2,0,53,98,0,0,668,2,0,2,5,1,0,0,0,0,0,0
133,潮汐王座（普通）,普通,2,0,54,98,0,0,643,1,0,3,5,1,0,0,0,0,0,0
134,黑石岩窟（普通）,普通,2,0,55,98,0,0,645,1,0,3,5,1,0,0,0,0,0,0
135,格瑞姆巴托（普通）,普通,2,1,56,99,0,0,670,1,0,3,5,1,0,0,0,0,0,0
136,起源大厅（普通）,普通,2,0,57,98,0,0,644,1,0,3,5,1,0,0,0,0,0,0
137,巨石之核（普通）,普通,2,0,58,98,0,0,725,1,0,3,5,1,0,0,0,0,0,0
138,旋云之巅（普通）,普通,2,8,59,98,0,0,657,1,0,3,5,1,0,0,0,0,0,0
139,托维尔失落之城（普通）,普通,2,0,60,98,0,0,755,1,0,3,5,1,0,0,0,0,0,0
140,旋云之巅（英雄）,英雄,2,8,59,98,0,0,657,2,0,3,5,1,0,0,0,0,0,0
141,巨石之核（英雄）,英雄,2,0,58,98,0,0,725,2,0,3,5,1,0,0,0,0,0,0
142,起源大厅（英雄）,英雄,2,0,57,98,0,0,644,2,0,3,5,1,0,0,0,0,0,0
143,格瑞姆巴托（英雄）,英雄,2,2,56,99,80,127178,670,2,0,3,5,1,0,0,0,0,0,0
144,黑石岩窟（英雄）,英雄,2,0,55,98,0,0,645,2,0,3,5,1,0,0,0,0,0,0
146,潮汐王座（英雄）,英雄,2,0,54,98,0,0,643,2,0,3,5,1,0,0,0,0,0,0
147,托维尔失落之城（英雄）,英雄,2,0,60,98,0,0,755,2,0,3,5,1,0,0,0,0,0,0
148,死亡矿井（英雄）,英雄,2,0,5,98,0,0,36,2,0,3,5,1,0,0,0,0,0,0
149,影牙城堡（英雄）,英雄,2,0,19,98,0,0,33,2,0,3,5,1,0,0,0,0,0,0
150,祖尔格拉布（英雄）,祖尔格拉布,2,0,0,98,0,0,859,2,0,3,5,1,0,0,0,0,0,0
151,祖阿曼（英雄）,祖阿曼,2,0,0,98,0,0,568,2,0,3,5,1,0,0,0,0,0,0
152,时光之末（英雄）,时光之末,2,0,0,98,0,0,938,2,0,3,5,1,0,0,0,0,0,0
153,永恒之井（英雄）,永恒之井,2,0,0,98,0,0,939,2,0,3,5,1,0,0,0,0,0,0
154,暮光审判（英雄）,暮光审判,2,0,0,98,0,0,940,2,0,3,5,1,0,0,0,0,0,0
155,青龙寺（普通）,普通,2,0,61,98,0,0,960,1,0,4,5,1,0,0,0,0,0,0
156,风暴烈酒酿造厂（普通）,普通,2,0,62,98,0,0,961,1,0,4,5,1,0,0,0,0,0,0
157,影踪禅院（普通）,普通,2,0,63,98,0,0,959,1,0,4,5,1,0,0,0,0,0,0
158,魔古山宫殿（普通）,普通,2,0,64,98,0,0,994,1,0,4,5,1,0,0,0,0,0,0
159,围攻砮皂寺（普通）,普通,2,0,65,98,0,0,1011,1,0,4,5,1,0,0,0,0,0,0
160,残阳关（普通）,普通,2,0,66,98,0,0,962,1,0,4,5,1,0,0,0,0,0,0
163,青龙寺（英雄）,英雄,2,0,61,98,0,0,960,2,0,4,5,1,0,0,0,0,0,0
164,风暴烈酒酿造厂（英雄）,英雄,2,0,62,98,0,0,961,2,0,4,5,1,0,0,0,0,0,0
165,影踪禅院（英雄）,英雄,2,0,63,98,0,0,959,2,0,4,5,1,0,0,0,0,0,0
166,魔古山宫殿（英雄）,英雄,2,0,64,98,0,0,994,2,0,4,5,1,0,0,0,0,0,0
167,残阳关（英雄）,英雄,2,0,66,98,0,0,962,2,0,4,5,1,0,0,0,0,0,0
168,通灵学院（英雄）,英雄,2,0,18,98,0,0,1007,1,0,4,5,1,0,0,0,0,0,0
169,血色修道院（英雄）,英雄,2,0,31,98,0,0,1004,2,0,4,5,1,0,0,0,0,0,0
170,血色大厅（英雄）,英雄,2,0,30,98,0,0,1001,2,0,4,5,1,0,0,0,0,0,0
171,围攻砮皂寺（英雄）,英雄,2,0,65,98,0,0,1011,2,0,4,5,1,0,0,0,0,0,0
172,霜火岭,霜火岭,1,0,68,258,0,0,0,0,6720,5,0,4,0,0,0,0,0,0
173,影月谷（德拉诺）,影月谷,1,0,68,258,0,0,0,0,6719,5,0,4,0,0,0,0,0,0
174,戈尔隆德,戈尔隆德,1,0,68,258,0,0,0,0,6721,5,0,4,0,0,0,0,0,0
175,塔拉多,塔拉多,1,0,68,258,0,0,0,0,6662,5,0,4,0,0,0,0,0,0
176,阿兰卡峰林,阿兰卡峰林,1,0,68,258,0,0,0,0,6722,5,0,4,0,0,0,0,0,0
177,纳格兰（德拉诺）,纳格兰,1,0,68,258,0,0,0,0,6755,5,0,4,0,0,0,0,0,0
179,血槌炉渣矿井（挑战）,挑战,2,4,6,99,0,5793,1175,8,0,5,5,1,0,0,0,0,0,0
180,钢铁码头（史诗钥石）,史诗钥石,2,4,7,195,0,97423,1195,8,0,5,5,1,0,0,0,0,0,169
181,奥金顿（挑战）,挑战,2,4,8,99,0,5793,1182,8,0,5,5,1,0,0,0,0,0,0
182,通天峰（史诗钥石）,史诗钥石,2,4,9,227,236,145278,1209,8,0,5,5,1,0,0,0,0,0,0
183,恐轨车站（史诗钥石）,史诗钥石,2,4,10,227,0,97423,1208,8,0,5,5,1,0,0,0,0,0,166
184,永茂林地（史诗钥石）,史诗钥石,2,4,11,194,72,98030,1279,8,0,5,5,1,0,0,0,0,0,0
186,黑石塔上层（挑战）,挑战,2,4,13,99,0,5793,1358,8,0,5,5,1,0,0,0,0,0,0
187,新工匠镇,新工匠镇,1,0,2,258,0,0,0,0,6457,0,0,4,0,0,0,0,0,0
188,寒脊山谷,寒脊山谷,1,0,2,258,0,0,0,0,6176,0,0,4,0,0,0,0,0,0
189,北郡,北郡,1,0,2,258,0,0,0,0,6170,0,0,4,0,0,0,0,0,0
190,吉尔尼斯城,吉尔尼斯城,1,0,2,258,0,0,0,0,5435,0,0,4,0,0,0,0,0,0
191,逐日岛,逐日岛,1,0,2,258,0,0,0,0,6455,0,0,4,0,0,0,0,0,0
192,丧钟镇,丧钟镇,1,0,2,258,0,0,0,0,6454,0,0,4,0,0,0,0,0,0
193,丹莫罗,丹莫罗,1,0,2,258,0,0,0,0,1,0,0,4,0,0,0,0,0,0
194,提瑞斯法林地,提瑞斯法林地,1,0,2,258,0,0,0,0,85,0,0,4,0,0,0,0,0,0
195,永歌森林,永歌森林,1,0,2,258,0,0,0,0,3430,0,0,4,0,0,0,0,0,0
196,艾尔文森林,艾尔文森林,1,0,2,258,0,0,0,0,12,0,0,4,0,0,0,0,0,0
197,吉尔尼斯,吉尔尼斯,1,0,2,258,0,0,0,0,4714,0,0,4,0,0,0,0,0,0
198,洛克莫丹,洛克莫丹,1,0,2,258,0,0,0,0,38,0,0,4,0,0,0,0,0,0
199,幽魂之地,幽魂之地,1,0,2,258,0,0,0,0,3433,0,0,4,0,0,0,0,0,0
200,银松森林,银松森林,1,0,2,258,0,0,0,0,130,0,0,4,0,0,0,0,0,0
201,吉尔尼斯废墟,吉尔尼斯废墟,1,0,2,258,0,0,0,0,4706,0,0,4,0,0,0,0,0,0
202,赤脊山,赤脊山,1,0,2,258,0,0,0,0,44,0,0,4,0,0,0,0,0,0
203,湿地,湿地,1,0,2,258,0,0,0,0,11,0,0,4,0,0,0,0,0,0
204,暮色森林,暮色森林,1,0,2,258,0,0,0,0,10,0,0,4,0,0,0,0,0,0
205,希尔斯布莱德丘陵,希尔斯布莱德丘陵,1,0,2,258,0,0,0,0,267,0,0,4,0,0,0,0,0,0
206,阿拉希高地,阿拉希高地,1,0,2,258,0,0,0,0,45,0,0,4,0,0,0,0,0,0
207,北荆棘谷,北荆棘谷,1,0,2,258,0,0,0,0,33,0,0,4,0,0,0,0,0,0
208,荆棘谷海角,荆棘谷海角,1,0,2,258,0,0,0,0,5287,0,0,4,0,0,0,0,0,0
209,辛特兰,辛特兰,1,0,2,258,0,0,0,0,47,0,0,4,0,0,0,0,0,0
210,荆棘谷,荆棘谷,1,0,2,258,0,0,0,0,5339,0,0,4,0,0,0,0,0,0
211,西瘟疫之地,西瘟疫之地,1,0,2,258,0,0,0,0,28,0,0,4,0,0,0,0,0,0
212,燃烧平原,燃烧平原,1,0,2,258,0,0,0,0,46,0,0,4,0,0,0,0,0,0
213,灼热峡谷,灼热峡谷,1,0,2,258,0,0,0,0,51,0,0,4,0,0,0,0,0,0
214,荒芜之地,荒芜之地,1,0,2,258,0,0,0,0,3,0,0,4,0,0,0,0,0,0
215,东瘟疫之地,东瘟疫之地,1,0,2,258,0,0,0,0,139,0,0,4,0,0,0,0,0,0
217,暮光高地,暮光高地,1,0,2,258,0,0,0,0,4922,3,0,4,0,0,0,0,0,0
219,瓦丝琪尔,瓦丝琪尔,1,0,2,258,0,0,0,0,5146,3,0,4,0,0,0,0,0,0
221,奎尔丹纳斯岛,奎尔丹纳斯岛,1,0,2,258,0,0,0,0,4080,1,0,4,0,0,0,0,0,0
222,诅咒之地,诅咒之地,1,0,2,258,0,0,0,0,4,0,0,4,0,0,0,0,0,0
223,东瘟疫之地：血色领地,东瘟疫之地：血色领地,1,0,2,258,0,0,0,0,4298,0,0,4,0,0,0,0,0,0
224,悲伤沼泽,悲伤沼泽,1,0,2,258,0,0,0,0,8,0,0,4,0,0,0,0,0,0
225,逆风小径,逆风小径,1,0,2,258,0,0,0,0,41,0,0,4,0,0,0,0,0,0
226,黑石山,黑石山,1,0,2,258,0,0,0,0,1445,0,0,4,0,0,0,0,0,0
227,幽影谷,幽影谷,1,0,3,258,0,0,0,0,6450,0,0,4,0,0,0,0,0,0
228,埃门谷,埃门谷,1,0,3,258,0,0,0,0,6456,0,0,4,0,0,0,0,0,0
229,试炼谷,试炼谷,1,0,3,258,0,0,0,0,6451,0,0,4,0,0,0,0,0,0
230,回音群岛,回音群岛,1,0,3,258,0,0,0,0,6453,0,0,4,0,0,0,0,0,0
231,纳拉其营地,纳拉其营地,1,0,3,258,0,0,0,0,6452,0,0,4,0,0,0,0,0,0
232,秘蓝岛,秘蓝岛,1,0,3,258,0,0,0,0,3524,0,0,4,0,0,0,0,0,0
234,莫高雷,莫高雷,1,0,3,258,0,0,0,0,215,0,0,4,0,0,0,0,0,0
235,杜隆塔尔,杜隆塔尔,1,0,3,258,0,0,0,0,14,0,0,4,0,0,0,0,0,0
236,黑海岸,黑海岸,1,0,3,258,0,0,0,0,148,0,0,4,0,0,0,0,0,0
237,秘血岛,秘血岛,1,0,3,258,0,0,0,0,3525,0,0,4,0,0,0,0,0,0
238,北贫瘠之地,北贫瘠之地,1,0,3,258,0,0,0,0,17,0,0,4,0,0,0,0,0,0
239,塔纳利斯,塔纳利斯,1,0,3,258,0,0,0,0,440,0,0,4,0,0,0,0,0,0
240,千针石林,千针石林,1,0,3,258,0,0,0,0,400,0,0,4,0,0,0,0,0,0
241,菲拉斯,菲拉斯,1,0,3,258,0,0,0,0,357,0,0,4,0,0,0,0,0,0
242,尘泥沼泽,尘泥沼泽,1,0,3,258,0,0,0,0,6463,0,0,4,0,0,0,0,0,0
243,凄凉之地,凄凉之地,1,0,3,258,0,0,0,0,405,0,0,4,0,0,0,0,0,0
244,南贫瘠之地,南贫瘠之地,1,0,3,258,0,0,0,0,4709,0,0,4,0,0,0,0,0,0
245,石爪山脉,石爪山脉,1,0,3,258,0,0,0,0,406,0,0,4,0,0,0,0,0,0
246,灰谷,灰谷,1,0,3,258,0,0,0,0,331,0,0,4,0,0,0,0,0,0
247,月光林地,月光林地,1,0,3,258,0,0,0,0,493,0,0,4,0,0,0,0,0,0
248,艾萨拉,艾萨拉,1,0,3,258,0,0,0,0,16,0,0,4,0,0,0,0,0,0
249,熔火前线,熔火前线,1,0,3,258,0,0,0,0,5733,0,0,4,0,0,0,0,0,0
250,奥丹姆,奥丹姆,1,0,3,258,0,0,0,0,5034,3,0,4,0,0,0,0,0,0
251,海加尔山,海加尔山,1,0,3,258,0,0,0,0,616,0,0,4,0,0,0,0,0,0
252,希利苏斯,希利苏斯,1,0,3,258,0,0,0,0,1377,0,0,4,0,0,0,0,0,0
253,冬泉谷,冬泉谷,1,0,3,258,0,0,0,0,618,0,0,4,0,0,0,0,0,0
254,安戈洛环形山,安戈洛环形山,1,0,3,258,0,0,0,0,490,0,0,4,0,0,0,0,0,0
255,费伍德森林,费伍德森林,1,0,3,258,0,0,0,0,361,0,0,4,0,0,0,0,0,0
256,地狱火半岛,地狱火半岛,1,0,69,258,0,0,0,0,3483,1,0,4,0,0,0,0,0,0
257,赞加沼泽,赞加沼泽,1,0,69,258,0,0,0,0,3521,1,0,4,0,0,0,0,0,0
258,泰罗卡森林,泰罗卡森林,1,0,69,258,0,0,0,0,3519,1,0,4,0,0,0,0,0,0
259,纳格兰,纳格兰,1,0,69,258,0,0,0,0,3518,1,0,4,0,0,0,0,0,0
260,刀锋山,刀锋山,1,0,69,258,0,0,0,0,3522,1,0,4,0,0,0,0,0,0
261,虚空风暴,虚空风暴,1,0,69,258,0,0,0,0,3523,1,0,4,0,0,0,0,0,0
262,影月谷,影月谷,1,0,69,258,0,0,0,0,3520,1,0,4,0,0,0,0,0,0
263,北风苔原,北风苔原,1,0,70,258,0,0,0,0,3537,2,0,4,0,0,0,0,0,0
264,嚎风峡湾,嚎风峡湾,1,0,70,258,0,0,0,0,495,2,0,4,0,0,0,0,0,0
265,龙骨荒野,龙骨荒野,1,0,70,258,0,0,0,0,65,2,0,4,0,0,0,0,0,0
266,灰熊丘陵,灰熊丘陵,1,0,70,258,0,0,0,0,394,2,0,4,0,0,0,0,0,0
267,索拉查盆地,索拉查盆地,1,0,70,258,0,0,0,0,3711,2,0,4,0,0,0,0,0,0
268,祖达克,祖达克,1,0,70,258,0,0,0,0,66,2,0,4,0,0,0,0,0,0
269,冰冠冰川,冰冠冰川,1,0,70,258,0,0,0,0,210,2,0,4,0,0,0,0,0,0
270,风暴峭壁,风暴峭壁,1,0,70,258,0,0,0,0,67,2,0,4,0,0,0,0,0,0
271,洛斯加尔登陆点,洛斯加尔登陆点,1,0,70,258,0,0,0,0,4742,2,0,4,0,0,0,0,0,0
272,晶歌森林,晶歌森林,1,0,70,258,0,0,0,0,2817,2,0,4,0,0,0,0,0,0
273,冬拥湖,冬拥湖,1,0,70,258,0,0,0,0,4197,2,0,4,0,0,0,0,0,0
274,托尔巴拉德,托尔巴拉德,1,0,2,258,0,0,0,0,5095,3,0,4,0,0,0,0,0,0
275,托尔巴拉德半岛,托尔巴拉德半岛,1,0,2,258,0,0,0,0,5389,3,0,4,0,0,0,0,0,0
276,深岩之洲,深岩之洲,1,0,3,258,0,0,0,0,5042,3,0,4,0,0,0,0,0,0
277,暗月岛,暗月岛,1,0,2,258,0,0,0,0,5861,0,0,4,0,0,0,0,0,0
278,科赞,科赞,1,0,3,258,0,0,0,0,4737,0,0,4,0,0,0,0,0,0
279,失落群岛,失落群岛,1,0,3,258,0,0,0,0,4707,0,0,4,0,0,0,0,0,0
280,迷踪岛,迷踪岛,1,0,71,258,0,0,0,0,5736,4,0,4,0,0,0,0,0,0
281,翡翠林,翡翠林,1,0,71,258,0,0,0,0,5785,4,0,4,0,0,0,0,0,0
282,卡桑琅丛林,卡桑琅丛林,1,0,71,258,0,0,0,0,6134,4,0,4,0,0,0,0,0,0
283,昆莱山,昆莱山,1,0,71,258,0,0,0,0,5841,4,0,4,0,0,0,0,0,0
284,四风谷,四风谷,1,0,71,258,0,0,0,0,5805,4,0,4,0,0,0,0,0,0
285,雾纱栈道,雾纱栈道,1,0,71,258,0,0,0,0,6006,4,0,4,0,0,0,0,0,0
286,螳螂高原,螳螂高原,1,0,71,258,0,0,0,0,5842,4,0,4,0,0,0,0,0,0
287,恐惧废土,恐惧废土,1,0,71,258,0,0,0,0,6138,4,0,4,0,0,0,0,0,0
288,巨兽岛,巨兽岛,1,0,71,258,0,0,0,0,6661,4,0,4,0,0,0,0,0,0
289,锦绣谷,锦绣谷,1,0,71,258,0,0,0,0,5840,4,0,4,0,0,0,0,0,0
290,雷神岛,雷神岛,1,0,71,258,0,0,0,0,6507,4,0,4,0,0,0,0,0,0
291,永恒岛,永恒岛,1,0,71,258,0,0,0,0,6757,4,0,4,0,0,0,0,0,0
293,黑翼之巢,黑翼之巢,3,0,0,34,0,0,469,9,0,0,40,0,0,0,0,0,0,0
294,安其拉废墟,安其拉废墟,3,0,0,34,0,0,509,3,0,0,10,0,0,0,0,0,0,0
295,安其拉神殿,安其拉神殿,3,0,0,34,0,0,531,9,0,0,40,0,0,0,0,0,0,0
296,格鲁尔的巢穴,格鲁尔的巢穴,3,0,0,34,0,0,565,4,0,1,25,0,0,0,0,0,0,0
297,玛瑟里顿的巢穴,玛瑟里顿的巢穴,3,0,0,34,0,0,544,4,0,1,25,0,0,0,0,0,0,0
298,毒蛇神殿,毒蛇神殿,3,0,0,34,0,0,548,4,0,1,25,0,0,0,0,0,0,0
299,风暴要塞,风暴要塞,3,0,0,34,0,0,550,4,0,1,25,0,0,0,0,0,0,0
300,黑暗神殿,黑暗神殿,3,0,0,34,0,0,564,14,0,1,30,0,0,0,0,0,0,0
301,太阳之井,太阳之井,3,0,0,34,0,0,580,4,0,1,25,0,0,0,0,0,0,0
303,奥杜尔,奥杜尔,3,0,0,35,0,0,603,14,0,2,30,0,0,0,0,0,0,0
304,十字军的试炼（10人普通）,10人普通,3,0,73,35,0,0,649,3,0,2,10,0,0,0,0,0,0,0
305,十字军的试炼（10人英雄）,10人英雄,3,0,73,35,0,0,649,5,0,2,10,0,0,0,0,0,0,0
306,十字军的试炼（25人普通）,25人普通,3,0,73,35,0,0,649,4,0,2,25,0,0,0,0,0,0,0
307,十字军的试炼（25人英雄）,25人英雄,3,0,73,35,0,0,649,6,0,2,25,0,0,0,0,0,0,0
308,红玉圣殿（10人普通）,10人普通,3,0,74,35,0,0,724,3,0,2,10,0,0,0,0,0,0,0
309,红玉圣殿（10人英雄）,10人英雄,3,0,74,35,0,0,724,5,0,2,10,0,0,0,0,0,0,0
310,红玉圣殿（25人普通）,25人普通,3,0,74,35,0,0,724,4,0,2,25,0,0,0,0,0,0,0
311,红玉圣殿（25人英雄）,25人英雄,3,0,74,35,0,0,724,6,0,2,25,0,0,0,0,0,0,0
313,黑翼血环（10人普通）,10人普通,3,0,75,35,0,0,669,3,0,3,10,0,0,0,0,0,0,0
316,黑翼血环（25人普通）,25人普通,3,0,75,35,0,0,669,4,0,3,25,0,0,0,0,0,0,0
317,黑翼血环（10人英雄）,10人英雄,3,0,75,35,0,0,669,5,0,3,10,0,0,0,0,0,0,0
318,黑翼血环（25人英雄）,25人英雄,3,0,75,35,0,0,669,6,0,3,25,0,0,0,0,0,0,0
319,暮光堡垒（10人普通）,10人普通,3,0,76,35,0,0,671,3,0,3,10,0,0,0,0,0,0,0
320,暮光堡垒（10人英雄）,10人英雄,3,0,76,35,0,0,671,5,0,3,10,0,0,0,0,0,0,0
321,暮光堡垒（25人英雄）,25人英雄,3,0,76,35,0,0,671,6,0,3,25,0,0,0,0,0,0,0
322,暮光堡垒（25人普通）,25人普通,3,0,76,35,0,0,671,4,0,3,25,0,0,0,0,0,0,0
323,风神王座（10人普通）,10人普通,3,0,77,35,0,0,754,3,0,3,10,0,0,0,0,0,0,0
324,风神王座（10人英雄）,10人英雄,3,0,77,35,0,0,754,5,0,3,10,0,0,0,0,0,0,0
325,风神王座（25人英雄）,25人英雄,3,0,77,35,0,0,754,6,0,3,25,0,0,0,0,0,0,0
326,风神王座（25人普通）,25人普通,3,0,77,35,0,0,754,4,0,3,25,0,0,0,0,0,0,0
331,巨龙之魂（10人普通）,10人普通,3,0,79,35,0,0,967,3,0,3,10,0,0,0,0,0,0,0
332,巨龙之魂（10人英雄）,10人英雄,3,0,79,35,0,0,967,5,0,3,10,0,0,0,0,0,0,0
333,巨龙之魂（25人英雄）,25人英雄,3,0,79,35,0,0,967,6,0,3,25,0,0,0,0,0,0,0
334,巨龙之魂（25人普通）,25人普通,3,0,79,35,0,0,967,4,0,3,25,0,0,0,0,0,0,0
335,魔古山宝库（10人普通）,10人普通,3,0,80,35,0,0,1008,3,0,4,10,0,0,0,0,0,0,0
336,魔古山宝库（10人英雄）,10人英雄,3,0,80,35,0,0,1008,5,0,4,10,0,0,0,0,0,0,0
337,魔古山宝库（25人普通）,25人普通,3,0,80,35,0,0,1008,4,0,4,25,0,0,0,0,0,0,0
338,魔古山宝库（25人英雄）,25人英雄,3,0,80,35,0,0,1008,6,0,4,25,0,0,0,0,0,0,0
339,恐惧之心（10人普通）,10人普通,3,0,81,35,0,0,1009,3,0,4,10,0,0,0,0,0,0,0
340,恐惧之心（10人英雄）,10人英雄,3,0,81,35,0,0,1009,5,0,4,10,0,0,0,0,0,0,0
341,恐惧之心（25人普通）,25人普通,3,0,81,35,0,0,1009,4,0,4,25,0,0,0,0,0,0,0
342,恐惧之心（25人英雄）,25人英雄,3,0,81,35,0,0,1009,6,0,4,25,0,0,0,0,0,0,0
343,永春台（10人普通）,10人普通,3,0,82,35,0,0,996,3,0,4,10,0,0,0,0,0,0,0
344,永春台（10人英雄）,10人英雄,3,0,82,35,0,0,996,5,0,4,10,0,0,0,0,0,0,0
345,永春台（25人普通）,25人普通,3,0,82,35,0,0,996,4,0,4,25,0,0,0,0,0,0,0
346,永春台（25人英雄）,25人英雄,3,0,82,35,0,0,996,6,0,4,25,0,0,0,0,0,0,0
347,雷电王座（10人普通）,10人普通,3,1,83,35,0,0,1098,3,0,4,10,0,0,0,0,0,0,0
348,雷电王座（10人英雄）,10人英雄,3,3,83,35,0,0,1098,5,0,4,10,0,0,0,0,0,0,0
349,雷电王座（25人英雄）,25人英雄,3,4,83,35,0,0,1098,6,0,4,25,0,0,0,0,0,0,0
350,雷电王座（25人普通）,25人普通,3,2,83,35,0,0,1098,4,0,4,25,0,0,0,0,0,0,0
351,战场,战场,8,0,0,36,0,86428,0,0,0,0,5,1,0,0,0,0,0,0
352,战场,战场,8,0,0,36,0,86427,0,0,0,0,5,1,0,0,0,0,0,0
353,战场,战场,8,0,0,36,0,86426,0,0,0,0,5,1,0,0,0,0,0,0
354,战场,战场,8,0,0,36,0,86425,0,0,0,0,5,1,0,0,0,0,0,0
355,战场,战场,8,0,0,36,0,86430,0,0,0,0,5,1,0,0,0,0,0,0
356,战场,战场,8,0,0,36,0,86431,0,0,0,0,5,1,0,0,0,0,0,0
360,竞技场练习赛（3v3）,3v3,7,0,0,36,0,86427,0,0,0,0,3,2,0,0,0,0,0,0
363,随机潘达利亚地下城（普通）,普通,2,0,84,98,0,21439,870,1,0,4,5,1,0,0,0,0,0,0
364,随机潘达利亚地下城（英雄）,英雄,2,0,84,98,0,21439,870,2,0,4,5,1,0,0,0,0,0,0
389,竞技场练习赛（2v2）,2v2,7,0,0,36,0,86426,0,0,0,0,2,2,0,0,0,0,0,0
390,竞技场练习赛（3v3）,3v3,7,0,0,36,0,86426,0,0,0,0,3,2,0,0,0,0,0,0
391,竞技场练习赛（2v2）,2v2,7,0,0,36,0,86428,0,0,0,0,2,2,0,0,0,0,0,0
392,竞技场练习赛（3v3）,3v3,7,0,0,36,0,86428,0,0,0,0,3,2,0,0,0,0,0,0
393,竞技场练习赛（2v2）,2v2,7,0,0,36,0,86429,0,0,0,0,2,2,0,0,0,0,0,0
394,竞技场练习赛（3v3）,3v3,7,0,0,36,0,86429,0,0,0,0,3,2,0,0,0,0,0,0
395,随机德拉诺地下城（普通）,普通,2,0,109,98,0,21439,1116,1,0,5,5,1,0,0,0,0,0,0
396,随机德拉诺地下城（英雄）,英雄,2,0,109,98,0,21439,1116,2,0,5,5,1,0,0,0,0,0,0
397,世界首领（潘达利亚）,世界首领,3,0,0,803,0,21439,870,0,0,4,40,0,0,0,0,0,0,0
398,世界首领（德拉诺）,世界首领,3,0,0,803,0,21439,1116,0,0,5,40,0,0,0,0,0,0,0
399,悬槌堡（史诗）,史诗,3,0,14,35,0,27292,1228,16,0,5,20,0,0,0,0,0,0,0
400,黑石铸造厂（史诗）,史诗,3,0,15,35,0,27810,1205,16,0,5,20,0,0,0,0,0,0,0
401,血槌炉渣矿井（史诗）,史诗,2,3,6,99,0,138166,1175,23,0,5,5,1,0,0,0,0,0,0
402,钢铁码头（史诗难度）,史诗,2,3,7,99,17,87337,1195,23,0,5,5,1,0,0,0,0,0,0
403,奥金顿（史诗）,史诗,2,3,8,99,0,0,1182,23,0,5,5,1,0,0,0,0,0,0
404,通天峰（史诗）,史诗,2,3,9,99,233,145453,1209,23,0,5,5,1,0,0,0,0,0,0
405,恐轨车站（史诗）,史诗,2,3,10,99,0,87337,1208,23,0,5,5,1,0,0,0,0,0,0
406,永茂林地（史诗）,史诗,2,3,11,99,0,0,1279,23,0,5,5,1,0,0,0,0,0,0
407,影月墓地（史诗）,史诗,2,3,12,99,0,0,1176,23,0,5,5,1,0,0,0,0,0,0
408,黑石塔上层（史诗）,史诗,2,3,13,99,0,0,1358,23,0,5,5,1,0,0,0,0,0,0
409,地狱火堡垒（普通）,普通,3,0,110,35,0,33719,1448,14,0,5,30,0,0,0,0,0,0,0
410,地狱火堡垒（英雄）,英雄,3,0,110,35,0,33720,1448,15,0,5,30,0,0,0,0,0,0,0
411,塔纳安丛林,塔纳安丛林,1,0,68,258,0,0,0,0,6723,5,0,4,0,0,0,0,0,0
412,地狱火堡垒（史诗）,史诗,3,0,110,35,0,33721,1448,16,0,5,20,0,0,0,0,0,0,0
413,翡翠梦魇（普通）,普通,3,0,122,35,17,38619,1520,14,0,6,30,0,0,0,0,0,0,0
414,翡翠梦魇（英雄）,英雄,3,1,122,35,17,38620,1520,15,0,6,30,0,0,0,0,0,0,0
415,暗夜要塞（普通）,普通,3,1,123,35,17,38631,1530,14,0,6,30,0,0,0,0,0,0,0
416,暗夜要塞（英雄）,英雄,3,2,123,35,17,38632,1530,15,0,6,30,0,0,0,0,0,0,0
417,随机军团再临地下城（普通）,普通,2,0,111,98,0,21439,1220,1,0,6,5,1,0,0,0,0,0,0
418,随机军团再临地下城（英雄）,英雄,2,2,111,98,17,21439,1220,2,0,6,5,1,0,0,0,0,0,0
419,阿苏纳,阿苏纳,1,0,124,258,0,132203,0,0,7334,6,0,4,0,0,0,0,0,0
420,瓦尔莎拉,瓦尔莎拉,1,0,124,258,0,132203,0,0,7558,6,0,4,0,0,0,0,0,0
421,至高岭,至高岭,1,0,124,258,0,132203,0,0,7503,6,0,4,0,0,0,0,0,0
422,风暴峡湾,风暴峡湾,1,0,124,258,0,132203,0,0,7541,6,0,4,0,0,0,0,0,0
423,苏拉玛,苏拉玛,1,0,124,258,0,132203,0,0,7637,6,0,4,0,0,0,0,0,0
425,艾萨拉之眼（普通）,普通,2,1,112,99,0,0,1456,1,0,6,5,1,0,0,0,0,0,0
426,黑心林地（普通）,普通,2,2,113,99,0,0,1466,1,0,6,5,1,0,0,0,0,0,0
427,英灵殿（普通）,普通,2,4,114,99,0,0,1477,1,0,6,5,1,0,0,0,0,0,0
428,奈萨里奥的巢穴（普通）,普通,2,3,115,99,0,0,1458,1,0,6,5,1,0,0,0,0,0,0
429,突袭紫罗兰监狱（普通）,普通,2,5,116,99,0,0,1544,1,0,6,5,1,0,0,0,0,0,0
430,黑鸦堡垒（普通）,普通,2,7,118,99,0,0,1501,1,0,6,5,1,0,0,0,0,0,0
431,守望者地窟（普通）,普通,2,6,117,99,0,0,1493,1,0,6,5,1,0,0,0,0,0,0
432,噬魂之喉（普通）,普通,2,8,119,99,0,0,1492,1,0,6,5,1,0,0,0,0,0,0
433,群星庭院（普通）,普通,2,9,120,99,0,21439,1571,1,0,6,5,1,0,0,0,0,0,0
434,魔法回廊（普通）,普通,2,10,121,99,0,21439,1516,1,0,6,5,1,0,0,0,0,0,0
435,艾萨拉之眼（英雄）,英雄,2,1,112,99,17,87337,1456,2,0,6,5,1,0,0,0,0,0,0
436,黑心林地（英雄）,英雄,2,2,113,99,17,87337,1466,2,0,6,5,1,0,0,0,0,0,0
437,英灵殿（英雄）,英雄,2,4,114,99,17,0,1477,2,0,6,5,1,0,0,0,0,0,0
438,奈萨里奥的巢穴（英雄）,英雄,2,3,115,99,0,87337,1458,2,0,6,5,1,0,0,0,0,0,0
439,突袭紫罗兰监狱（英雄）,英雄,2,5,116,99,17,0,1544,2,0,6,5,1,0,0,0,0,0,0
440,黑鸦堡垒（英雄）,英雄,2,7,118,99,17,87337,1501,2,0,6,5,1,0,0,0,0,0,0
441,守望者地窟（英雄）,英雄,2,6,117,99,17,87337,1493,2,0,6,5,1,0,0,0,0,0,0
442,噬魂之喉（英雄）,英雄,2,8,119,99,17,0,1492,2,0,6,5,1,0,0,0,0,0,0
443,群星庭院（英雄）,英雄,2,9,120,99,17,87337,1571,2,0,6,5,1,0,0,0,0,0,0
444,魔法回廊（英雄）,英雄,2,10,121,99,17,0,1516,2,0,6,5,1,0,0,0,0,0,0
445,艾萨拉之眼（史诗）,史诗,2,1,112,99,17,0,1456,23,0,6,5,1,0,0,0,0,0,0
446,黑心林地（史诗）,史诗,2,2,113,99,17,0,1466,23,0,6,5,1,0,0,0,0,0,0
447,英灵殿（史诗）,史诗,2,4,114,99,17,0,1477,23,0,6,5,1,0,0,0,0,0,0
448,奈萨里奥的巢穴（史诗）,史诗,2,3,115,99,0,0,1458,23,0,6,5,1,0,0,0,0,0,0
449,突袭紫罗兰监狱（史诗）,史诗,2,5,116,99,17,0,1544,23,0,6,5,1,0,0,0,0,0,0
450,黑鸦堡垒（史诗）,史诗,2,7,118,99,17,0,1501,23,0,6,5,1,0,0,0,0,0,0
451,守望者地窟（史诗）,史诗,2,6,117,99,17,0,1493,23,0,6,5,1,0,0,0,0,0,0
452,噬魂之喉（史诗）,史诗,2,8,119,99,17,0,1492,23,0,6,5,1,0,0,0,0,0,0
453,群星庭院（史诗）,史诗,2,9,120,99,17,0,1571,23,0,6,5,1,0,0,0,0,0,0
454,魔法回廊（史诗）,史诗,2,10,121,99,17,0,1516,23,0,6,5,1,0,0,0,0,0,0
455,重返卡拉赞（史诗）,史诗,2,11,125,99,17,0,1651,23,0,6,5,1,0,0,0,0,0,0
456,勇气试炼（普通）,普通,3,3,126,35,17,0,1648,14,0,6,30,0,0,0,0,0,0,0
457,勇气试炼（英雄）,英雄,3,4,126,35,17,0,1648,15,0,6,30,0,0,0,0,0,0,0
458,世界首领（军团再临）,世界首领,3,0,0,803,0,21439,1220,0,0,6,40,0,0,0,0,0,0,0
459,艾萨拉之眼（史诗钥石）,史诗钥石,2,4,112,194,17,98021,1456,8,0,6,5,1,0,0,0,0,0,0
460,黑心林地（史诗钥石）,史诗钥石,2,2,113,194,17,98020,1466,8,0,6,5,1,0,0,0,0,0,0
461,英灵殿（史诗钥石）,史诗钥石,2,0,114,194,0,98014,1477,8,0,6,5,1,0,0,0,0,0,0
462,奈萨里奥的巢穴（史诗钥石）,史诗钥石,2,7,115,194,72,98022,1458,8,0,6,5,1,0,0,0,0,0,0
463,黑鸦堡垒（史诗钥石）,史诗钥石,2,9,118,194,17,98018,1501,8,0,6,5,1,0,0,0,0,0,0
464,守望者地窟（史诗钥石）,史诗钥石,2,6,117,194,17,98023,1493,8,0,6,5,1,0,0,0,0,0,0
465,噬魂之喉（史诗钥石）,史诗钥石,2,8,119,194,17,98015,1492,8,0,6,5,1,0,0,0,0,0,0
466,群星庭院（史诗钥石）,史诗钥石,2,0,120,194,71,98019,1571,8,0,6,5,1,0,0,0,0,0,0
467,魔法回廊（史诗钥石）,史诗钥石,2,10,121,194,17,98013,1516,8,0,6,5,1,0,0,0,0,0,0
468,翡翠梦魇（史诗）,史诗,3,2,122,35,17,38620,1520,16,0,6,20,0,0,0,0,0,0,0
469,破碎海滩,破碎海滩,1,0,124,258,0,132203,0,0,7543,6,0,4,0,0,0,0,0,0
470,卡拉赞下层（英雄）,英雄,2,11,127,99,17,87337,1651,2,0,6,5,1,0,0,0,0,0,0
471,卡拉赞下层（史诗钥石）,史诗钥石,2,11,127,194,17,98024,1651,8,0,6,5,1,0,0,0,0,0,227
472,卡拉赞上层（英雄）,英雄,2,12,128,99,17,87337,1651,2,0,6,5,1,0,0,0,0,0,0
473,卡拉赞上层（史诗钥石）,史诗钥石,2,12,128,194,17,98025,1651,8,0,6,5,1,0,0,0,0,0,234
474,永夜大教堂（英雄）,英雄,2,13,129,99,17,0,1677,2,0,6,5,1,0,0,0,0,0,0
475,永夜大教堂（史诗）,史诗,2,13,129,99,17,0,1677,23,0,6,5,1,0,0,0,0,0,0
476,永夜大教堂（史诗钥石）,史诗钥石,2,13,129,194,17,98016,1677,8,0,6,5,1,0,0,0,0,0,0
478,萨格拉斯之墓（英雄）,英雄,3,8,131,35,17,48504,1676,15,0,6,30,0,0,0,0,0,0,0
479,萨格拉斯之墓（普通）,普通,3,7,131,35,17,48503,1676,14,0,6,30,0,0,0,0,0,0,0
480,勇气试炼（史诗）,史诗,3,3,126,35,17,47235,1648,16,0,6,20,0,0,0,0,0,0,0
481,暗夜要塞（史诗）,史诗,3,3,123,35,17,38632,1530,16,0,6,20,0,0,0,0,0,0,0
482,安托鲁斯，燃烧王座（普通）,普通,3,9,132,35,17,51653,1712,14,0,6,30,0,0,0,0,0,0,0
483,安托鲁斯，燃烧王座（英雄）,英雄,3,10,132,35,17,51656,1712,15,0,6,30,0,0,0,0,0,0,0
484,执政团之座（英雄）,英雄,2,1,133,99,217,145454,1753,2,0,6,5,1,0,0,0,0,0,0
485,执政团之座（史诗）,史诗,2,2,133,99,233,145455,1753,23,0,6,5,1,0,0,0,0,0,0
486,执政团之座（史诗钥石）,史诗钥石,2,3,133,227,236,145362,1753,8,0,6,5,1,0,0,0,0,0,0
487,克罗库恩,克罗库恩,1,0,134,258,0,132203,0,0,8574,6,0,4,0,0,0,0,0,0
488,安托兰废土,安托兰废土,1,0,134,258,0,132203,0,0,8899,6,0,4,0,0,0,0,0,0
489,艾瑞达斯,艾瑞达斯,1,0,134,258,0,132203,0,0,8701,6,0,4,0,0,0,0,0,0
490,竞技场练习赛（3v3）,3v3,7,0,0,36,0,86425,0,0,0,0,3,2,0,0,0,0,0,0
491,竞技场练习赛（2v2）,2v2,7,0,0,36,0,86425,0,0,0,0,2,2,0,0,0,0,0,0
492,萨格拉斯之墓（史诗）,史诗,3,9,131,35,17,48505,1676,16,0,6,20,0,0,0,0,0,0,0
493,安托鲁斯，燃烧王座（史诗）,史诗,3,11,132,35,18,51656,1712,16,0,6,20,0,0,0,0,0,0,0
494,奥迪尔（普通）,普通,3,1,135,35,19,56193,1861,14,0,7,30,0,0,0,0,0,0,0
495,奥迪尔（英雄）,英雄,3,2,135,35,19,56194,1861,15,0,7,30,0,0,0,0,0,0,0
496,奥迪尔（史诗）,史诗,3,3,135,35,19,56195,1861,16,0,7,30,0,0,0,0,0,0,0
497,随机争霸艾泽拉斯地下城（普通）,普通,2,0,136,98,0,21439,1642,1,0,7,5,1,0,0,0,0,0,0
498,随机争霸艾泽拉斯地下城（英雄）,英雄,2,2,136,98,19,21439,1642,2,0,7,5,1,0,0,0,0,0,0
499,阿塔达萨（史诗）,史诗,2,3,137,99,19,0,1763,23,0,7,5,1,0,0,0,0,0,0
500,阿塔达萨（英雄）,英雄,2,2,137,99,19,0,1763,2,0,7,5,1,0,0,0,0,0,0
501,阿塔达萨（普通）,普通,2,1,137,99,0,63909,1763,1,0,7,5,1,0,0,0,0,485,0
502,阿塔达萨（史诗钥石）,史诗钥石,2,4,137,194,48,98001,1763,8,0,7,5,1,0,0,0,0,0,0
503,塞塔里斯神庙（普通）,普通,2,1,139,99,0,63909,1877,1,0,7,5,1,0,0,0,0,0,0
504,塞塔里斯神庙（史诗钥石）,史诗钥石,2,4,139,194,19,98004,1877,8,0,7,5,1,0,0,0,0,0,0
505,塞塔里斯神庙（英雄）,英雄,2,2,139,99,19,0,1877,2,0,7,5,1,0,0,0,0,0,0
506,地渊孢林（普通）,普通,2,1,138,99,0,63909,1841,1,0,7,5,1,0,0,0,0,0,0
507,地渊孢林（史诗钥石）,史诗钥石,2,4,138,194,72,98003,1841,8,0,7,5,1,0,0,0,0,0,0
508,地渊孢林（英雄）,英雄,2,2,138,99,19,0,1841,2,0,7,5,1,0,0,0,0,0,0
509,暴富矿区（普通）,普通,2,1,140,99,0,63909,1594,1,0,7,5,1,0,0,0,0,0,0
510,暴富矿区（史诗钥石）,史诗钥石,2,4,140,194,92,98010,1594,8,0,7,5,1,0,0,0,0,0,247
511,暴富矿区（英雄）,英雄,2,2,140,99,89,129384,1594,2,0,7,5,1,0,0,0,0,0,0
512,诸王之眠（普通）,普通,2,1,141,99,0,21439,1762,1,0,7,5,1,0,0,0,0,0,0
513,诸王之眠（史诗）,史诗,2,3,141,99,19,65320,1762,23,0,7,5,1,0,0,0,0,0,0
514,诸王之眠（史诗钥石）,史诗钥石,2,4,141,194,19,65320,1762,8,0,7,5,1,0,0,0,0,0,0
515,诸王之眠（英雄）,英雄,2,1,141,99,19,0,1762,2,0,7,5,1,0,0,0,0,0,0
516,自由镇（普通）,普通,2,1,142,99,0,63909,1754,1,0,7,5,1,0,0,0,0,0,0
517,自由镇（史诗）,史诗,2,3,142,99,0,0,1754,23,0,7,5,1,0,0,0,0,0,0
518,自由镇（史诗钥石）,史诗钥石,2,5,142,194,72,98002,1754,8,0,7,5,1,0,0,0,0,0,0
519,自由镇（英雄）,英雄,2,2,142,99,0,0,1754,2,0,7,5,1,0,0,0,0,0,0
520,风暴神殿（普通）,普通,2,1,143,99,0,63909,1864,1,0,7,5,1,0,0,0,0,0,0
521,风暴神殿（史诗）,史诗,2,3,143,99,19,0,1864,23,0,7,5,1,0,0,0,0,0,0
522,风暴神殿（史诗钥石）,史诗钥石,2,5,143,194,19,98006,1864,8,0,7,5,1,0,0,0,0,0,0
523,风暴神殿（英雄）,英雄,2,2,143,99,19,0,1864,2,0,7,5,1,0,0,0,0,0,0
524,托尔达戈（普通）,普通,2,1,144,99,18,63909,1771,1,0,7,5,1,0,0,0,0,0,0
525,托尔达戈（史诗）,史诗,2,3,144,99,19,0,1771,23,0,7,5,1,0,0,0,0,0,0
526,托尔达戈（史诗钥石）,史诗钥石,2,4,144,194,19,98008,1771,8,0,7,5,1,0,0,0,0,0,0
527,托尔达戈（英雄）,英雄,2,2,144,99,19,0,1771,2,0,7,5,1,0,0,0,0,0,0
528,维克雷斯庄园（普通）,普通,2,1,145,99,0,63909,1862,1,0,7,5,1,0,0,0,0,0,0
529,维克雷斯庄园（史诗）,史诗,2,3,145,99,19,0,1862,23,0,7,5,1,0,0,0,0,0,0
530,维克雷斯庄园（史诗钥石）,史诗钥石,2,4,145,194,19,98005,1862,8,0,7,5,1,0,0,0,0,0,0
531,维克雷斯庄园（英雄）,英雄,2,2,145,99,19,0,1862,2,0,7,5,1,0,0,0,0,0,0
532,围攻伯拉勒斯（普通）,普通,2,1,146,611,0,21439,1822,1,0,7,5,1,0,0,0,0,0,0
533,围攻伯拉勒斯（史诗）,史诗,2,3,146,194,19,5793,1822,23,0,7,5,1,0,0,0,0,0,0
534,围攻伯拉勒斯（史诗钥石）,史诗钥石,2,4,146,194,0,98007,1822,8,0,7,5,1,0,0,0,0,0,0
535,围攻伯拉勒斯（英雄）,英雄,2,1,146,194,80,127178,1822,2,0,7,5,1,0,0,0,0,0,0
536,维克雷斯庄园（普通）,普通,2,1,145,99,18,63909,1862,1,0,7,5,1,0,0,0,0,0,0
537,托尔达戈（普通）,普通,2,1,144,99,0,0,1771,1,0,7,5,1,0,0,0,0,0,0
538,风暴神殿（普通）,普通,2,1,143,99,18,0,1864,1,0,7,5,1,0,0,0,0,0,0
539,自由镇（普通）,普通,2,1,142,99,0,0,1754,1,0,7,5,1,0,0,0,0,0,0
540,暴富矿区（普通）,普通,2,1,140,99,18,0,1594,1,0,7,5,1,0,0,0,0,0,0
541,地渊孢林（普通）,普通,2,1,138,99,18,0,1841,1,0,7,5,1,0,0,0,0,0,0
542,塞塔里斯神庙（普通）,普通,2,1,139,99,18,0,1877,1,0,7,5,1,0,0,0,0,0,0
543,阿塔达萨（普通）,普通,2,1,137,99,18,0,1763,1,0,7,5,1,0,0,0,0,1224,0
644,地渊孢林（史诗）,史诗,2,3,138,99,19,98003,1841,23,0,7,5,1,0,0,0,0,0,0
645,塞塔里斯神庙（史诗）,史诗,2,3,139,195,19,0,1877,23,0,7,5,1,0,0,0,0,0,0
646,暴富矿区（史诗）,史诗,2,3,140,67,92,83604,1594,23,0,7,5,1,0,0,0,0,0,0
647,提拉加德海峡,提拉加德海峡,1,0,247,258,0,0,0,0,8567,7,0,4,0,0,0,0,0,0
648,德鲁斯瓦,德鲁斯瓦,1,0,247,258,0,0,0,0,8721,7,0,4,0,0,0,0,0,0
649,斯托颂谷地,斯托颂谷地,1,0,247,258,0,0,0,0,9042,7,0,4,0,0,0,0,0,0
650,祖达萨,祖达萨,1,0,248,258,0,0,0,0,8499,7,0,4,0,0,0,0,0,0
651,纳兹米尔,纳兹米尔,1,0,248,258,0,0,0,0,8500,7,0,4,0,0,0,0,0,0
652,沃顿,沃顿,1,0,248,258,0,0,0,0,8501,7,0,4,0,0,0,0,0,0
653,随机海岛（普通）,普通,111,0,249,34,19,85363,0,38,0,7,3,4,0,0,0,0,0,0
654,随机海岛（英雄）,英雄,111,0,249,34,19,85364,0,39,0,7,3,4,0,0,0,0,0,0
655,随机海岛（史诗）,史诗,111,0,249,34,19,85364,0,40,0,7,3,4,0,0,0,0,0,0
657,世界首领 （争霸艾泽拉斯）,世界首领,3,0,0,803,0,21439,0,0,0,7,40,0,0,0,0,0,0,0
658,围攻伯拉勒斯（史诗）,史诗,2,3,146,194,0,127178,1822,23,0,7,5,1,0,0,0,0,0,0
659,围攻伯拉勒斯（史诗钥石）,史诗钥石,2,4,146,194,0,98007,1822,8,0,7,5,1,0,0,0,0,0,0
660,诸王之眠（史诗）,史诗,2,3,141,99,19,65321,1762,23,0,7,5,1,0,0,0,0,0,0
661,诸王之眠（史诗钥石）,史诗钥石,2,4,141,194,19,65321,1762,8,0,7,5,1,0,0,0,0,0,0
662,随机海岛（PvP）,PvP,111,0,249,38,19,85364,0,45,0,7,3,4,0,0,0,0,0,0
663,达萨罗之战（普通）,普通,3,1,251,35,19,65358,2070,14,0,7,30,0,0,0,0,0,0,0
664,达萨罗之战（英雄）,英雄,3,2,251,35,19,65359,2070,15,0,7,30,0,0,0,0,0,0,0
665,达萨罗之战（史诗）,史诗,3,3,251,35,20,65360,2070,16,0,7,30,0,0,0,0,0,0,0
666,风暴熔炉（史诗）,史诗,3,3,252,35,20,65366,2096,16,0,7,30,0,0,0,0,0,0,0
667,风暴熔炉（英雄）,英雄,3,2,252,35,19,65365,2096,15,0,7,30,0,0,0,0,0,0,0
668,风暴熔炉（普通）,普通,3,1,252,35,19,65364,2096,14,0,7,30,0,0,0,0,0,0,0
669,麦卡贡行动（史诗）,史诗,2,3,253,99,19,5793,2097,23,0,7,5,1,0,0,0,0,0,0
670,永恒王宫（史诗）,史诗,3,3,254,35,24,0,2164,16,0,7,30,0,0,0,0,0,0,0
671,永恒王宫（英雄）,英雄,3,2,254,35,22,69748,2164,15,0,7,30,0,0,0,0,0,0,0
672,永恒王宫（普通）,普通,3,1,254,35,21,69747,2164,14,0,7,30,0,0,0,0,0,0,0
673,激流堡之战（英雄）,英雄,3,2,255,35,22,71238,1804,15,0,7,30,0,0,0,0,0,0,0
674,纳沙塔尔,纳沙塔尔,1,0,248,258,0,0,0,0,10052,7,0,4,0,0,0,0,0,0
675,麦卡贡,麦卡贡,1,3,247,258,0,0,0,0,10290,7,0,4,0,0,0,0,0,0
676,火焰之地（普通）,普通,3,1,78,34,0,0,720,14,0,3,30,0,0,0,0,0,0,0
677,火焰之地（英雄）,英雄,3,1,78,34,0,0,720,15,0,3,30,0,0,0,0,0,0,0
679,麦卡贡垃圾场（史诗钥石）,史诗钥石,2,4,256,194,0,98011,2097,8,0,7,5,1,0,0,0,0,0,369
682,麦卡贡垃圾场（英雄）,英雄,2,2,256,99,19,87337,2097,2,0,7,5,1,0,0,0,0,0,0
683,麦卡贡车间（史诗钥石）,史诗钥石,2,4,257,194,92,98012,2097,8,0,7,5,1,0,0,0,0,0,0
684,麦卡贡车间（英雄）,英雄,2,2,257,99,89,133855,2097,2,0,7,5,1,0,0,0,0,0,0
685,尼奥罗萨，觉醒之城（史诗）,史诗,3,3,258,35,30,0,2217,16,0,7,20,0,0,0,0,0,0,0
686,尼奥罗萨，觉醒之城（英雄）,英雄,3,2,258,35,26,74074,2217,15,0,7,30,0,0,0,0,0,0,0
687,尼奥罗萨，觉醒之城（普通）,普通,3,1,258,35,24,74073,2217,14,0,7,30,0,0,0,0,0,0,0
688,凋魂之殇（普通）,普通,2,1,259,99,0,85644,2289,1,0,8,5,1,0,0,0,0,0,0
689,凋魂之殇（英雄）,英雄,2,2,259,99,29,85644,2289,2,0,8,5,1,0,0,0,0,0,0
690,凋魂之殇（史诗）,史诗,2,3,259,99,29,85644,2289,23,0,8,5,1,0,0,0,0,0,0
691,凋魂之殇（史诗钥石）,史诗钥石,2,4,259,194,41,97992,2289,8,0,8,5,1,0,0,0,0,0,0
692,彼界（普通）,普通,2,1,260,99,0,85644,2291,1,0,8,5,1,0,0,0,0,0,0
693,彼界（英雄）,英雄,2,2,260,99,29,85644,2291,2,0,8,5,1,0,0,0,0,0,0
694,彼界（史诗）,史诗,2,3,260,99,29,85644,2291,23,0,8,5,1,0,0,0,0,0,0
695,彼界（史诗钥石）,史诗钥石,2,4,260,194,41,97997,2291,8,0,8,5,1,0,0,0,0,0,0
696,赎罪大厅（普通）,普通,2,1,261,99,0,85644,2287,1,0,8,5,1,0,0,0,0,0,0
697,赎罪大厅（英雄）,英雄,2,2,261,99,101,85644,2287,2,0,8,5,1,0,0,0,0,0,0
698,赎罪大厅（史诗）,史诗,2,3,261,99,103,85644,2287,23,0,8,5,1,0,0,0,0,0,0
699,赎罪大厅（史诗钥石）,史诗钥石,2,4,261,194,105,97994,2287,8,0,8,5,1,0,0,0,0,0,0
700,塞兹仙林的迷雾（普通）,普通,2,1,262,99,0,85644,2290,1,0,8,5,1,0,0,0,0,0,0
701,塞兹仙林的迷雾（英雄）,英雄,2,2,262,99,80,127178,2290,2,0,8,5,1,0,0,0,0,0,0
702,塞兹仙林的迷雾（史诗）,史诗,2,3,262,99,0,127178,2290,23,0,8,5,1,0,0,0,0,0,0
703,塞兹仙林的迷雾（史诗钥石）,史诗钥石,2,4,262,194,41,97993,2290,8,0,8,5,1,0,0,0,0,0,0
704,赤红深渊（普通）,普通,2,1,263,99,0,85644,2284,1,0,8,5,1,0,0,0,0,0,0
705,赤红深渊（史诗钥石）,史诗钥石,2,4,263,194,41,97998,2284,8,0,8,5,1,0,0,0,0,0,0
706,赤红深渊（史诗）,史诗,2,3,263,99,29,85644,2284,23,0,8,5,1,0,0,0,0,0,0
707,赤红深渊（英雄）,英雄,2,2,263,99,29,85644,2284,2,0,8,5,1,0,0,0,0,0,0
708,晋升高塔（普通）,普通,2,1,264,99,0,85644,2285,1,0,8,5,1,0,0,0,0,0,0
709,晋升高塔（史诗钥石）,史诗钥石,2,4,264,194,41,97995,2285,8,0,8,5,1,0,0,0,0,0,0
710,晋升高塔（史诗）,史诗,2,3,264,99,29,85644,2285,23,0,8,5,1,0,0,0,0,0,0
711,晋升高塔（英雄）,英雄,2,2,264,99,29,85644,2285,2,0,8,5,1,0,0,0,0,0,0
712,通灵战潮（普通）,普通,2,1,265,99,0,85644,2286,1,0,8,5,1,0,0,0,0,0,0
713,通灵战潮（史诗钥石）,史诗钥石,2,4,265,194,41,97991,2286,8,0,8,5,1,0,0,0,0,0,0
714,通灵战潮（史诗）,史诗,2,3,265,99,0,127178,2286,23,0,8,5,1,0,0,0,0,0,0
715,通灵战潮（英雄）,英雄,2,2,265,99,80,127178,2286,2,0,8,5,1,0,0,0,0,0,0
716,伤逝剧场（普通）,普通,2,1,266,99,0,85644,2293,1,0,8,5,1,0,0,0,0,0,0
717,伤逝剧场（史诗钥石）,史诗钥石,2,4,266,194,92,97996,2293,8,0,8,5,1,0,0,0,0,0,0
718,伤逝剧场（史诗）,史诗,2,3,266,99,92,78797,2293,23,0,8,5,1,0,0,0,0,0,0
719,伤逝剧场（英雄）,英雄,2,2,266,99,89,85644,2293,2,0,8,5,1,0,0,0,0,0,0
720,纳斯利亚堡（普通）,普通,3,1,267,35,44,85644,2296,14,0,8,30,0,0,0,0,0,0,0
721,纳斯利亚堡（史诗）,史诗,3,3,267,35,50,85644,2296,16,0,8,20,0,0,0,0,0,0,0
722,纳斯利亚堡（英雄）,英雄,3,2,267,35,47,85644,2296,15,0,8,30,0,0,0,0,0,0,0
723,世界首领（暗影界）,世界首领,3,0,0,803,0,105278,2222,0,0,8,40,0,0,0,0,0,0,0
724,斯科杜斯之厅,难度1,113,1,274,162,0,85370,2162,167,13400,8,5,4,0,0,0,0,0,0
725,扭曲回廊,难度1,113,0,273,162,0,85391,2162,167,0,8,5,4,0,0,0,0,0,0
726,断骨密室,难度1,113,1,278,162,0,85371,2162,167,13403,8,5,4,0,0,0,0,0,0
727,灵魂熔炉,难度1,113,1,276,162,0,85372,2162,167,13404,8,5,4,0,0,0,0,0,0
728,凇心间隙,难度1,113,1,279,162,0,85373,2162,167,13411,8,5,4,0,0,0,0,0,0
729,莫尔特雷加,难度1,113,1,277,162,0,85374,2162,167,13412,8,5,4,0,0,0,0,0,0
730,上层区域,难度1,113,1,275,162,0,85376,2162,167,13413,8,5,4,0,0,0,0,0,0
731,竞技场练习赛（2v2）,2v2,7,0,0,36,0,86430,0,0,0,0,2,2,0,0,0,0,0,0
732,竞技场练习赛（2v2）,2v2,7,0,0,36,0,86431,0,0,0,0,2,2,0,0,0,0,0,0
733,竞技场练习赛（3v3）,3v3,7,0,0,36,0,86430,0,0,0,0,3,2,0,0,0,0,0,0
734,竞技场练习赛（3v3）,3v3,7,0,0,36,0,86431,0,0,0,0,3,2,0,0,0,0,0,0
735,阿尔柯班之厅,阿尔柯班之厅,113,1,0,162,0,88259,2162,167,13400,8,5,4,0,0,0,0,0,0
736,折磨密室：吉安娜,折磨密室：吉安娜,113,1,0,162,0,88260,2162,167,13404,8,5,4,0,0,0,0,0,0
737,折磨密室：萨尔,折磨密室：萨尔,113,1,0,162,0,88261,2162,167,13404,8,5,4,0,0,0,0,0,0
738,炽蓝仙野,炽蓝仙野,1,0,270,258,0,0,0,0,11510,8,0,4,0,0,0,0,0,0
739,晋升堡垒,晋升堡垒,1,0,270,258,0,0,0,0,10534,8,0,4,0,0,0,0,0,0
740,玛卓克萨斯,玛卓克萨斯,1,0,270,258,0,0,0,0,11462,8,0,4,0,0,0,0,0,0
741,雷文德斯,雷文德斯,1,0,270,258,0,0,0,0,10413,8,0,4,0,0,0,0,0,0
742,噬渊,噬渊,1,0,270,258,0,0,0,0,11400,8,0,4,0,0,0,0,0,0
743,统御圣所（普通）,普通,3,1,271,35,47,85644,2450,14,0,8,30,0,0,0,0,0,0,0
744,统御圣所（英雄）,英雄,3,2,271,35,49,85644,2450,15,0,8,30,0,0,0,0,0,0,0
745,统御圣所（史诗）,史诗,3,3,271,35,51,85644,2450,16,0,8,20,0,0,0,0,0,0,0
746,塔扎维什，帷纱集市（史诗）,史诗,2,2,272,99,147,139944,2441,23,0,8,5,1,0,0,0,0,0,0
940,扭曲回廊,难度2,113,0,273,162,0,85391,2162,167,0,8,5,4,0,0,0,0,0,0
941,扭曲回廊,难度3,113,0,273,162,0,85391,2162,167,0,8,5,4,0,0,0,0,0,0
942,扭曲回廊,难度4,113,0,273,162,0,85391,2162,167,0,8,5,4,0,0,0,0,0,0
943,扭曲回廊,难度5,113,0,273,162,0,85391,2162,167,0,8,5,4,0,0,0,0,0,0
944,扭曲回廊,难度6,113,0,273,162,0,85391,2162,167,0,8,5,4,0,0,0,0,0,0
945,扭曲回廊,难度7,113,0,273,162,0,85391,2162,167,0,8,5,4,0,0,0,0,0,0
946,扭曲回廊,难度8,113,0,273,162,0,85391,2162,167,0,8,5,4,0,0,0,0,0,0
947,扭曲回廊,难度9,113,0,273,162,0,85391,2162,167,0,8,5,4,0,0,0,0,0,0
948,扭曲回廊,难度10,113,0,273,162,0,85391,2162,167,0,8,5,4,0,0,0,0,0,0
949,扭曲回廊,难度11,113,0,273,162,0,85391,2162,167,0,8,5,4,0,0,0,0,0,0
950,扭曲回廊,难度12,113,0,273,162,0,85391,2162,167,0,8,5,4,0,0,0,0,0,0
951,斯科杜斯之厅,难度2,113,1,274,162,0,85370,2162,167,13400,8,5,4,0,0,0,0,0,0
952,斯科杜斯之厅,难度3,113,1,274,162,0,85370,2162,167,13400,8,5,4,0,0,0,0,0,0
953,斯科杜斯之厅,难度4,113,1,274,162,0,85370,2162,167,13400,8,5,4,0,0,0,0,0,0
955,斯科杜斯之厅,难度5,113,1,274,162,0,85370,2162,167,13400,8,5,4,0,0,0,0,0,0
956,斯科杜斯之厅,难度6,113,1,274,162,0,85370,2162,167,13400,8,5,4,0,0,0,0,0,0
957,斯科杜斯之厅,难度7,113,1,274,162,0,85370,2162,167,13400,8,5,4,0,0,0,0,0,0
958,斯科杜斯之厅,难度8,113,1,274,162,0,85370,2162,167,13400,8,5,4,0,0,0,0,0,0
959,斯科杜斯之厅,难度9,113,1,274,162,0,85370,2162,167,13400,8,5,4,0,0,0,0,0,0
960,斯科杜斯之厅,难度10,113,1,274,162,0,85370,2162,167,13400,8,5,4,0,0,0,0,0,0
961,上层区域,难度2,113,1,275,162,0,85376,2162,167,13413,8,5,4,0,0,0,0,0,0
962,上层区域,难度3,113,1,275,162,0,85376,2162,167,13413,8,5,4,0,0,0,0,0,0
963,上层区域,难度4,113,1,275,162,0,85376,2162,167,13413,8,5,4,0,0,0,0,0,0
964,上层区域,难度5,113,1,275,162,0,85376,2162,167,13413,8,5,4,0,0,0,0,0,0
965,上层区域,难度6,113,1,275,162,0,85376,2162,167,13413,8,5,4,0,0,0,0,0,0
966,上层区域,难度7,113,1,275,162,0,85376,2162,167,13413,8,5,4,0,0,0,0,0,0
967,上层区域,难度8,113,1,275,162,0,85376,2162,167,13413,8,5,4,0,0,0,0,0,0
968,上层区域,难度9,113,1,275,162,0,85376,2162,167,13413,8,5,4,0,0,0,0,0,0
969,上层区域,难度10,113,1,275,162,0,85376,2162,167,13413,8,5,4,0,0,0,0,0,0
970,斯科杜斯之厅,难度11,113,1,274,162,0,85370,2162,167,13400,8,5,4,0,0,0,0,0,0
971,上层区域,难度11,113,1,275,162,0,85376,2162,167,13413,8,5,4,0,0,0,0,0,0
972,上层区域,难度12,113,1,275,162,0,85376,2162,167,13413,8,5,4,0,0,0,0,0,0
973,灵魂熔炉,难度2,113,1,276,162,0,85372,2162,167,13404,8,5,4,0,0,0,0,0,0
974,灵魂熔炉,难度3,113,1,276,162,0,85372,2162,167,13404,8,5,4,0,0,0,0,0,0
975,灵魂熔炉,难度4,113,1,276,162,0,85372,2162,167,13404,8,5,4,0,0,0,0,0,0
976,灵魂熔炉,难度5,113,1,276,162,0,85372,2162,167,13404,8,5,4,0,0,0,0,0,0
977,灵魂熔炉,难度6,113,1,276,162,0,85372,2162,167,13404,8,5,4,0,0,0,0,0,0
978,灵魂熔炉,难度7,113,1,276,162,0,85372,2162,167,13404,8,5,4,0,0,0,0,0,0
979,灵魂熔炉,难度8,113,1,276,162,0,85372,2162,167,13404,8,5,4,0,0,0,0,0,0
980,灵魂熔炉,难度9,113,1,276,162,0,85372,2162,167,13404,8,5,4,0,0,0,0,0,0
981,灵魂熔炉,难度10,113,1,276,162,0,85372,2162,167,13404,8,5,4,0,0,0,0,0,0
982,灵魂熔炉,难度11,113,1,276,162,0,85372,2162,167,13404,8,5,4,0,0,0,0,0,0
983,莫尔特雷加,难度2,113,1,277,162,0,85374,2162,167,13412,8,5,4,0,0,0,0,0,0
984,莫尔特雷加,难度3,113,1,277,162,0,85374,2162,167,13412,8,5,4,0,0,0,0,0,0
985,莫尔特雷加,难度4,113,1,277,162,0,85374,2162,167,13412,8,5,4,0,0,0,0,0,0
986,莫尔特雷加,难度5,113,1,277,162,0,85374,2162,167,13412,8,5,4,0,0,0,0,0,0
987,莫尔特雷加,难度6,113,1,277,162,0,85374,2162,167,13412,8,5,4,0,0,0,0,0,0
988,莫尔特雷加,难度7,113,1,277,162,0,85374,2162,167,13412,8,5,4,0,0,0,0,0,0
989,莫尔特雷加,难度8,113,1,277,162,0,85374,2162,167,13412,8,5,4,0,0,0,0,0,0
990,莫尔特雷加,难度9,113,1,277,162,0,85374,2162,167,13412,8,5,4,0,0,0,0,0,0
991,莫尔特雷加,难度10,113,1,277,162,0,85374,2162,167,13412,8,5,4,0,0,0,0,0,0
992,莫尔特雷加,难度11,113,1,277,162,0,85374,2162,167,13412,8,5,4,0,0,0,0,0,0
993,莫尔特雷加,难度12,113,1,277,162,0,85374,2162,167,13412,8,5,4,0,0,0,0,0,0
994,断骨密室,难度2,113,1,278,162,0,85371,2162,167,13403,8,5,4,0,0,0,0,0,0
995,断骨密室,难度3,113,1,278,162,0,85371,2162,167,13403,8,5,4,0,0,0,0,0,0
996,断骨密室,难度4,113,1,278,162,0,85371,2162,167,13403,8,5,4,0,0,0,0,0,0
997,断骨密室,难度5,113,1,278,162,0,85371,2162,167,13403,8,5,4,0,0,0,0,0,0
998,断骨密室,难度6,113,1,278,162,0,85371,2162,167,13403,8,5,4,0,0,0,0,0,0
999,断骨密室,难度7,113,1,278,162,0,85371,2162,167,13403,8,5,4,0,0,0,0,0,0
1000,断骨密室,难度8,113,1,278,162,0,85371,2162,167,13403,8,5,4,0,0,0,0,0,0
1001,断骨密室,难度9,113,1,278,162,0,85371,2162,167,13403,8,5,4,0,0,0,0,0,0
1002,断骨密室,难度10,113,1,278,162,0,85371,2162,167,13403,8,5,4,0,0,0,0,0,0
1003,断骨密室,难度11,113,1,278,162,0,85371,2162,167,13403,8,5,4,0,0,0,0,0,0
1004,断骨密室,难度12,113,1,278,162,0,85371,2162,167,13403,8,5,4,0,0,0,0,0,0
1005,凇心间隙,难度2,113,1,279,162,0,85373,2162,167,13411,8,5,4,0,0,0,0,0,0
1006,凇心间隙,难度3,113,1,279,162,0,85373,2162,167,13411,8,5,4,0,0,0,0,0,0
1007,凇心间隙,难度4,113,1,279,162,0,85373,2162,167,13411,8,5,4,0,0,0,0,0,0
1008,凇心间隙,难度5,113,1,279,162,0,85373,2162,167,13411,8,5,4,0,0,0,0,0,0
1009,凇心间隙,难度6,113,1,279,162,0,85373,2162,167,13411,8,5,4,0,0,0,0,0,0
1010,凇心间隙,难度7,113,1,279,162,0,85373,2162,167,13411,8,5,4,0,0,0,0,0,0
1011,凇心间隙,难度8,113,1,279,162,0,85373,2162,167,13411,8,5,4,0,0,0,0,0,0
1012,凇心间隙,难度9,113,1,279,162,0,85373,2162,167,13411,8,5,4,0,0,0,0,0,0
1013,凇心间隙,难度10,113,1,279,162,0,85373,2162,167,13411,8,5,4,0,0,0,0,0,0
1014,凇心间隙,难度11,113,1,279,162,0,85373,2162,167,13411,8,5,4,0,0,0,0,0,0
1015,凇心间隙,难度12,113,1,279,162,0,85373,2162,167,13411,8,5,4,0,0,0,0,0,0
1016,塔扎维什：琳彩天街（史诗钥石）,史诗钥石,2,4,280,194,105,97999,2441,8,0,8,5,1,0,0,0,0,0,391
1017,塔扎维什：索·莉亚的宏图（史诗钥石）,史诗钥石,2,3,281,194,105,98000,2441,8,0,8,5,1,0,0,0,0,0,392
1018,塔扎维什：琳彩天街（英雄）,英雄,2,3,280,194,101,139943,2441,2,0,8,5,1,0,0,0,0,0,0
1019,塔扎维什：索·莉亚的宏图（英雄）,英雄,2,2,281,194,101,139943,2441,2,0,8,5,1,0,0,0,0,0,0
1020,初诞者圣墓（普通）,普通,3,1,282,35,51,93446,2481,14,0,8,30,0,0,0,0,0,0,0
1021,初诞者圣墓（英雄）,英雄,3,2,282,35,54,93451,2481,15,0,8,30,0,0,0,0,0,0,0
1022,初诞者圣墓（史诗）,史诗,3,3,282,35,56,85644,2481,16,0,8,20,0,0,0,0,0,0,0
1024,凇心间隙,难度13,113,1,279,162,0,85373,2162,167,13411,8,5,4,0,0,0,0,0,0
1025,凇心间隙,难度14,113,1,279,162,0,85373,2162,167,13411,8,5,4,0,0,0,0,0,0
1026,凇心间隙,难度15,113,1,279,162,0,85373,2162,167,13411,8,5,4,0,0,0,0,0,0
1027,凇心间隙,难度16,113,1,279,162,0,85373,2162,167,13411,8,5,4,0,0,0,0,0,0
1028,断骨密室,难度13,113,1,278,162,0,85371,2162,167,13403,8,5,4,0,0,0,0,0,0
1029,断骨密室,难度14,113,1,278,162,0,85371,2162,167,13403,8,5,4,0,0,0,0,0,0
1030,断骨密室,难度15,113,1,278,162,0,85371,2162,167,13403,8,5,4,0,0,0,0,0,0
1031,断骨密室,难度16,113,1,278,162,0,85371,2162,167,13403,8,5,4,0,0,0,0,0,0
1032,莫尔特雷加,难度13,113,1,277,162,0,85374,2162,167,13412,8,5,4,0,0,0,0,0,0
1033,莫尔特雷加,难度14,113,1,277,162,0,85374,2162,167,13412,8,5,4,0,0,0,0,0,0
1034,莫尔特雷加,难度15,113,1,277,162,0,85374,2162,167,13412,8,5,4,0,0,0,0,0,0
1035,莫尔特雷加,难度16,113,1,277,162,0,85374,2162,167,13412,8,5,4,0,0,0,0,0,0
1036,斯科杜斯之厅,难度12,113,1,274,162,0,85370,2162,167,13400,8,5,4,0,0,0,0,0,0
1037,斯科杜斯之厅,难度13,113,1,274,162,0,85370,2162,167,13400,8,5,4,0,0,0,0,0,0
1038,斯科杜斯之厅,难度14,113,1,274,162,0,85370,2162,167,13400,8,5,4,0,0,0,0,0,0
1039,斯科杜斯之厅,难度15,113,1,274,162,0,85370,2162,167,13400,8,5,4,0,0,0,0,0,0
1040,斯科杜斯之厅,难度16,113,1,274,162,0,85370,2162,167,13400,8,5,4,0,0,0,0,0,0
1041,灵魂熔炉,难度12,113,1,276,162,0,85372,2162,167,13404,8,5,4,0,0,0,0,0,0
1042,灵魂熔炉,难度13,113,1,276,162,0,85372,2162,167,13404,8,5,4,0,0,0,0,0,0
1043,灵魂熔炉,难度14,113,1,276,162,0,85372,2162,167,13404,8,5,4,0,0,0,0,0,0
1044,灵魂熔炉,难度15,113,1,276,162,0,85372,2162,167,13404,8,5,4,0,0,0,0,0,0
1045,灵魂熔炉,难度16,113,1,276,162,0,85372,2162,167,13404,8,5,4,0,0,0,0,0,0
1046,上层区域,难度13,113,1,275,162,0,85376,2162,167,13413,8,5,4,0,0,0,0,0,0
1047,上层区域,难度14,113,1,275,162,0,85376,2162,167,13413,8,5,4,0,0,0,0,0,0
1048,上层区域,难度15,113,1,275,162,0,85376,2162,167,13413,8,5,4,0,0,0,0,0,0
1049,上层区域,难度16,113,1,275,162,0,85376,2162,167,13413,8,5,4,0,0,0,0,0,0
1050,典狱长的挑战,难度1,113,0,283,162,0,96523,2162,167,0,8,5,4,0,0,0,0,0,0
1051,典狱长的挑战,难度2,113,0,283,162,0,96523,2162,167,0,8,5,4,0,0,0,0,0,0
1052,典狱长的挑战,难度3,113,0,283,162,0,96523,2162,167,0,8,5,4,0,0,0,0,0,0
1053,典狱长的挑战,难度4,113,0,283,162,0,96523,2162,167,0,8,5,4,0,0,0,0,0,0
1054,典狱长的挑战,难度5,113,0,283,162,0,96523,2162,167,0,8,5,4,0,0,0,0,0,0
1055,典狱长的挑战,难度6,113,0,283,162,0,96523,2162,167,0,8,5,4,0,0,0,0,0,0
1056,典狱长的挑战,难度7,113,0,283,162,0,96523,2162,167,0,8,5,4,0,0,0,0,0,0
1057,典狱长的挑战,难度8,113,0,283,162,0,96523,2162,167,0,8,5,4,0,0,0,0,0,0
1058,觉醒海岸,觉醒海岸,1,0,284,258,0,0,0,0,13644,9,0,4,0,0,0,0,0,0
1059,欧恩哈拉平原,欧恩哈拉平原,1,0,284,258,0,0,0,0,13645,9,0,4,0,0,0,0,0,0
1060,碧蓝林海,碧蓝林海,1,0,284,258,0,0,0,0,13646,9,0,4,0,0,0,0,0,0
1061,索德拉苏斯,索德拉苏斯,1,0,284,258,0,0,0,0,13647,9,0,4,0,0,0,0,0,0
1062,扎雷殁提斯,扎雷殁提斯,1,0,270,258,0,0,0,0,13536,8,0,4,0,0,0,0,0,0
1063,刻希亚,刻希亚,1,0,270,258,0,0,0,0,13570,8,0,4,0,0,0,0,0,0
1146,世界首领（巨龙时代）,世界首领,3,0,0,803,0,115998,2444,0,0,9,40,0,0,0,0,0,0,0
1157,艾杰斯亚学院（普通）,普通,2,1,302,99,0,99341,2526,1,0,9,5,1,0,0,0,0,0,0
1158,艾杰斯亚学院（英雄）,英雄,2,2,302,99,217,99342,2526,2,0,9,5,1,0,0,0,0,0,0
1159,艾杰斯亚学院（史诗）,史诗,2,3,302,99,233,99343,2526,23,0,9,5,1,0,0,0,0,0,0
1160,艾杰斯亚学院（史诗钥石）,史诗钥石,2,4,302,227,236,99874,2526,8,0,9,5,1,0,0,0,0,0,0
1161,蕨皮山谷（普通）,普通,2,1,303,99,0,85644,2520,1,0,9,5,1,0,0,0,0,0,0
1162,蕨皮山谷（英雄）,英雄,2,2,303,99,75,99866,2520,2,0,9,5,1,0,0,0,0,0,0
1163,蕨皮山谷（史诗）,史诗,2,3,303,99,76,99866,2520,23,0,9,5,1,0,0,0,0,0,0
1164,蕨皮山谷（史诗钥石）,史诗钥石,2,4,303,194,76,99872,2520,8,0,9,5,1,0,0,0,0,0,0
1165,注能大厅（普通）,普通,2,1,304,99,0,85644,2527,1,0,9,5,1,0,0,0,0,0,0
1166,注能大厅（英雄）,英雄,2,2,304,99,75,99866,2527,2,0,9,5,1,0,0,0,0,0,0
1167,注能大厅（史诗）,史诗,2,3,304,99,76,99866,2527,23,0,9,5,1,0,0,0,0,0,0
1168,注能大厅（史诗钥石）,史诗钥石,2,4,304,194,76,99873,2527,8,0,9,5,1,0,0,0,0,0,0
1169,奈萨鲁斯（普通）,普通,2,1,305,99,0,99866,2519,1,0,9,5,1,0,0,0,0,0,0
1170,奈萨鲁斯（英雄）,英雄,2,2,305,99,75,99866,2519,2,0,9,5,1,0,0,0,0,0,0
1171,奈萨鲁斯（史诗）,史诗,2,3,305,99,76,99866,2519,23,0,9,5,1,0,0,0,0,0,0
1172,奈萨鲁斯（史诗钥石）,史诗钥石,2,3,305,194,76,99869,2519,8,0,9,5,1,0,0,0,0,0,0
1173,红玉新生法池（普通）,普通,2,1,306,99,0,85644,2521,1,0,9,5,1,0,0,0,0,0,0
1174,红玉新生法池（英雄）,英雄,2,2,306,99,75,99866,2521,2,0,9,5,1,0,0,0,0,0,0
1175,红玉新生法池（史诗）,史诗,2,3,306,99,76,99866,2521,23,0,9,5,1,0,0,0,0,0,0
1176,红玉新生法池（史诗钥石）,史诗钥石,2,4,306,194,76,99868,2521,8,0,9,5,1,0,0,0,0,0,0
1177,碧蓝魔馆（普通）,普通,2,1,307,99,0,99866,2515,1,0,9,5,1,0,0,0,0,0,0
1178,碧蓝魔馆（英雄）,英雄,2,2,307,99,75,99866,2515,2,0,9,5,1,0,0,0,0,0,0
1179,碧蓝魔馆（史诗）,史诗,2,3,307,99,76,99866,2515,23,0,9,5,1,0,0,0,0,0,0
1180,碧蓝魔馆（史诗钥石）,史诗钥石,2,4,307,194,76,99871,2515,8,0,9,5,1,0,0,0,0,0,0
1181,诺库德阻击战（普通）,普通,2,1,308,99,0,85644,2516,1,0,9,5,1,0,0,0,0,0,0
1182,诺库德阻击战（英雄）,英雄,2,2,308,99,75,99866,2516,2,0,9,5,1,0,0,0,0,0,0
1183,诺库德阻击战（史诗）,史诗,2,3,308,99,76,99866,2516,23,0,9,5,1,0,0,0,0,0,0
1184,诺库德阻击战（史诗钥石）,史诗钥石,2,4,308,194,76,99870,2516,8,0,9,5,1,0,0,0,0,0,0
1185,奥达曼：提尔的遗产（普通）,普通,2,1,309,99,0,85644,2451,1,0,9,5,1,0,0,0,0,0,0
1186,奥达曼：提尔的遗产（英雄）,英雄,2,2,309,99,75,99866,2451,2,0,9,5,1,0,0,0,0,0,0
1187,奥达曼：提尔的遗产（史诗）,史诗,2,3,309,99,76,99866,2451,23,0,9,5,1,0,0,0,0,0,0
1188,奥达曼：提尔的遗产（史诗钥石）,史诗钥石,2,4,309,194,76,99867,2451,8,0,9,5,1,0,0,0,0,0,0
1189,化身巨龙牢窟（普通）,普通,3,1,310,35,71,103977,2522,14,0,9,30,0,0,0,0,0,0,0
1190,化身巨龙牢窟（英雄）,英雄,3,2,310,35,72,103977,2522,15,0,9,30,0,0,0,0,0,0,0
1191,化身巨龙牢窟（史诗）,史诗,3,3,310,35,73,103977,2522,16,0,9,20,0,0,0,0,0,0,0
1192,青龙寺（史诗钥石）,史诗钥石,2,0,61,194,0,98034,960,8,0,4,5,1,0,0,0,0,0,0
1193,影月墓地（史诗钥石）,史诗钥石,2,0,12,194,71,98028,1176,8,0,5,5,1,0,0,0,0,0,0
1194,奥达曼：提尔的遗产（普通）,普通,2,1,309,99,0,105577,2451,1,0,8,5,1,0,0,0,0,0,0
1195,旋云之巅（史诗钥石）,史诗钥石,2,8,59,194,72,107461,657,8,0,3,5,1,0,0,0,0,0,0
1196,禁忌离岛,禁忌离岛,1,0,284,258,0,0,0,0,14433,9,0,4,0,0,0,0,0,0
1235,亚贝鲁斯（普通）,普通,3,1,313,35,72,108665,2569,14,0,9,30,0,0,0,0,0,0,0
1236,亚贝鲁斯（英雄）,英雄,3,2,313,35,73,108665,2569,15,0,9,30,0,0,0,0,0,0,0
1237,亚贝鲁斯（史诗）,史诗,3,3,313,35,73,108665,2569,16,0,9,20,0,0,0,0,0,0,0
1243,查拉雷克洞窟,查拉雷克洞窟,1,0,284,258,0,0,0,0,14022,9,0,4,0,0,0,0,0,0
1244,永恒黎明（史诗）,史诗,2,3,315,99,76,99866,2579,23,0,9,5,1,0,0,0,0,0,0
1245,迦拉克隆的陨落 - 永恒黎明（英雄）,英雄,2,2,316,99,68,99866,2579,2,0,9,5,1,0,0,0,0,0,0
1246,姆诺兹多的崛起 - 永恒黎明（英雄）,英雄,2,2,317,99,68,99866,2579,2,0,9,5,1,0,0,0,0,0,0
1247,迦拉克隆的陨落 - 永恒黎明（史诗钥石）,史诗钥石,2,4,316,194,73,114533,2579,8,0,9,5,1,0,0,0,0,0,463
1248,姆诺兹多的崛起 - 永恒黎明（史诗钥石）,史诗钥石,2,4,317,194,73,114534,2579,8,0,9,5,1,0,0,0,0,0,464
1249,翡翠梦境,翡翠梦境,1,0,284,258,0,0,0,0,14529,9,0,4,0,0,0,0,0,0
1251,阿梅达希尔（普通）,普通,3,1,319,35,74,115329,2549,14,0,9,30,0,0,0,0,0,0,0
1252,阿梅达希尔（英雄）,英雄,3,2,319,35,75,114446,2549,15,0,9,30,0,0,0,0,0,0,0
1253,阿梅达希尔（史诗）,史诗,3,3,319,35,75,115330,2549,16,0,9,20,0,0,0,0,0,0,0
1274,潮汐王座（史诗钥石）,史诗钥石,2,8,54,194,72,112699,643,8,0,3,5,1,0,0,0,0,0,0
1275,暗焰裂口（普通）,普通,2,1,322,99,0,114336,2651,1,0,10,5,1,0,0,0,0,0,0
1276,暗焰裂口（英雄）,英雄,2,2,322,99,89,123298,2651,2,0,10,5,1,0,0,0,0,0,0
1277,暗焰裂口（史诗）,史诗,2,3,322,99,92,124931,2651,23,0,10,5,1,0,0,0,0,0,0
1278,艾拉-卡拉，回响之城（普通）,普通,2,1,323,99,0,114336,2660,1,0,10,5,1,0,0,0,0,0,0
1279,艾拉-卡拉，回响之城（英雄）,英雄,2,2,323,99,101,115171,2660,2,0,10,5,1,0,0,0,0,0,0
1280,艾拉-卡拉，回响之城（史诗）,史诗,2,3,323,99,103,124938,2660,23,0,10,5,1,0,0,0,0,0,0
1281,圣焰隐修院（史诗钥石）,史诗钥石,2,9,324,195,105,120230,2649,8,0,10,5,1,0,0,0,0,0,0
1282,暗焰裂口（史诗钥石）,史诗钥石,2,3,322,227,92,120231,2651,8,0,10,5,1,0,0,0,0,0,0
1283,驭雷栖巢（史诗钥石）,史诗钥石,2,4,325,227,92,120232,2648,8,0,10,5,1,0,0,0,0,0,0
1284,艾拉-卡拉，回响之城（史诗钥石）,史诗钥石,2,4,323,227,105,120233,2660,8,0,10,5,1,0,0,0,0,0,0
1285,破晨号（史诗钥石）,史诗钥石,2,4,326,227,105,120234,2662,8,0,10,5,1,0,0,0,0,0,0
1286,燧酿酒庄（史诗钥石）,史诗钥石,2,3,327,227,92,120235,2661,8,0,10,5,1,0,0,0,0,0,0
1287,矶石宝库（史诗钥石）,史诗钥石,2,4,328,227,68,120236,2652,8,0,10,5,1,0,0,0,0,0,0
1288,千丝之城（史诗钥石）,史诗钥石,2,4,329,227,0,120237,2669,8,0,10,5,1,0,0,0,0,0,0
1289,世界首领（地心之战）,世界首领,3,0,0,803,0,21439,2601,0,0,10,40,0,0,0,0,0,0,0
1290,格瑞姆巴托（史诗钥石）,史诗钥石,2,4,56,227,0,120783,670,8,0,3,5,1,0,0,0,0,0,0
1291,破晨号（史诗）,史诗,2,3,326,99,103,124935,2662,23,0,10,5,1,0,0,0,0,0,0
1292,矶石宝库（史诗）,史诗,2,3,328,99,68,124932,2652,23,0,10,5,1,0,0,0,0,0,0
1293,千丝之城（史诗）,史诗,2,3,329,99,0,123668,2669,23,0,10,5,1,0,0,0,0,0,0
1294,格瑞姆巴托（史诗）,史诗,2,3,56,99,0,127178,670,23,0,3,5,1,0,0,0,0,0,0
1295,真菌之愚（难度 1）,难度1,121,1,331,162,0,118387,2664,208,14957,10,5,4,0,0,0,0,0,0
1296,克莱格瓦之眠（难度 1）,难度1,121,1,332,162,0,118387,2681,208,15000,10,5,4,0,0,0,0,0,0
1297,地匍矿洞（难度 1）,难度1,121,1,333,162,0,118387,2680,208,14999,10,5,4,0,0,0,0,0,0
1298,泽克维尔的巢穴（难度 ？？）,难度 ？？,121,1,334,162,0,128164,2682,208,15001,10,5,4,0,0,0,0,0,0
1299,水能堡（难度 1）,难度1,121,1,335,162,0,118387,2683,208,15002,10,5,4,0,0,0,0,0,0
1300,恐惧陷坑（难度 1）,难度1,121,1,336,162,0,118387,2684,208,15003,10,5,4,0,0,0,0,0,0
1301,夜幕圣所（难度 1）,难度1,121,1,337,162,0,118387,2686,208,15005,10,5,4,0,0,0,0,0,0
1302,丝菌师洞穴（难度 1）,难度1,121,1,338,162,0,118387,2679,208,14998,10,5,4,0,0,0,0,0,0
1303,无底沉穴（难度 1）,难度1,121,1,339,162,0,118387,2687,208,15175,10,5,4,0,0,0,0,0,0
1304,飞掠裂口（难度 1）,难度1,121,1,340,162,0,118387,2685,208,15004,10,5,4,0,0,0,0,0,0
1305,幽暗要塞（难度 1）,难度1,121,1,341,162,0,118387,2690,208,15009,10,5,4,0,0,0,0,0,0
1306,塔克-雷桑深渊（难度 1）,难度1,121,1,342,162,0,118387,2689,208,15327,10,5,4,0,0,0,0,0,0
1307,螺旋织纹（难度 1）,难度1,121,1,343,162,0,118387,2688,208,15007,10,5,4,0,0,0,0,0,0
1308,驭雷栖巢（普通）,普通,2,1,325,99,0,114336,2648,1,0,10,5,1,0,0,0,0,0,0
1309,驭雷栖巢（英雄）,英雄,2,2,325,99,89,123295,2648,2,0,10,5,1,0,0,0,0,0,0
1310,驭雷栖巢（史诗）,史诗,2,3,325,99,92,124927,2648,23,0,10,5,1,0,0,0,0,0,0
1311,翡翠林,翡翠林,1,0,71,258,0,0,0,0,5785,4,0,4,0,0,0,0,0,0
1312,四风谷,四风谷,1,0,71,258,0,0,0,0,5805,4,0,4,0,0,0,0,0,0
1313,卡桑琅丛林,卡桑琅丛林,1,0,71,258,0,0,0,0,6134,4,0,4,0,0,0,0,0,0
1314,雾纱栈道,雾纱栈道,1,0,71,258,0,0,0,0,6006,4,0,4,0,0,0,0,0,0
1315,昆莱山,昆莱山,1,0,71,258,0,0,0,0,5841,4,0,4,0,0,0,0,0,0
1316,螳螂高原,螳螂高原,1,0,71,258,0,0,0,0,5842,4,0,4,0,0,0,0,0,0
1317,恐惧废土,恐惧废土,1,0,71,258,0,0,0,0,6138,4,0,4,0,0,0,0,0,0
1318,锦绣谷,锦绣谷,1,0,71,258,0,0,0,0,5840,4,0,4,0,0,0,0,0,0
1319,巨兽岛,巨兽岛,1,0,71,258,0,0,0,0,6661,4,0,4,0,0,0,0,0,0
1320,雷神岛,雷神岛,1,0,71,258,0,0,0,0,6507,4,0,4,0,0,0,0,0,0
1321,永恒岛,永恒岛,1,0,71,258,0,0,0,0,6757,4,0,4,0,0,0,0,0,0
1322,魔古山宝库（10人英雄）,10人英雄,3,0,80,35,0,0,1008,5,0,4,10,0,0,0,0,0,0,0
1323,魔古山宝库（10人普通）,10人普通,3,0,80,35,0,0,1008,3,0,4,10,0,0,0,0,0,0,0
1324,恐惧之心（10人英雄）,10人英雄,3,0,81,35,0,0,1009,5,0,4,10,0,0,0,0,0,0,0
1325,恐惧之心（10人普通）,10人普通,3,0,81,35,0,0,1009,3,0,4,10,0,0,0,0,0,0,0
1326,永春台（10人英雄）,10人英雄,3,0,82,35,0,0,996,5,0,4,10,0,0,0,0,0,0,0
1327,永春台（10人普通）,10人普通,3,0,82,35,0,0,996,3,0,4,10,0,0,0,0,0,0,0
1328,雷电王座（10人英雄）,10人英雄,3,3,83,35,0,0,1098,5,0,4,10,0,0,0,0,0,0,0
1329,雷电王座（10人普通）,10人普通,3,1,83,35,0,0,1098,3,0,4,10,0,0,0,0,0,0,0
1330,决战奥格瑞玛（史诗）,史诗,3,0,1,35,0,0,1136,16,0,4,20,0,0,0,0,0,0,0
1331,决战奥格瑞玛（英雄）,英雄,3,0,1,35,0,0,1136,15,0,4,30,0,0,0,0,0,0,0
1332,决战奥格瑞玛（普通难度）,普通,3,0,1,35,0,0,1136,14,0,4,30,0,0,0,0,0,0,0
1333,青龙寺（英雄）,英雄,2,0,61,98,0,0,960,2,0,4,5,1,0,0,0,0,0,0
1334,青龙寺（普通）,普通,2,0,61,98,0,0,960,1,0,4,5,1,0,0,0,0,0,0
1335,血色大厅（英雄）,英雄,2,0,30,98,0,0,1001,2,0,4,5,1,0,0,0,0,0,0
1336,血色大厅（普通）,普通,2,0,30,98,0,0,1001,1,0,0,5,1,0,0,0,0,0,0
1337,血色修道院（英雄）,英雄,2,0,31,98,0,0,1004,2,0,4,5,1,0,0,0,0,0,0
1338,血色修道院（普通）,普通,2,0,31,98,0,0,1004,1,0,0,5,1,0,0,0,0,0,0
1339,通灵学院（英雄）,英雄,2,0,18,98,0,0,1007,1,0,4,5,1,0,0,0,0,0,0
1340,通灵学院（普通）,普通,2,0,18,98,0,0,1007,1,0,0,5,1,0,0,0,0,0,0
1341,风暴烈酒酿造厂（英雄）,英雄,2,0,62,98,0,0,961,2,0,4,5,1,0,0,0,0,0,0
1342,风暴烈酒酿造厂（普通）,普通,2,0,62,98,0,0,961,1,0,4,5,1,0,0,0,0,0,0
1343,影踪禅院（英雄）,英雄,2,0,63,98,0,0,959,2,0,4,5,1,0,0,0,0,0,0
1344,影踪禅院（普通）,普通,2,0,63,98,0,0,959,1,0,4,5,1,0,0,0,0,0,0
1345,围攻砮皂寺（英雄）,英雄,2,0,65,98,0,0,1011,2,0,4,5,1,0,0,0,0,0,0
1346,围攻砮皂寺（普通）,普通,2,0,65,98,0,0,1011,1,0,4,5,1,0,0,0,0,0,0
1347,魔古山宫殿（英雄）,英雄,2,0,64,98,0,0,994,2,0,4,5,1,0,0,0,0,0,0
1348,魔古山宫殿（普通）,普通,2,0,64,98,0,0,994,1,0,4,5,1,0,0,0,0,0,0
1349,残阳关（英雄）,英雄,2,0,66,98,0,0,962,2,0,4,5,1,0,0,0,0,0,0
1350,残阳关（普通）,普通,2,0,66,98,0,0,962,1,0,4,5,1,0,0,0,0,0,0
1351,绿石村（普通）,普通,5,0,344,34,0,0,1024,12,0,4,3,1,0,0,0,0,0,0
1353,酝酿风暴（英雄）,英雄,5,0,102,34,0,0,1005,11,0,4,3,1,0,0,0,0,0,0
1354,酝酿风暴（普通）,普通,5,0,102,34,0,0,1005,12,0,4,3,1,0,0,0,0,0,0
1355,盎迦猴岛（普通）,普通,5,0,346,34,0,0,1048,12,0,4,3,1,0,0,0,0,0,0
1356,破军比武场（普通）,普通,5,0,347,34,0,0,1031,12,0,4,3,1,0,0,0,0,0,0
1357,酿月祭（普通）,普通,5,0,348,34,0,0,1051,12,0,4,3,1,0,0,0,0,0,0
1358,遗忘之王古墓（普通）,普通,5,0,105,34,0,0,1030,12,0,4,3,1,0,0,0,0,0,0
1359,遗忘之王古墓（英雄）,英雄,5,0,105,34,0,0,1030,11,0,4,3,1,0,0,0,0,0,0
1360,突袭扎尼维斯（普通）,普通,5,0,351,34,0,0,1050,12,0,4,3,1,0,0,0,0,0,0
1361,黑暗中的匕首（普通）,普通,5,0,352,546,0,924,1095,12,0,4,3,1,0,0,0,0,0,0
1362,黑暗中的匕首（普通）,普通,5,0,352,546,0,923,1095,12,0,4,3,1,0,0,0,0,0,0
1363,王者的耐心（普通）,普通,5,0,353,546,0,923,1104,12,0,4,3,1,0,0,0,0,0,0
1364,王者的耐心（普通）,普通,5,0,353,546,0,923,1104,12,0,4,3,1,0,0,0,0,0,0
1365,统御岗哨（普通）,普通,5,0,354,546,0,923,1102,12,0,4,3,1,0,0,0,0,0,0
1366,雄狮港（普通）,普通,5,0,355,546,0,924,1102,12,0,4,3,1,0,0,0,0,0,0
1367,公海激战（英雄）,英雄,5,0,103,546,0,924,1099,11,0,4,3,1,0,0,0,0,0,0
1368,公海激战（普通）,普通,5,0,103,546,0,924,1099,12,0,4,3,1,0,0,0,0,0,0
1369,公海激战（普通）,普通,5,0,103,546,0,923,1099,12,0,4,3,1,0,0,0,0,0,0
1370,公海激战（英雄）,英雄,5,0,103,546,0,923,1099,11,0,4,3,1,0,0,0,0,0,0
1371,塞拉摩的沦陷（普通）,普通,5,0,86,546,0,924,1000,12,0,4,3,1,0,0,0,0,0,0
1372,塞拉摩的沦陷（普通）,普通,5,0,86,546,0,923,999,12,0,4,3,1,0,0,0,0,0,0
1373,雪山血战（普通）,普通,5,0,104,34,0,0,1130,12,0,4,3,1,0,0,0,0,0,0
1374,雪山血战（英雄）,英雄,5,0,104,34,0,0,1130,11,0,4,3,1,0,0,0,0,0,0
1375,潘达利亚的黑暗之心（普通）,普通,5,0,106,34,0,0,1144,12,0,4,3,1,0,0,0,0,0,0
1376,潘达利亚的黑暗之心（英雄）,英雄,5,0,106,34,0,0,1144,11,0,4,3,1,0,0,0,0,0,0
1377,怒焰之谜（普通）,普通,5,0,108,34,0,0,1131,12,0,4,3,1,0,0,0,0,0,0
1378,怒焰之谜（英雄）,英雄,5,0,108,34,0,0,1131,11,0,4,3,1,0,0,0,0,0,0
1382,千丝之城（普通）,普通,2,1,329,99,0,117312,2669,1,0,10,5,1,0,0,0,0,0,0
1383,千丝之城（英雄）,英雄,2,2,329,99,80,123301,2669,2,0,10,5,1,0,0,0,0,0,0
1384,真菌之愚（难度 2）,难度 2,121,2,331,162,0,121491,2664,208,14957,10,5,4,0,0,0,0,0,0
1385,克莱格瓦之眠（难度 2）,难度 2,121,2,332,162,0,121491,2681,208,15000,10,5,4,0,0,0,0,0,0
1386,地匍矿洞（难度 2）,难度 2,121,2,333,162,0,121491,2680,208,14999,10,5,4,0,0,0,0,0,0
1387,水能堡（难度 2）,难度 2,121,2,335,162,0,121491,2683,208,15002,10,5,4,0,0,0,0,0,0
1388,恐惧陷坑（难度 2）,难度 2,121,2,336,162,0,121491,2684,208,15003,10,5,4,0,0,0,0,0,0
1389,夜幕圣所（难度 2）,难度 2,121,2,337,162,0,121491,2686,208,15005,10,5,4,0,0,0,0,0,0
1390,丝菌师洞穴（难度 2）,难度 2,121,2,338,162,0,121491,2679,208,14998,10,5,4,0,0,0,0,0,0
1391,无底沉穴（难度 2）,难度 2,121,2,339,162,0,121491,2687,208,15175,10,5,4,0,0,0,0,0,0
1392,飞掠裂口（难度 2）,难度 2,121,2,340,162,0,121491,2685,208,15004,10,5,4,0,0,0,0,0,0
1393,幽暗要塞（难度 2）,难度 2,121,2,341,162,0,121491,2690,208,15009,10,5,4,0,0,0,0,0,0
1394,塔克-雷桑深渊（难度 2）,难度 2,121,2,342,162,0,121491,2689,208,15327,10,5,4,0,0,0,0,0,0
1395,螺旋织纹（难度 2）,难度 2,121,2,343,162,0,121491,2688,208,15007,10,5,4,0,0,0,0,0,0
1396,真菌之愚（难度 3）,难度 3,121,3,331,162,0,118382,2664,208,14957,10,5,4,0,0,0,0,0,0
1397,克莱格瓦之眠（难度 3）,难度 3,121,3,332,162,0,118382,2681,208,15000,10,5,4,0,0,0,0,0,0
1398,地匍矿洞（难度 3）,难度 3,121,3,333,162,0,118382,2680,208,14999,10,5,4,0,0,0,0,0,0
1399,水能堡（难度 3）,难度 3,121,3,335,162,0,118382,2683,208,15002,10,5,4,0,0,0,0,0,0
1400,恐惧陷坑（难度 3）,难度 3,121,3,336,162,0,118382,2684,208,15003,10,5,4,0,0,0,0,0,0
1401,夜幕圣所（难度 3）,难度 3,121,3,337,162,0,118382,2686,208,15005,10,5,4,0,0,0,0,0,0
1402,丝菌师洞穴（难度 3）,难度 3,121,3,338,162,0,118382,2679,208,14998,10,5,4,0,0,0,0,0,0
1403,无底沉穴（难度 3）,难度 3,121,3,339,162,0,118382,2687,208,15175,10,5,4,0,0,0,0,0,0
1404,飞掠裂口（难度 3）,难度 3,121,3,340,162,0,118382,2685,208,15004,10,5,4,0,0,0,0,0,0
1405,幽暗要塞（难度 3）,难度 3,121,3,341,162,0,118382,2690,208,15009,10,5,4,0,0,0,0,0,0
1406,塔克-雷桑深渊（难度 3）,难度 3,121,3,342,162,0,118382,2689,208,15327,10,5,4,0,0,0,0,0,0
1407,螺旋织纹（难度 3）,难度 3,121,3,343,162,0,118382,2688,208,15007,10,5,4,0,0,0,0,0,0
1408,真菌之愚（难度 4）,难度 4,121,4,331,162,0,118383,2664,208,14957,10,5,4,0,0,0,0,0,0
1409,克莱格瓦之眠（难度 4）,难度 4,121,4,332,162,0,118383,2681,208,15000,10,5,4,0,0,0,0,0,0
1410,地匍矿洞（难度 4）,难度 4,121,4,333,162,0,118383,2680,208,14999,10,5,4,0,0,0,0,0,0
1411,水能堡（难度 4）,难度 4,121,4,335,162,0,118383,2683,208,15002,10,5,4,0,0,0,0,0,0
1412,恐惧陷坑（难度 4）,难度 4,121,4,336,162,0,118383,2684,208,15003,10,5,4,0,0,0,0,0,0
1413,夜幕圣所（难度 4）,难度 4,121,4,337,162,0,118383,2686,208,15005,10,5,4,0,0,0,0,0,0
1414,丝菌师洞穴（难度 4）,难度 4,121,4,338,162,0,118383,2679,208,14998,10,5,4,0,0,0,0,0,0
1415,无底沉穴（难度 4）,难度 4,121,4,339,162,0,118383,2687,208,15175,10,5,4,0,0,0,0,0,0
1416,飞掠裂口（难度 4）,难度 4,121,4,340,162,0,118383,2685,208,15004,10,5,4,0,0,0,0,0,0
1417,幽暗要塞（难度 4）,难度 4,121,4,341,162,0,118383,2690,208,15009,10,5,4,0,0,0,0,0,0
1418,塔克-雷桑深渊（难度 4）,难度 4,121,4,342,162,0,118383,2689,208,15327,10,5,4,0,0,0,0,0,0
1419,螺旋织纹（难度 4）,难度 4,121,4,343,162,0,118383,2688,208,15007,10,5,4,0,0,0,0,0,0
1420,真菌之愚（难度 5）,难度 5,121,5,331,162,0,118384,2664,208,14957,10,5,4,0,0,0,0,0,0
1421,克莱格瓦之眠（难度 5）,难度 5,121,5,332,162,0,118384,2681,208,15000,10,5,4,0,0,0,0,0,0
1422,地匍矿洞（难度 5）,难度 5,121,5,333,162,0,118384,2680,208,14999,10,5,4,0,0,0,0,0,0
1423,水能堡（难度 5）,难度 5,121,5,335,162,0,118384,2683,208,15002,10,5,4,0,0,0,0,0,0
1424,恐惧陷坑（难度 5）,难度 5,121,5,336,162,0,118384,2684,208,15003,10,5,4,0,0,0,0,0,0
1425,夜幕圣所（难度 5）,难度 5,121,5,337,162,0,118384,2686,208,15005,10,5,4,0,0,0,0,0,0
1426,丝菌师洞穴（难度 5）,难度 5,121,5,338,162,0,118384,2679,208,14998,10,5,4,0,0,0,0,0,0
1427,无底沉穴（难度 5）,难度 5,121,5,339,162,0,118384,2687,208,15175,10,5,4,0,0,0,0,0,0
1428,飞掠裂口（难度 5）,难度 5,121,5,340,162,0,118384,2685,208,15004,10,5,4,0,0,0,0,0,0
1429,幽暗要塞（难度 5）,难度 5,121,5,341,162,0,118384,2690,208,15009,10,5,4,0,0,0,0,0,0
1430,塔克-雷桑深渊（难度 5）,难度 5,121,5,342,162,0,118384,2689,208,15327,10,5,4,0,0,0,0,0,0
1431,螺旋织纹（难度 5）,难度 5,121,5,343,162,0,118384,2688,208,15007,10,5,4,0,0,0,0,0,0
1432,真菌之愚（难度 6）,难度 6,121,6,331,162,0,118385,2664,208,14957,10,5,4,0,0,0,0,0,0
1433,克莱格瓦之眠（难度 6）,难度 6,121,6,332,162,0,118385,2681,208,15000,10,5,4,0,0,0,0,0,0
1434,地匍矿洞（难度 6）,难度 6,121,6,333,162,0,118385,2680,208,14999,10,5,4,0,0,0,0,0,0
1435,水能堡（难度 6）,难度 6,121,6,335,162,0,118385,2683,208,15002,10,5,4,0,0,0,0,0,0
1436,恐惧陷坑（难度 6）,难度 6,121,6,336,162,0,118385,2684,208,15003,10,5,4,0,0,0,0,0,0
1437,夜幕圣所（难度 6）,难度 6,121,6,337,162,0,118385,2686,208,15005,10,5,4,0,0,0,0,0,0
1438,丝菌师洞穴（难度 6）,难度 6,121,6,338,162,0,118385,2679,208,14998,10,5,4,0,0,0,0,0,0
1439,无底沉穴（难度 6）,难度 6,121,6,339,162,0,118385,2687,208,15175,10,5,4,0,0,0,0,0,0
1440,飞掠裂口（难度 6）,难度 6,121,6,340,162,0,118385,2685,208,15004,10,5,4,0,0,0,0,0,0
1441,幽暗要塞（难度 6）,难度 6,121,6,341,162,0,118385,2690,208,15009,10,5,4,0,0,0,0,0,0
1442,塔克-雷桑深渊（难度 6）,难度 6,121,6,342,162,0,118385,2689,208,15327,10,5,4,0,0,0,0,0,0
1443,螺旋织纹（难度 6）,难度 6,121,6,343,162,0,118385,2688,208,15007,10,5,4,0,0,0,0,0,0
1444,真菌之愚（难度 7）,难度 7,121,7,331,162,0,118386,2664,208,14957,10,5,4,0,0,0,0,0,0
1445,克莱格瓦之眠（难度 7）,难度 7,121,7,332,162,0,118386,2681,208,15000,10,5,4,0,0,0,0,0,0
1446,地匍矿洞（难度 7）,难度 7,121,7,333,162,0,118386,2680,208,14999,10,5,4,0,0,0,0,0,0
1447,水能堡（难度 7）,难度 7,121,7,335,162,0,118386,2683,208,15002,10,5,4,0,0,0,0,0,0
1448,恐惧陷坑（难度 7）,难度 7,121,7,336,162,0,118386,2684,208,15003,10,5,4,0,0,0,0,0,0
1449,夜幕圣所（难度 7）,难度 7,121,7,337,162,0,118386,2686,208,15005,10,5,4,0,0,0,0,0,0
1450,丝菌师洞穴（难度 7）,难度 7,121,7,338,162,0,118386,2679,208,14998,10,5,4,0,0,0,0,0,0
1451,无底沉穴（难度 7）,难度 7,121,7,339,162,0,118386,2687,208,15175,10,5,4,0,0,0,0,0,0
1452,飞掠裂口（难度 7）,难度 7,121,7,340,162,0,118386,2685,208,15004,10,5,4,0,0,0,0,0,0
1453,幽暗要塞（难度 7）,难度 7,121,7,341,162,0,118386,2690,208,15009,10,5,4,0,0,0,0,0,0
1454,塔克-雷桑深渊（难度 7）,难度 7,121,7,342,162,0,118386,2689,208,15327,10,5,4,0,0,0,0,0,0
1455,螺旋织纹（难度 7）,难度 7,121,7,343,162,0,118386,2688,208,15007,10,5,4,0,0,0,0,0,0
1456,真菌之愚（难度 8）,难度 8,121,8,331,162,0,121446,2664,208,14957,10,5,4,0,0,0,0,0,0
1457,克莱格瓦之眠（难度 8）,难度 8,121,8,332,162,0,121446,2681,208,15000,10,5,4,0,0,0,0,0,0
1458,地匍矿洞（难度 8）,难度 8,121,8,333,162,0,121446,2680,208,14999,10,5,4,0,0,0,0,0,0
1459,水能堡（难度 8）,难度 8,121,8,335,162,0,121446,2683,208,15002,10,5,4,0,0,0,0,0,0
1460,恐惧陷坑（难度 8）,难度 8,121,8,336,162,0,121446,2684,208,15003,10,5,4,0,0,0,0,0,0
1461,夜幕圣所（难度 8）,难度 8,121,8,337,162,0,121446,2686,208,15005,10,5,4,0,0,0,0,0,0
1462,丝菌师洞穴（难度 8）,难度 8,121,8,338,162,0,121446,2679,208,14998,10,5,4,0,0,0,0,0,0
1463,无底沉穴（难度 8）,难度 8,121,8,339,162,0,121446,2687,208,15175,10,5,4,0,0,0,0,0,0
1464,飞掠裂口（难度 8）,难度 8,121,8,340,162,0,121446,2685,208,15004,10,5,4,0,0,0,0,0,0
1465,幽暗要塞（难度 8）,难度 8,121,8,341,162,0,121446,2690,208,15009,10,5,4,0,0,0,0,0,0
1466,塔克-雷桑深渊（难度 8）,难度 8,121,8,342,162,0,121446,2689,208,15327,10,5,4,0,0,0,0,0,0
1467,螺旋织纹（难度 8）,难度 8,121,8,343,162,0,121446,2688,208,15007,10,5,4,0,0,0,0,0,0
1468,真菌之愚（难度 9）,难度 9,121,9,331,162,0,121447,2664,208,14957,10,5,4,0,0,0,0,0,0
1469,克莱格瓦之眠（难度 9）,难度 9,121,9,332,162,0,121447,2681,208,15000,10,5,4,0,0,0,0,0,0
1470,地匍矿洞（难度 9）,难度 9,121,9,333,162,0,121447,2680,208,14999,10,5,4,0,0,0,0,0,0
1471,水能堡（难度 9）,难度 9,121,9,335,162,0,121447,2683,208,15002,10,5,4,0,0,0,0,0,0
1472,恐惧陷坑（难度 9）,难度 9,121,9,336,162,0,121447,2684,208,15003,10,5,4,0,0,0,0,0,0
1473,夜幕圣所（难度 9）,难度 9,121,9,337,162,0,121447,2686,208,15005,10,5,4,0,0,0,0,0,0
1474,丝菌师洞穴（难度 9）,难度 9,121,9,338,162,0,121447,2679,208,14998,10,5,4,0,0,0,0,0,0
1475,无底沉穴（难度 9）,难度 9,121,9,339,162,0,121447,2687,208,15175,10,5,4,0,0,0,0,0,0
1476,飞掠裂口（难度 9）,难度 9,121,9,340,162,0,121447,2685,208,15004,10,5,4,0,0,0,0,0,0
1477,幽暗要塞（难度 9）,难度 9,121,9,341,162,0,121447,2690,208,15009,10,5,4,0,0,0,0,0,0
1478,塔克-雷桑深渊（难度 9）,难度 9,121,9,342,162,0,121447,2689,208,15327,10,5,4,0,0,0,0,0,0
1479,螺旋织纹（难度 9）,难度 9,121,9,343,162,0,121447,2688,208,15007,10,5,4,0,0,0,0,0,0
1480,真菌之愚（难度 10）,难度 10,121,10,331,162,0,121448,2664,208,14957,10,5,4,0,0,0,0,0,0
1481,克莱格瓦之眠（难度 10）,难度 10,121,10,332,162,0,121448,2681,208,15000,10,5,4,0,0,0,0,0,0
1482,地匍矿洞（难度 10）,难度 10,121,10,333,162,0,121448,2680,208,14999,10,5,4,0,0,0,0,0,0
1483,水能堡（难度 10）,难度 10,121,10,335,162,0,121448,2683,208,15002,10,5,4,0,0,0,0,0,0
1484,恐惧陷坑（难度 10）,难度 10,121,10,336,162,0,121448,2684,208,15003,10,5,4,0,0,0,0,0,0
1485,夜幕圣所（难度 10）,难度 10,121,10,337,162,0,121448,2686,208,15005,10,5,4,0,0,0,0,0,0
1486,丝菌师洞穴（难度 10）,难度 10,121,10,338,162,0,121448,2679,208,14998,10,5,4,0,0,0,0,0,0
1487,无底沉穴（难度 10）,难度 10,121,10,339,162,0,121448,2687,208,15175,10,5,4,0,0,0,0,0,0
1488,飞掠裂口（难度 10）,难度 10,121,10,340,162,0,121448,2685,208,15004,10,5,4,0,0,0,0,0,0
1489,幽暗要塞（难度 10）,难度 10,121,10,341,162,0,121448,2690,208,15009,10,5,4,0,0,0,0,0,0
1490,塔克-雷桑深渊（难度 10）,难度 10,121,10,342,162,0,121448,2689,208,15327,10,5,4,0,0,0,0,0,0
1491,螺旋织纹（难度 10）,难度 10,121,10,343,162,0,121448,2688,208,15007,10,5,4,0,0,0,0,0,0
1492,真菌之愚（难度 11）,难度 11,121,11,331,162,0,121468,2664,208,14957,10,5,4,0,0,0,0,0,0
1493,克莱格瓦之眠（难度 11）,难度 11,121,11,332,162,0,121468,2681,208,15000,10,5,4,0,0,0,0,0,0
1494,地匍矿洞（难度 11）,难度 11,121,11,333,162,0,121468,2680,208,14999,10,5,4,0,0,0,0,0,0
1495,水能堡（难度 11）,难度 11,121,11,335,162,0,121468,2683,208,15002,10,5,4,0,0,0,0,0,0
1496,恐惧陷坑（难度 11）,难度 11,121,11,336,162,0,121468,2684,208,15003,10,5,4,0,0,0,0,0,0
1497,夜幕圣所（难度 11）,难度 11,121,11,337,162,0,121468,2686,208,15005,10,5,4,0,0,0,0,0,0
1498,丝菌师洞穴（难度 11）,难度 11,121,11,338,162,0,121468,2679,208,14998,10,5,4,0,0,0,0,0,0
1499,无底沉穴（难度 11）,难度 11,121,11,339,162,0,121468,2687,208,15175,10,5,4,0,0,0,0,0,0
1500,飞掠裂口（难度 11）,难度 11,121,11,340,162,0,121468,2685,208,15004,10,5,4,0,0,0,0,0,0
1501,幽暗要塞（难度 11）,难度 11,121,11,341,162,0,121468,2690,208,15009,10,5,4,0,0,0,0,0,0
1502,塔克-雷桑深渊（难度 11）,难度 11,121,11,342,162,0,121468,2689,208,15327,10,5,4,0,0,0,0,0,0
1503,螺旋织纹（难度 11）,难度 11,121,11,343,162,0,121468,2688,208,15007,10,5,4,0,0,0,0,0,0
1504,尼鲁巴尔王宫（史诗）,史诗,3,3,362,35,86,122606,2657,16,0,10,20,0,0,0,0,0,0,0
1505,尼鲁巴尔王宫（普通）,普通,3,1,362,35,80,122606,2657,14,0,10,30,0,0,0,0,0,0,0
1506,尼鲁巴尔王宫（英雄）,英雄,3,2,362,35,83,122606,2657,15,0,10,30,0,0,0,0,0,0,0
1507,燧酿酒庄（普通）,普通,2,1,327,99,0,117308,2661,1,0,10,5,1,0,0,0,0,0,0
1508,燧酿酒庄（英雄）,英雄,2,2,327,99,89,123296,2661,2,0,10,5,1,0,0,0,0,0,0
1509,燧酿酒庄（史诗）,史诗,2,3,327,99,92,124928,2661,23,0,10,5,1,0,0,0,0,0,0
1510,圣焰隐修院（普通）,普通,2,1,324,99,0,114336,2649,1,0,10,5,1,0,0,0,0,0,0
1511,圣焰隐修院（英雄）,英雄,2,2,324,99,101,123299,2649,2,0,10,5,1,0,0,0,0,0,0
1512,圣焰隐修院（史诗）,史诗,2,3,324,99,103,124933,2649,23,0,10,5,1,0,0,0,0,0,0
1513,喧鸣深窟,喧鸣深窟,1,0,363,258,0,0,0,0,14795,10,0,4,0,0,0,0,0,0
1518,破晨号（普通）,普通,2,1,326,99,0,117309,2662,1,0,10,5,1,0,0,0,0,0,0
1519,破晨号（英雄）,英雄,2,2,326,99,101,123300,2662,2,0,10,5,1,0,0,0,0,0,0
1520,泽克维尔的巢穴（难度 ？）,难度 ？,121,1,334,162,0,128163,2682,208,15001,10,5,4,0,0,0,0,0,0
1521,矶石宝库（英雄）,英雄,2,2,328,99,80,123297,2652,2,0,10,5,1,0,0,0,0,0,0
1535,矶石宝库（普通）,普通,2,1,328,99,0,117306,2652,1,0,10,5,1,0,0,0,0,0,0
1536,艾基-卡赫特,艾基-卡赫特,1,0,363,258,0,0,0,0,14752,10,0,4,0,0,0,0,0,0
1537,陨圣峪,陨圣峪,1,0,363,258,0,0,0,0,14838,10,0,4,0,0,0,0,0,0
1538,多恩岛,多恩岛,1,0,363,258,0,0,0,0,14717,10,0,4,0,0,0,0,0,0
1539,风行者之塔（普通）,普通,2,1,370,99,100,128895,2805,1,0,11,5,1,0,0,0,0,0,0
1540,风行者之塔（英雄）,英雄,2,2,370,99,211,128899,2805,2,0,11,5,1,0,0,0,0,0,0
1541,风行者之塔（史诗）,史诗,2,3,370,99,233,128902,2805,23,0,11,5,1,0,0,0,0,0,0
1542,风行者之塔（史诗钥石）,史诗钥石,2,4,370,227,236,144303,2805,8,0,11,5,1,0,0,0,0,0,0
1543,水能堡（普通）,普通,2,1,306,99,0,85644,2521,1,0,9,5,1,0,0,0,0,0,0
1544,水能堡（英雄）,英雄,2,2,306,99,75,99866,2521,2,0,9,5,1,0,0,0,0,0,0
1547,水闸行动（普通）,普通,2,1,371,99,0,128576,2773,1,0,10,5,1,0,0,0,0,0,0
1548,水闸行动（英雄）,英雄,2,2,371,99,101,128580,2773,2,0,10,5,1,0,0,0,0,0,0
1549,水闸行动（史诗）,史诗,2,3,371,99,103,128582,2773,23,0,10,5,1,0,0,0,0,0,0
1550,水闸行动（史诗钥石）,史诗钥石,2,4,371,227,105,129312,2773,8,0,10,5,1,0,0,0,0,0,0
1551,黑石深渊（普通）,普通,3,2,372,34,83,129707,2792,14,15913,0,15,0,0,0,0,0,0,0
1552,黑石深渊（英雄）,英雄,3,0,372,34,86,129707,2792,15,15913,0,15,0,0,0,0,0,0,0
1553,九号挖掘场（难度 1）,难度 1,121,1,373,162,0,118387,2815,208,15836,10,5,4,0,0,0,0,0,0
1554,九号挖掘场（难度 2）,难度 2,121,1,373,162,0,121491,2815,208,15836,10,5,4,0,0,0,0,0,0
1555,九号挖掘场（难度 3）,难度 3,121,1,373,162,0,118382,2815,208,15836,10,5,4,0,0,0,0,0,0
1556,九号挖掘场（难度 4）,难度 4,121,1,373,162,0,118383,2815,208,15836,10,5,4,0,0,0,0,0,0
1557,九号挖掘场（难度 5）,难度 5,121,1,373,162,0,118384,2815,208,15836,10,5,4,0,0,0,0,0,0
1558,九号挖掘场（难度 6）,难度 6,121,1,373,162,0,118385,2815,208,15836,10,5,4,0,0,0,0,0,0
1559,九号挖掘场（难度 7）,难度 7,121,1,373,162,0,118386,2815,208,15836,10,5,4,0,0,0,0,0,0
1560,九号挖掘场（难度 8）,难度 8,121,1,373,162,0,121446,2815,208,15836,10,5,4,0,0,0,0,0,0
1561,九号挖掘场（难度 9）,难度 9,121,1,373,162,0,121447,2815,208,15836,10,5,4,0,0,0,0,0,0
1562,九号挖掘场（难度 10）,难度 10,121,1,373,162,0,121448,2815,208,15836,10,5,4,0,0,0,0,0,0
1563,九号挖掘场（难度 11）,难度 11,121,1,373,162,0,121468,2815,208,15836,10,5,4,0,0,0,0,0,0
1564,闸板陋巷（难度1）,难度 1,121,1,374,162,0,118387,2826,208,15990,10,5,4,0,0,0,0,0,0
1565,闸板陋巷（难度2）,难度 2,121,1,374,162,0,121491,2826,208,15990,10,5,4,0,0,0,0,0,0
1566,闸板陋巷（难度3）,难度 3,121,1,374,162,0,118382,2826,208,15990,10,5,4,0,0,0,0,0,0
1567,闸板陋巷（难度4）,难度 4,121,1,374,162,0,118383,2826,208,15990,10,5,4,0,0,0,0,0,0
1568,闸板陋巷（难度5）,难度 5,121,1,374,162,0,118384,2826,208,15990,10,5,4,0,0,0,0,0,0
1569,闸板陋巷（难度6）,难度 6,121,1,374,162,0,118385,2826,208,15990,10,5,4,0,0,0,0,0,0
1570,闸板陋巷（难度7）,难度 7,121,1,374,162,0,118386,2826,208,15990,10,5,4,0,0,0,0,0,0
1571,闸板陋巷（难度8）,难度 8,121,1,374,162,0,121446,2826,208,15990,10,5,4,0,0,0,0,0,0
1572,闸板陋巷（难度9）,难度 9,121,1,374,162,0,121447,2826,208,15990,10,5,4,0,0,0,0,0,0
1573,闸板陋巷（难度10）,难度 10,121,1,374,162,0,121448,2826,208,15990,10,5,4,0,0,0,0,0,0
1574,闸板陋巷（难度10）,难度 11,121,1,374,162,0,121468,2826,208,15990,10,5,4,0,0,0,0,0,0
1582,幽坑太保的爆破竞赛（难度 ？）,难度 ？,121,1,375,162,0,121446,2831,208,15991,10,5,4,0,0,0,0,0,0
1585,幽坑太保的爆破竞赛（难度 ？？）,难度 ？？,121,1,375,162,0,121468,2831,208,15991,10,5,4,0,0,0,0,0,0
1599,安德麦,安德麦,1,0,363,258,0,0,0,0,15347,10,0,4,0,0,0,0,0,0
1600,解放安德麦（英雄）,英雄,3,2,377,35,92,132537,2769,15,0,10,30,0,0,0,0,0,0,0
1601,解放安德麦（普通）,普通,3,1,377,35,86,132537,2769,14,0,10,30,0,0,0,0,0,0,0
1602,解放安德麦（史诗）,史诗,3,3,377,35,99,132537,2769,16,0,10,20,0,0,0,0,0,0,0
1616,麦卡贡车间（史诗）,史诗,2,3,257,99,92,133851,2097,23,0,7,5,1,0,0,0,0,0,0
1617,法力熔炉：欧米伽（普通难度）,普通,3,1,378,35,104,134515,2810,14,0,10,30,0,0,0,0,0,0,0
1618,法力熔炉：欧米伽（英雄难度）,英雄,3,2,378,35,113,134515,2810,15,0,10,30,0,0,0,0,0,0,0
1619,法力熔炉：欧米伽（史诗难度）,史诗,3,3,378,35,132,134515,2810,16,0,10,20,0,0,0,0,0,0,0
1620,英灵殿（英雄）,英雄,2,2,114,1123,0,133966,1477,2,0,6,5,1,0,0,0,0,0,0
1621,群星庭院（英雄）,英雄,2,2,120,1123,0,133966,1571,2,0,6,5,1,0,0,0,0,0,0
1622,执政团之座（英雄）,英雄,2,2,133,1123,0,149632,1753,2,0,6,5,1,0,0,0,0,0,0
1623,翡翠梦魇（英雄）,英雄,3,2,122,1059,0,149623,1520,15,0,6,30,0,0,0,0,0,0,0
1624,艾萨拉之眼（英雄）,英雄,2,2,112,1123,0,133966,1456,2,0,6,5,1,0,0,0,0,0,0
1625,魔法回廊（英雄）,英雄,2,2,121,1123,0,133966,1516,2,0,6,5,1,0,0,0,0,0,0
1626,卡拉赞上层（英雄）,英雄,2,2,128,1123,0,133966,1651,2,0,6,5,1,0,0,0,0,0,0
1627,奈萨里奥的巢穴（英雄）,英雄,2,2,115,1123,0,133966,1458,2,0,6,5,1,0,0,0,0,0,0
1628,突袭紫罗兰监狱（英雄）,英雄,2,2,116,1123,0,133966,1544,2,0,6,5,1,0,0,0,0,0,0
1629,永夜大教堂（英雄）,英雄,2,2,129,1123,0,133966,1677,2,0,6,5,1,0,0,0,0,0,0
1630,卡拉赞下层（英雄）,英雄,2,2,127,1123,0,133966,1651,2,0,6,5,1,0,0,0,0,0,0
1631,暗夜要塞（英雄）,英雄,3,8,123,1059,0,149625,1530,15,0,6,30,0,0,0,0,0,0,0
1632,勇气试炼（英雄）,英雄,3,5,126,1059,0,133966,1648,15,0,6,30,0,0,0,0,0,0,0
1633,守望者地窟（英雄）,英雄,2,2,117,1123,0,133966,1493,2,0,6,5,1,0,0,0,0,0,0
1634,黑心林地（英雄）,英雄,2,2,113,1123,0,133966,1466,2,0,6,5,1,0,0,0,0,0,0
1635,噬魂之喉（英雄）,英雄,2,2,119,1123,0,133966,1492,2,0,6,5,1,0,0,0,0,0,0
1636,安托鲁斯，燃烧王座（英雄）,英雄,3,14,132,1059,0,149631,1712,15,0,6,30,0,0,0,0,0,0,0
1637,随机军团再临地下城（英雄）,英雄,2,2,111,1122,0,21439,1220,2,0,6,5,1,0,0,0,0,0,0
1638,黑鸦堡垒（英雄）,英雄,2,2,118,1123,0,133966,1501,2,0,6,5,1,0,0,0,0,0,0
1639,萨格拉斯之墓（英雄）,英雄,3,11,131,1059,0,149628,1676,15,0,6,30,0,0,0,0,0,0,0
1640,艾萨拉之眼（史诗）,史诗,2,3,112,1123,0,133966,1456,23,0,6,5,1,0,0,0,0,0,0
1641,英灵殿（史诗）,史诗,2,3,114,1123,0,133966,1477,23,0,6,5,1,0,0,0,0,0,0
1642,守望者地窟（史诗）,史诗,2,3,117,1123,0,145399,1493,23,0,6,5,1,0,0,0,0,0,0
1643,翡翠梦魇（史诗）,史诗,3,3,122,1059,0,149623,1520,16,0,6,20,0,0,0,0,0,0,0
1644,执政团之座（史诗）,史诗,2,3,133,1123,0,149632,1753,23,0,6,5,1,0,0,0,0,0,0
1645,黑心林地（史诗）,史诗,2,3,113,1123,0,133966,1466,23,0,6,5,1,0,0,0,0,0,0
1646,魔法回廊（史诗）,史诗,2,3,121,1123,0,133966,1516,23,0,6,5,1,0,0,0,0,0,0
1647,暗夜要塞（史诗）,史诗,3,9,123,1059,0,149625,1530,16,0,6,20,0,0,0,0,0,0,0
1648,安托鲁斯，燃烧王座（史诗）,史诗,3,15,132,1059,0,149631,1712,16,0,6,20,0,0,0,0,0,0,0
1649,突袭紫罗兰监狱（史诗）,史诗,2,3,116,1123,0,133966,1544,23,0,6,5,1,0,0,0,0,0,0
1650,重返卡拉赞（史诗）,史诗,2,3,125,1123,0,145399,1651,23,0,6,5,1,0,0,0,0,0,0
1651,萨格拉斯之墓（史诗）,史诗,3,12,131,1059,0,149629,1676,16,0,6,20,0,0,0,0,0,0,0
1652,奈萨里奥的巢穴（史诗）,史诗,2,3,115,1123,0,145399,1458,23,0,6,5,1,0,0,0,0,0,0
1653,黑鸦堡垒（史诗）,史诗,2,3,118,1123,0,133966,1501,23,0,6,5,1,0,0,0,0,0,0
1654,噬魂之喉（史诗）,史诗,2,3,119,1123,0,145399,1492,23,0,6,5,1,0,0,0,0,0,0
1655,永夜大教堂（史诗）,史诗,2,3,129,1123,0,133966,1677,23,0,6,5,1,0,0,0,0,0,0
1656,群星庭院（史诗）,史诗,2,3,120,1123,0,133966,1571,23,0,6,5,1,0,0,0,0,0,0
1657,勇气试炼（史诗）,史诗,3,6,126,1059,0,149626,1648,16,0,6,20,0,0,0,0,0,0,0
1658,艾萨拉之眼（普通）,普通,2,1,112,1123,0,133966,1456,1,0,6,5,1,0,0,0,0,0,0
1659,群星庭院（普通）,普通,2,1,120,1123,0,21439,1571,1,0,6,5,1,0,0,0,0,0,0
1660,魔法回廊（普通）,普通,2,1,121,1123,0,21439,1516,1,0,6,5,1,0,0,0,0,0,0
1661,安托鲁斯，燃烧王座（普通）,普通,3,13,132,1059,0,149630,1712,14,0,6,30,0,0,0,0,0,0,0
1662,噬魂之喉（普通）,普通,2,1,119,1123,0,133966,1492,1,0,6,5,1,0,0,0,0,0,0
1663,暗夜要塞（普通）,普通,3,7,123,1059,0,149624,1530,14,0,6,30,0,0,0,0,0,0,0
1664,随机军团再临地下城（普通）,普通,2,1,111,1122,0,21439,1220,1,0,6,5,1,0,0,0,0,0,0
1665,突袭紫罗兰监狱（普通）,普通,2,1,116,1123,0,133966,1544,1,0,6,5,1,0,0,0,0,0,0
1666,翡翠梦魇（普通）,普通,3,1,122,1059,0,149622,1520,14,0,6,30,0,0,0,0,0,0,0
1667,奈萨里奥的巢穴（普通）,普通,2,1,115,1123,0,133966,1458,1,0,6,5,1,0,0,0,0,0,0
1668,守望者地窟（普通）,普通,2,1,117,1123,0,133966,1493,1,0,6,5,1,0,0,0,0,0,0
1669,英灵殿（普通）,普通,2,1,114,1123,0,133966,1477,1,0,6,5,1,0,0,0,0,0,0
1670,黑鸦堡垒（普通）,普通,2,1,118,1123,0,133966,1501,1,0,6,5,1,0,0,0,0,0,0
1671,萨格拉斯之墓（普通）,普通,3,10,131,1059,0,149627,1676,14,0,6,30,0,0,0,0,0,0,0
1672,黑心林地（普通）,普通,2,1,113,1123,0,133966,1466,1,0,6,5,1,0,0,0,0,0,0
1673,勇气试炼（普通）,普通,3,4,126,1059,0,133966,1648,14,0,6,30,0,0,0,0,0,0,0
1674,世界首领（军团再临）,世界首领,3,0,0,1827,0,21439,1220,0,0,6,40,0,0,0,0,0,0,0
1675,安托兰废土,安托兰废土,1,0,134,1282,0,133966,1669,0,8899,6,0,4,0,0,0,0,0,0
1676,阿苏纳,阿苏纳,1,0,124,1282,0,133966,1220,0,7334,6,0,4,0,0,0,0,0,0
1677,破碎海滩,破碎海滩,1,0,124,1282,0,133966,1220,0,7543,6,0,4,0,0,0,0,0,0
1678,艾瑞达斯,艾瑞达斯,1,0,134,1282,0,133966,1669,0,8701,6,0,4,0,0,0,0,0,0
1679,至高岭,至高岭,1,0,124,1282,0,133966,1220,0,7503,6,0,4,0,0,0,0,0,0
1680,克罗库恩,克罗库恩,1,0,134,1282,0,133966,1669,0,8574,6,0,4,0,0,0,0,0,0
1681,风暴峡湾,风暴峡湾,1,0,124,1282,0,133966,1220,0,7541,6,0,4,0,0,0,0,0,0
1682,苏拉玛,苏拉玛,1,0,124,1282,0,133966,0,0,7637,6,0,4,0,0,0,0,0,0
1683,瓦尔莎拉,瓦尔莎拉,1,0,124,1282,0,133966,1220,0,7558,6,0,4,0,0,0,0,0,0
1694,奥尔达尼生态圆顶（史诗钥石）,史诗钥石,2,4,381,227,105,137318,2830,8,0,10,5,1,0,0,0,0,0,0
1695,血槌炉渣矿井（史诗钥石）,史诗钥石,2,1,6,227,68,98027,1175,8,0,5,5,1,0,0,0,0,0,0
1699,夺目谷（普通）,普通,2,1,382,99,100,137176,2859,1,0,11,5,1,0,0,0,0,0,0
1700,夺目谷（英雄）,英雄,2,2,382,99,211,137177,2859,2,0,11,5,1,0,0,0,0,0,0
1701,夺目谷（史诗）,史诗,2,3,382,99,233,137178,2859,23,0,11,5,1,0,0,0,0,0,0
1702,巨石之核（史诗钥石）,史诗钥石,2,8,58,227,68,137578,725,8,0,3,5,1,0,0,0,0,0,0
1707,奥尔达尼生态圆顶（普通）,普通,2,1,381,99,0,132403,2830,1,0,10,5,1,0,0,0,0,0,0
1708,奥尔达尼生态圆顶（英雄）,英雄,2,2,381,99,101,132405,2830,2,0,10,5,1,0,0,0,0,0,0
1709,奥尔达尼生态圆顶（史诗）,史诗,2,3,381,99,103,132406,2830,23,0,10,5,1,0,0,0,0,0,0
1711,塔扎维什，帷纱集市（英雄）,英雄,2,1,272,99,0,5793,0,2,0,8,5,1,0,0,0,0,0,0
1712,卡雷什,卡雷什,1,0,363,258,0,0,0,0,15336,10,0,4,0,0,0,0,0,0
1721,纳洛拉克的洞穴（普通）,普通,2,1,392,99,100,137589,2825,1,0,11,5,1,0,0,0,0,0,0
1722,纳洛拉克的洞穴（英雄）,英雄,2,2,392,99,211,137600,2825,2,0,11,5,1,0,0,0,0,0,0
1723,纳洛拉克的洞穴（史诗）,史诗,2,3,392,99,233,137604,2825,23,0,11,5,1,0,0,0,0,0,0
1735,世界首领（至暗之夜）,世界首领,3,0,0,803,0,143837,0,0,0,11,40,0,0,0,0,0,0,0
1736,档案馆突袭（难度 11）,难度 11,121,11,394,162,0,121468,2803,208,16427,10,5,4,0,0,0,0,0,0
1737,档案馆突袭（难度 10）,难度 10,121,10,394,162,0,121448,2803,208,16427,10,5,4,0,0,0,0,0,0
1738,档案馆突袭（难度 9）,难度 9,121,9,394,162,0,121447,2803,208,16427,10,5,4,0,0,0,0,0,0
1739,档案馆突袭（难度 8）,难度 8,121,8,394,162,0,121446,2803,208,16427,10,5,4,0,0,0,0,0,0
1740,档案馆突袭（难度 7）,难度 7,121,7,394,162,0,118386,2803,208,16427,10,5,4,0,0,0,0,0,0
1741,档案馆突袭（难度 6）,难度 6,121,6,394,162,0,118385,2803,208,16427,10,5,4,0,0,0,0,0,0
1742,档案馆突袭（难度 5）,难度 5,121,5,394,162,0,118384,2803,208,16427,10,5,4,0,0,0,0,0,0
1743,档案馆突袭（难度 4）,难度 4,121,4,394,162,0,118383,2803,208,16427,10,5,4,0,0,0,0,0,0
1744,档案馆突袭（难度 3）,难度 3,121,3,394,162,0,118382,2803,208,16427,10,5,4,0,0,0,0,0,0
1745,档案馆突袭（难度 2）,难度 2,121,2,394,162,0,121491,2803,208,16427,10,5,4,0,0,0,0,0,0
1746,档案馆突袭（难度 1）,难度 1,121,1,394,162,0,118387,2803,208,16427,10,5,4,0,0,0,0,0,0
1747,虚空之锋庇护所（难度 ？）,难度 ？,121,1,395,162,0,121446,2951,208,16539,10,5,4,0,0,0,0,0,0
1748,虚空之锋庇护所（难度 ？？）,难度 ？？,121,1,395,162,0,121468,2951,208,16539,10,5,4,0,0,0,0,0,0
1749,密谋小径（普通）,普通,2,1,396,99,100,131843,2813,1,0,11,5,1,0,0,0,0,0,0
1750,密谋小径（英雄）,英雄,2,2,396,99,211,131844,2813,2,0,11,5,1,0,0,0,0,0,0
1751,密谋小径（史诗）,史诗,2,3,396,99,233,131845,2813,23,0,11,5,1,0,0,0,0,0,0
1753,哈籁恩达尔,哈籁恩达尔,1,0,397,258,0,0,2694,0,15355,11,0,4,0,0,0,0,0,0
1754,虚空之痕竞技场（普通）,普通,2,1,398,99,100,139432,2923,1,0,11,5,1,0,0,0,0,0,0
1755,虚空之痕竞技场（英雄）,英雄,2,2,398,99,211,139436,2923,2,0,11,5,1,0,0,0,0,0,0
1756,虚空之痕竞技场（史诗）,史诗,2,3,398,99,233,139442,2923,23,0,11,5,1,0,0,0,0,0,0
1757,魔导师平台（普通）,普通,2,1,399,99,100,145197,2811,1,0,11,5,1,0,0,0,0,0,0
1758,魔导师平台（英雄）,英雄,2,2,399,99,211,145203,2811,2,0,11,5,1,0,0,0,0,0,0
1759,魔导师平台（史诗）,史诗,2,3,399,99,233,145431,2811,23,0,11,5,1,0,0,0,0,0,0
1760,魔导师平台（史诗钥石）,史诗钥石,2,4,399,227,236,145432,2811,8,0,11,5,1,0,0,0,0,0,0
1761,迈萨拉洞窟（普通）,普通,2,1,400,99,100,142014,2874,1,0,11,5,1,0,0,0,0,0,0
1762,迈萨拉洞窟（英雄）,英雄,2,2,400,99,211,142016,2874,2,0,11,5,1,0,0,0,0,0,0
1763,迈萨拉洞窟（史诗）,史诗,2,3,400,99,233,142017,2874,23,0,11,5,1,0,0,0,0,0,0
1764,迈萨拉洞窟（史诗钥石）,史诗钥石,2,4,400,227,236,145400,2874,8,0,11,5,1,0,0,0,0,0,0
1765,节点希纳斯（普通）,普通,2,1,401,99,100,142603,2915,1,0,11,5,1,0,0,0,0,0,0
1766,节点希纳斯（英雄）,英雄,2,2,401,99,211,142604,2915,2,0,11,5,1,0,0,0,0,0,0
1767,节点希纳斯（史诗）,史诗,2,3,401,99,233,142605,2915,23,0,11,5,1,0,0,0,0,0,0
1768,节点希纳斯（史诗钥石）,史诗钥石,2,4,401,227,236,145417,2915,8,0,11,5,1,0,0,0,0,0,0
1769,萨隆矿坑（史诗）,史诗,2,3,52,99,233,145404,658,23,0,2,5,1,0,0,0,0,0,0
1770,萨隆矿坑（史诗钥石）,史诗钥石,2,4,52,227,236,145411,658,8,0,2,5,1,0,0,0,0,0,0
1772,虚影尖塔（普通）,普通,3,1,402,35,233,146311,2912,14,0,11,30,0,0,0,0,0,0,0
1773,虚影尖塔（英雄）,英雄,3,2,402,35,246,146311,2912,15,0,11,30,0,0,0,0,0,0,0
1774,虚影尖塔（史诗）,史诗,3,3,402,35,259,146311,2912,16,0,11,20,0,0,0,0,0,0,0
1775,进军奎尔丹纳斯（普通）,普通,3,1,403,35,240,146312,2913,14,0,11,30,0,0,0,0,0,0,0
1776,进军奎尔丹纳斯（英雄）,英雄,3,2,403,35,253,146312,2913,15,0,11,30,0,0,0,0,0,0,0
1777,进军奎尔丹纳斯（史诗）,史诗,3,3,403,35,266,146312,2913,16,0,11,20,0,0,0,0,0,0,0
1778,梦境裂隙（普通）,普通,3,1,404,35,233,146671,2939,14,0,11,30,0,0,0,0,0,0,0
1779,梦境裂隙（英雄）,英雄,3,2,404,35,246,146673,2939,15,0,11,30,0,0,0,0,0,0,0
1780,梦境裂隙（史诗）,史诗,3,3,404,35,259,146674,2939,16,0,11,20,0,0,0,0,0,0,0
1782,艾萨拉之眼（史诗钥石）,史诗钥石,2,4,112,1218,0,145399,1456,8,0,6,5,1,0,0,0,0,0,0
1783,英灵殿（史诗钥石）,史诗钥石,2,4,114,1218,0,145399,1477,8,0,6,5,1,0,0,0,0,0,0
1785,奈萨里奥的巢穴（史诗钥石）,史诗钥石,2,4,115,1218,0,145399,1458,8,0,6,5,1,0,0,0,0,0,0
1787,噬魂之喉（史诗钥石）,史诗钥石,2,4,119,1218,0,145399,1492,8,0,6,5,1,0,0,0,0,0,0
1788,黑心林地（史诗钥石）,史诗钥石,2,4,113,1218,0,145399,1466,8,0,6,5,1,0,0,0,0,0,0
1789,群星庭院（史诗钥石）,史诗钥石,2,4,120,1218,0,145399,1571,8,0,6,5,1,0,0,0,0,0,0
1790,黑鸦堡垒（史诗钥石）,史诗钥石,2,4,118,1218,0,145399,1501,8,0,6,5,1,0,0,0,0,0,0
1791,魔法回廊（史诗钥石）,史诗钥石,2,4,121,1218,0,145399,1516,8,0,6,5,1,0,0,0,0,0,0
1793,卡拉赞上层（史诗钥石）,史诗钥石,2,4,128,1218,0,145399,1651,8,0,6,5,1,0,0,0,0,0,0
1794,卡拉赞下层（史诗钥石）,史诗钥石,2,4,127,1218,0,145399,1651,8,0,6,5,1,0,0,0,0,0,0
1795,守望者地窟（史诗钥石）,史诗钥石,2,4,117,1218,0,145399,1493,8,0,6,5,1,0,0,0,0,0,0
1813,学府骚动（难度 11）,难度 11,121,11,405,162,0,146873,2933,208,16545,11,5,4,0,0,0,0,0,0
1814,学府骚动（难度 10）,难度 10,121,10,405,162,0,146872,2933,208,16545,11,5,4,0,0,0,0,0,0
1815,学府骚动（难度 9）,难度 9,121,9,405,162,0,146871,2933,208,16545,11,5,4,0,0,0,0,0,0
1816,学府骚动（难度 8）,难度 8,121,8,405,162,0,146870,2933,208,16545,11,5,4,0,0,0,0,0,0
1817,学府骚动（难度 7）,难度 7,121,7,405,162,0,146869,2933,208,16545,11,5,4,0,0,0,0,0,0
1818,学府骚动（难度 6）,难度 6,121,6,405,162,0,146868,2933,208,16545,11,5,4,0,0,0,0,0,0
1819,学府骚动（难度 5）,难度 5,121,5,405,162,0,146867,2933,208,16545,11,5,4,0,0,0,0,0,0
1820,学府骚动（难度 4）,难度 4,121,4,405,162,0,146866,2933,208,16545,11,5,4,0,0,0,0,0,0
1821,学府骚动（难度 3）,难度 3,121,3,405,162,0,146864,2933,208,16545,11,5,4,0,0,0,0,0,0
1822,学府骚动（难度 2）,难度 2,121,2,405,162,0,146863,2933,208,16545,11,5,4,0,0,0,0,0,0
1823,学府骚动（难度 1）,难度 1,121,1,405,162,0,146862,2933,208,16545,11,5,4,0,0,0,0,0,0
1824,磨难高地（难度 ？）,难度 ？,121,1,408,162,0,146870,2966,208,16596,11,5,4,0,0,0,0,0,0
1825,磨难高地（难度 ？？）,难度 ？？,121,1,408,162,0,146873,2966,208,16596,11,5,4,0,0,0,0,0,0
1826,幻日广场（难度 1）,难度 1,121,1,406,162,0,146862,2953,208,16542,11,5,4,0,0,0,0,0,0
1827,幻日广场（难度 2）,难度 2,121,2,406,162,0,146863,2953,208,16542,11,5,4,0,0,0,0,0,0
1828,幻日广场（难度 3）,难度 3,121,3,406,162,0,146864,2953,208,16542,11,5,4,0,0,0,0,0,0
1829,幻日广场（难度 4）,难度 4,121,4,406,162,0,146866,2953,208,16542,11,5,4,0,0,0,0,0,0
1830,幻日广场（难度 5）,难度 5,121,5,406,162,0,146867,2953,208,16542,11,5,4,0,0,0,0,0,0
1831,幻日广场（难度 6）,难度 6,121,6,406,162,0,146868,2953,208,16542,11,5,4,0,0,0,0,0,0
1832,幻日广场（难度 7）,难度 7,121,7,406,162,0,146869,2953,208,16542,11,5,4,0,0,0,0,0,0
1833,幻日广场（难度 8）,难度 8,121,8,406,162,0,146870,2953,208,16542,11,5,4,0,0,0,0,0,0
1834,幻日广场（难度 9）,难度 9,121,9,406,162,0,146871,2953,208,16542,11,5,4,0,0,0,0,0,0
1835,幻日广场（难度 10）,难度 10,121,10,406,162,0,146872,2953,208,16542,11,5,4,0,0,0,0,0,0
1836,幻日广场（难度 11）,难度 11,121,11,406,162,0,146873,2953,208,16542,11,5,4,0,0,0,0,0,0
1837,戮日圣殿（难度 1）,难度 1,121,1,407,162,0,146862,2965,208,16592,11,5,4,0,0,0,0,0,0
1838,戮日圣殿（难度 2）,难度 2,121,2,407,162,0,146863,2965,208,16592,11,5,4,0,0,0,0,0,0
1839,戮日圣殿（难度 3）,难度 3,121,3,407,162,0,146864,2965,208,16592,11,5,4,0,0,0,0,0,0
1840,戮日圣殿（难度 4）,难度 4,121,4,407,162,0,146866,2965,208,16592,11,5,4,0,0,0,0,0,0
1841,戮日圣殿（难度 5）,难度 5,121,5,407,162,0,146867,2965,208,16592,11,5,4,0,0,0,0,0,0
1842,戮日圣殿（难度 6）,难度 6,121,6,407,162,0,146868,2965,208,16592,11,5,4,0,0,0,0,0,0
1843,戮日圣殿（难度 7）,难度 7,121,7,407,162,0,146869,2965,208,16592,11,5,4,0,0,0,0,0,0
1844,戮日圣殿（难度 8）,难度 8,121,8,407,162,0,146870,2965,208,16592,11,5,4,0,0,0,0,0,0
1845,戮日圣殿（难度 9）,难度 9,121,9,407,162,0,146871,2965,208,16592,11,5,4,0,0,0,0,0,0
1846,戮日圣殿（难度 10）,难度 10,121,10,407,162,0,146872,2965,208,16592,11,5,4,0,0,0,0,0,0
1847,戮日圣殿（难度 11）,难度 11,121,11,407,162,0,146873,2965,208,16592,11,5,4,0,0,0,0,0,0
1848,影卫营（难度 1）,难度 1,121,1,409,162,0,146862,2979,208,16549,11,5,4,0,0,0,0,0,0
1849,影卫营（难度 2）,难度 2,121,2,409,162,0,146863,2979,208,16549,11,5,4,0,0,0,0,0,0
1850,影卫营（难度 3）,难度 3,121,3,409,162,0,146864,2979,208,16549,11,5,4,0,0,0,0,0,0
1851,影卫营（难度 4）,难度 4,121,4,409,162,0,146866,2979,208,16549,11,5,4,0,0,0,0,0,0
1852,影卫营（难度 5）,难度 5,121,5,409,162,0,146867,2979,208,16549,11,5,4,0,0,0,0,0,0
1853,影卫营（难度 6）,难度 6,121,6,409,162,0,146868,2979,208,16549,11,5,4,0,0,0,0,0,0
1854,影卫营（难度 7）,难度 7,121,7,409,162,0,146869,2979,208,16549,11,5,4,0,0,0,0,0,0
1855,影卫营（难度 8）,难度 8,121,8,409,162,0,146870,2979,208,16549,11,5,4,0,0,0,0,0,0
1856,影卫营（难度 9）,难度 9,121,9,409,162,0,146871,2979,208,16549,11,5,4,0,0,0,0,0,0
1857,影卫营（难度 10）,难度 10,121,10,409,162,0,146872,2979,208,16549,11,5,4,0,0,0,0,0,0
1858,影卫营（难度 11）,难度 11,121,11,409,162,0,146873,2979,208,16549,11,5,4,0,0,0,0,0,0
1859,憎怨斗坑（难度 1）,难度 1,121,1,410,162,0,146862,2963,208,16548,11,5,4,0,0,0,0,0,0
1860,憎怨斗坑（难度 2）,难度 2,121,2,410,162,0,146863,2963,208,16548,11,5,4,0,0,0,0,0,0
1861,憎怨斗坑（难度 3）,难度 3,121,3,410,162,0,146864,2963,208,16548,11,5,4,0,0,0,0,0,0
1862,憎怨斗坑（难度 4）,难度 4,121,4,410,162,0,146866,2963,208,16548,11,5,4,0,0,0,0,0,0
1863,憎怨斗坑（难度 5）,难度 5,121,5,410,162,0,146867,2963,208,16548,11,5,4,0,0,0,0,0,0
1864,憎怨斗坑（难度 6）,难度 6,121,6,410,162,0,146868,2963,208,16548,11,5,4,0,0,0,0,0,0
1865,憎怨斗坑（难度 7）,难度 7,121,7,410,162,0,146869,2963,208,16548,11,5,4,0,0,0,0,0,0
1866,憎怨斗坑（难度 8）,难度 8,121,8,410,162,0,146870,2963,208,16548,11,5,4,0,0,0,0,0,0
1867,憎怨斗坑（难度 9）,难度 9,121,9,410,162,0,146871,2963,208,16548,11,5,4,0,0,0,0,0,0
1868,憎怨斗坑（难度 10）,难度 10,121,10,410,162,0,146872,2963,208,16548,11,5,4,0,0,0,0,0,0
1869,憎怨斗坑（难度 11）,难度 11,121,11,410,162,0,146873,2963,208,16548,11,5,4,0,0,0,0,0,0
1870,阿塔阿曼（难度 1）,难度 1,121,1,411,162,0,146862,2962,208,16556,11,5,4,0,0,0,0,0,0
1871,阿塔阿曼（难度 2）,难度 2,121,2,411,162,0,146863,2962,208,16556,11,5,4,0,0,0,0,0,0
1872,阿塔阿曼（难度 3）,难度 3,121,3,411,162,0,146864,2962,208,16556,11,5,4,0,0,0,0,0,0
1873,阿塔阿曼（难度 4）,难度 4,121,4,411,162,0,146866,2962,208,16556,11,5,4,0,0,0,0,0,0
1874,阿塔阿曼（难度 5）,难度 5,121,5,411,162,0,146867,2962,208,16556,11,5,4,0,0,0,0,0,0
1875,阿塔阿曼（难度 6）,难度 6,121,6,411,162,0,146868,2962,208,16556,11,5,4,0,0,0,0,0,0
1876,阿塔阿曼（难度 7）,难度 7,121,7,411,162,0,146869,2962,208,16556,11,5,4,0,0,0,0,0,0
1877,阿塔阿曼（难度 8）,难度 8,121,8,411,162,0,146870,2962,208,16556,11,5,4,0,0,0,0,0,0
1878,阿塔阿曼（难度 9）,难度 9,121,9,411,162,0,146871,2962,208,16556,11,5,4,0,0,0,0,0,0
1879,阿塔阿曼（难度 10）,难度 10,121,10,411,162,0,146872,2962,208,16556,11,5,4,0,0,0,0,0,0
1880,阿塔阿曼（难度 11）,难度 11,121,11,411,162,0,146873,2962,208,16556,11,5,4,0,0,0,0,0,0
1881,回忆深沟（难度 1）,难度 1,121,1,412,162,0,146862,2964,208,16595,11,5,4,0,0,0,0,0,0
1882,回忆深沟（难度 2）,难度 2,121,2,412,162,0,146863,2964,208,16595,11,5,4,0,0,0,0,0,0
1883,回忆深沟（难度 3）,难度 3,121,3,412,162,0,146864,2964,208,16595,11,5,4,0,0,0,0,0,0
1884,回忆深沟（难度 4）,难度 4,121,4,412,162,0,146866,2964,208,16595,11,5,4,0,0,0,0,0,0
1885,回忆深沟（难度 5）,难度 5,121,5,412,162,0,146867,2964,208,16595,11,5,4,0,0,0,0,0,0
1886,回忆深沟（难度 6）,难度 6,121,6,412,162,0,146868,2964,208,16595,11,5,4,0,0,0,0,0,0
1887,回忆深沟（难度 7）,难度 7,121,7,412,162,0,146869,2964,208,16595,11,5,4,0,0,0,0,0,0
1888,回忆深沟（难度 8）,难度 8,121,8,412,162,0,146870,2964,208,16595,11,5,4,0,0,0,0,0,0
1889,回忆深沟（难度 9）,难度 9,121,9,412,162,0,146871,2964,208,16595,11,5,4,0,0,0,0,0,0
1890,回忆深沟（难度 10）,难度 10,121,10,412,162,0,146872,2964,208,16595,11,5,4,0,0,0,0,0,0
1891,回忆深沟（难度 11）,难度 11,121,11,412,162,0,146873,2964,208,16595,11,5,4,0,0,0,0,0,0
1892,聚影领地（难度 1）,难度 1,121,1,413,162,0,146862,2952,208,16594,11,5,4,0,0,0,0,0,0
1893,聚影领地（难度 2）,难度 2,121,2,413,162,0,146863,2952,208,16594,11,5,4,0,0,0,0,0,0
1894,聚影领地（难度 3）,难度 3,121,3,413,162,0,146864,2952,208,16594,11,5,4,0,0,0,0,0,0
1895,聚影领地（难度 4）,难度 4,121,4,413,162,0,146866,2952,208,16594,11,5,4,0,0,0,0,0,0
1896,聚影领地（难度 5）,难度 5,121,5,413,162,0,146867,2952,208,16594,11,5,4,0,0,0,0,0,0
1897,聚影领地（难度 6）,难度 6,121,6,413,162,0,146868,2952,208,16594,11,5,4,0,0,0,0,0,0
1898,聚影领地（难度 7）,难度 7,121,7,413,162,0,146869,2952,208,16594,11,5,4,0,0,0,0,0,0
1899,聚影领地（难度 8）,难度 8,121,8,413,162,0,146870,2952,208,16594,11,5,4,0,0,0,0,0,0
1900,聚影领地（难度 9）,难度 9,121,9,413,162,0,146871,2952,208,16594,11,5,4,0,0,0,0,0,0
1901,聚影领地（难度 10）,难度 10,121,10,413,162,0,146872,2952,208,16594,11,5,4,0,0,0,0,0,0
1902,聚影领地（难度 11）,难度 11,121,11,413,162,0,146873,2952,208,16594,11,5,4,0,0,0,0,0,0
1903,暮光地穴（难度 1）,难度 1,121,1,414,162,0,146862,2961,208,16557,11,5,4,0,0,0,0,0,0
1904,暮光地穴（难度 2）,难度 2,121,2,414,162,0,146863,2961,208,16557,11,5,4,0,0,0,0,0,0
1905,暮光地穴（难度 3）,难度 3,121,3,414,162,0,146864,2961,208,16557,11,5,4,0,0,0,0,0,0
1906,暮光地穴（难度 4）,难度 4,121,4,414,162,0,146866,2961,208,16557,11,5,4,0,0,0,0,0,0
1907,暮光地穴（难度 5）,难度 5,121,5,414,162,0,146867,2961,208,16557,11,5,4,0,0,0,0,0,0
1908,暮光地穴（难度 6）,难度 6,121,6,414,162,0,146868,2961,208,16557,11,5,4,0,0,0,0,0,0
1909,暮光地穴（难度 7）,难度 7,121,7,414,162,0,146869,2961,208,16557,11,5,4,0,0,0,0,0,0
1910,暮光地穴（难度 8）,难度 8,121,8,414,162,0,146870,2961,208,16557,11,5,4,0,0,0,0,0,0
1911,暮光地穴（难度 9）,难度 9,121,9,414,162,0,146871,2961,208,16557,11,5,4,0,0,0,0,0,0
1912,暮光地穴（难度 10）,难度 10,121,10,414,162,0,146872,2961,208,16557,11,5,4,0,0,0,0,0,0
1913,暮光地穴（难度 11）,难度 11,121,11,414,162,0,146873,2961,208,16557,11,5,4,0,0,0,0,0,0
1914,黑暗回廊（难度 1）,难度 1,121,1,415,162,0,146862,3003,208,16642,11,5,4,0,0,0,0,0,0
1915,黑暗回廊（难度 2）,难度 2,121,2,415,162,0,146863,3003,208,16642,11,5,4,0,0,0,0,0,0
1916,黑暗回廊（难度 3）,难度 3,121,3,415,162,0,146864,3003,208,16642,11,5,4,0,0,0,0,0,0
1917,黑暗回廊（难度 4）,难度 4,121,4,415,162,0,146866,3003,208,16642,11,5,4,0,0,0,0,0,0
1918,黑暗回廊（难度 5）,难度 5,121,5,415,162,0,146867,3003,208,16642,11,5,4,0,0,0,0,0,0
1919,黑暗回廊（难度 6）,难度 6,121,6,415,162,0,146868,3003,208,16642,11,5,4,0,0,0,0,0,0
1920,黑暗回廊（难度 7）,难度 7,121,7,415,162,0,146869,3003,208,16642,11,5,4,0,0,0,0,0,0
1921,黑暗回廊（难度 8）,难度 8,121,8,415,162,0,146870,3003,208,16642,11,5,4,0,0,0,0,0,0
1922,黑暗回廊（难度 9）,难度 9,121,9,415,162,0,146871,3003,208,16642,11,5,4,0,0,0,0,0,0
1923,黑暗回廊（难度 10）,难度 10,121,10,415,162,0,146872,3003,208,16642,11,5,4,0,0,0,0,0,0
1924,黑暗回廊（难度 11）,难度 11,121,11,415,162,0,146873,3003,208,16642,11,5,4,0,0,0,0,0,0
1936,斯托玛兰突袭战,斯托玛兰突袭战,1,0,0,258,0,21439,2771,0,0,11,40,4,0,0,0,0,0,0
1942,虚影风暴,虚影风暴,1,0,397,258,0,0,2771,0,16648,11,0,4,0,0,0,0,0,0
1943,永歌森林,永歌森林,1,0,397,258,0,0,0,0,15968,11,0,4,0,0,0,0,0,0
1944,祖阿曼,祖阿曼,1,0,397,258,0,0,0,0,15947,11,0,4,0,0,0,0,0,0
1945,永夜大教堂（史诗钥石）,史诗钥石,2,4,129,1218,0,145399,1677,8,0,6,5,1,0,0,0,0,0,0
1946,孢陨幽境（普通）,普通,3,1,422,35,259,0,1592,14,0,11,30,0,0,0,0,0,0,0
1947,孢陨幽境（史诗）,史诗,3,3,422,35,285,0,1592,233,0,11,25,0,0,0,0,0,0,0
1948,孢陨幽境（英雄）,英雄,3,2,422,35,272,0,1592,15,0,11,30,0,0,0,0,0,0,0
1964,瓦尔,瓦尔,1,0,397,258,0,156379,3047,0,0,11,40,0,0,0,0,0,0,0
1965,奈格塔尔,奈格塔尔,1,0,397,258,0,156379,3075,0,0,11,40,0,0,0,0,0,0,0
1968,世界首领（至暗之夜） - 英雄,世界首领 - 英雄,3,0,0,803,0,143837,0,0,0,11,40,0,0,0,0,0,0,0
1970,瓦尔（英雄）,瓦尔（英雄）,1,0,397,258,0,143837,3047,0,0,11,40,0,0,0,0,0,0,0
1972,暖房聚会,暖房聚会,6,0,0,35,0,0,0,0,0,11,40,4,0,0,0,0,0,0
1974,奈格塔尔（英雄）,奈格塔尔（英雄）,1,0,397,258,0,143837,3075,0,0,11,40,0,0,0,0,0,0,0
