ID,FullName_lang,ShortName_lang,GroupFinderCategoryID,OrderIndex,GroupFinderActivityGrpID,Flags,MinGearLevelSuggestion,PlayerConditionID,MapID,DifficultyID,AreaID,MaxPlayers,DisplayType,OverrideContentTuningID,MapChallengeModeID
2,泰达希尔,泰达希尔,1,0,3,258,0,0,1,0,141,0,4,0,0
3,西部荒野,西部荒野,1,0,2,258,0,0,0,0,40,0,4,0,0
4,决战奥格瑞玛（普通难度）,普通,3,0,1,35,0,0,1136,14,0,30,0,0,0
6,竞技场（2v2）,2v2,4,0,0,36,0,78463,0,0,0,2,2,0,0
7,竞技场（3v3）,3v3,4,1,0,36,0,78463,0,0,0,3,2,0,0
9,熔火之心,熔火之心,3,-1,0,34,0,0,409,9,0,40,0,0,0
14,竞技场练习赛（2v2）,2v2,7,0,0,36,0,86427,0,0,0,2,2,0,0
15,战场,战场,8,0,0,36,0,86429,0,0,0,5,1,0,0
16,自定义PvE,自定义,6,0,0,34,0,0,0,0,0,0,0,0,0
17,自定义PvP,自定义PvP,6,0,0,36,0,0,0,0,0,0,0,0,0
18,死亡矿井（普通）,普通,2,0,5,98,0,0,36,1,0,5,1,0,0
19,评级战场,评级战场,9,0,0,36,0,78463,0,0,0,0,0,0,0
21,血槌炉渣矿井（普通）,普通,2,1,6,99,0,0,1175,1,0,5,1,0,0
22,钢铁码头（普通）,普通,2,1,7,99,50,87337,1195,1,0,5,1,0,0
23,奥金顿（普通）,普通,2,1,8,99,0,0,1182,1,0,5,1,0,0
24,通天峰（普通）,普通,2,1,9,99,0,0,1209,1,0,5,1,0,0
25,恐轨车站（普通）,普通,2,1,10,99,0,87337,1208,1,0,5,1,0,0
26,永茂林地（普通）,普通,2,1,11,99,0,0,1279,1,0,5,1,0,0
27,影月墓地（普通）,普通,2,1,12,99,0,0,1176,1,0,5,1,0,0
28,黑石塔上层（普通）,普通,2,1,13,99,0,0,1358,1,0,5,1,0,0
29,血槌炉渣矿井（英雄）,英雄,2,2,6,99,0,0,1175,2,0,5,1,0,0
30,钢铁码头（英雄）,英雄,2,2,7,99,50,87337,1195,2,0,5,1,0,0
31,奥金顿（英雄）,英雄,2,2,8,99,0,0,1182,2,0,5,1,0,0
32,通天峰（英雄）,英雄,2,2,9,99,0,0,1209,2,0,5,1,0,0
33,恐轨车站（英雄）,英雄,2,2,10,99,0,87337,1208,2,0,5,1,0,0
34,永茂林地（英雄）,英雄,2,2,11,99,0,0,1279,2,0,5,1,0,0
35,影月墓地（英雄）,英雄,2,2,12,99,0,0,1176,2,0,5,1,0,0
36,黑石塔上层（英雄）,英雄,2,2,13,99,0,0,1358,2,0,5,1,0,0
37,悬槌堡（普通）,普通,3,0,14,35,0,27290,1228,14,0,30,0,0,0
38,悬槌堡（英雄）,英雄,3,0,14,35,0,27291,1228,15,0,30,0,0,0
39,黑石铸造厂（普通）,普通,3,0,15,35,0,27806,1205,14,0,30,0,0,0
40,黑石铸造厂（英雄）,英雄,3,0,15,35,0,27807,1205,15,0,30,0,0,0
41,决战奥格瑞玛（英雄）,英雄,3,0,1,35,0,0,1136,15,0,30,0,0,0
42,决战奥格瑞玛（史诗）,史诗,3,0,1,35,0,0,1136,16,0,20,0,0,0
43,纳克萨玛斯（10人）,10人,3,0,16,35,0,0,533,3,0,10,0,0,0
44,纳克萨玛斯（25人）,25人,3,0,16,35,0,0,533,4,0,25,0,0,0
45,卡拉赞,卡拉赞,3,0,0,35,0,0,532,3,0,10,0,0,0
46,冰冠堡垒（10人普通）,10人普通,3,0,17,547,0,0,631,3,0,10,0,0,0
47,冰冠堡垒（10人英雄）,10人英雄,3,0,17,547,0,0,631,5,0,10,0,0,0
48,冰冠堡垒（25人普通）,25人普通,3,0,17,547,0,0,631,4,0,25,0,0,0
49,冰冠堡垒（25人英雄）,25人英雄,3,0,17,547,0,0,631,6,0,25,0,0,0
50,哀嚎洞穴（普通）,哀嚎洞穴,2,0,0,98,0,0,43,1,0,5,1,0,0
51,通灵学院（普通）,普通,2,0,18,98,0,0,1007,1,0,5,1,0,0
52,怒焰裂谷（普通）,怒焰裂谷,2,0,0,98,0,0,389,1,0,5,1,0,0
53,影牙城堡（普通）,普通,2,0,19,98,0,0,33,1,0,5,1,0,0
54,黑暗深渊（普通）,黑暗深渊,2,0,0,98,0,0,48,1,0,5,1,0,0
55,暴风城监狱（普通）,暴风城监狱,2,0,0,98,0,0,34,1,0,5,1,0,0
56,诺莫瑞根（普通）,诺莫瑞根,2,0,0,98,0,0,90,1,0,5,1,0,0
57,剃刀沼泽（普通）,剃刀沼泽,2,0,0,98,0,0,47,1,0,5,1,0,0
58,剃刀高地（普通）,剃刀高地,2,0,0,98,0,0,129,1,0,5,1,0,0
59,奥达曼（普通）,奥达曼,2,0,0,98,0,0,70,1,0,5,1,0,0
60,祖尔法拉克（普通）,祖尔法拉克,2,0,0,98,0,0,209,1,0,5,1,0,0
61,玛拉顿（普通）,玛拉顿,2,0,0,98,0,0,349,1,0,5,1,0,0
62,沉没的神庙（普通）,沉没的神庙,2,0,0,98,0,0,109,1,0,5,1,0,0
63,黑石深渊（普通）,黑石深渊,2,0,0,98,0,0,230,1,0,5,1,0,0
64,黑石塔下层（普通）,黑石塔下层,2,0,0,98,0,0,229,1,0,5,1,0,0
65,厄运之槌（普通）,厄运之槌,2,0,0,98,0,0,429,1,0,5,1,0,0
66,斯坦索姆（普通）,斯坦索姆,2,0,0,98,0,0,329,1,0,5,1,0,0
67,地狱火城墙（普通）,普通,2,0,20,98,0,0,543,1,0,5,1,0,0
68,鲜血熔炉（普通）,普通,2,0,21,98,0,0,542,1,0,5,1,0,0
69,破碎大厅（普通）,普通,2,0,22,98,0,0,540,1,0,5,1,0,0
70,奴隶围栏（普通）,普通,2,0,23,98,0,0,547,1,0,5,1,0,0
71,幽暗沼泽（普通）,普通,2,0,24,98,0,0,546,1,0,5,1,0,0
72,蒸汽地窟（普通）,普通,2,0,25,98,0,0,545,1,0,5,1,0,0
73,法力陵墓（普通）,普通,2,0,26,98,0,0,557,1,0,5,1,0,0
74,奥金尼地穴（普通）,普通,2,0,27,98,0,0,558,1,0,5,1,0,0
75,塞泰克大厅（普通）,普通,2,0,28,98,0,0,556,1,0,5,1,0,0
76,暗影迷宫（普通）,普通,2,0,29,98,0,0,555,1,0,5,1,0,0
77,血色大厅（普通）,普通,2,0,30,98,0,0,1001,1,0,5,1,0,0
78,血色修道院（普通）,普通,2,0,31,98,0,0,1004,1,0,5,1,0,0
79,逃离敦霍尔德（普通）,普通,2,0,32,98,0,0,560,1,0,5,1,0,0
80,开启黑暗之门（普通）,普通,2,0,33,98,0,0,269,1,0,5,1,0,0
81,能源舰（普通）,普通,2,0,34,98,0,0,554,1,0,5,1,0,0
82,生态船（普通）,普通,2,0,35,98,0,0,553,1,0,5,1,0,0
83,禁魔监狱（普通）,普通,2,0,36,98,0,0,552,1,0,5,1,0,0
84,奥金尼地穴（英雄）,英雄,2,0,27,98,0,0,558,2,0,5,1,0,0
85,法力陵墓（英雄）,英雄,2,0,26,98,0,0,557,2,0,5,1,0,0
86,塞泰克大厅（英雄）,英雄,2,0,28,98,0,0,556,2,0,5,1,0,0
87,暗影迷宫（英雄）,英雄,2,0,29,98,0,0,555,2,0,5,1,0,0
88,开启黑暗之门（英雄）,英雄,2,0,33,98,0,0,269,2,0,5,1,0,0
89,逃离敦霍尔德（英雄）,英雄,2,0,32,98,0,0,560,2,0,5,1,0,0
90,奴隶围栏（英雄）,英雄,2,0,23,98,0,0,547,2,0,5,1,0,0
91,蒸汽地窟（英雄）,英雄,2,0,25,98,0,0,545,2,0,5,1,0,0
92,幽暗沼泽（英雄）,英雄,2,0,24,98,0,0,546,2,0,5,1,0,0
93,鲜血熔炉（英雄）,英雄,2,0,21,98,0,0,542,2,0,5,1,0,0
94,地狱火城墙（英雄）,英雄,2,0,20,98,0,0,543,2,0,5,1,0,0
95,破碎大厅（英雄）,英雄,2,0,22,98,0,0,540,2,0,5,1,0,0
96,禁魔监狱（英雄）,英雄,2,0,36,98,0,0,552,2,0,5,1,0,0
97,生态船（英雄）,英雄,2,0,35,98,0,0,553,2,0,5,1,0,0
98,能源舰（英雄）,英雄,2,0,34,98,0,0,554,2,0,5,1,0,0
99,魔导师平台（普通）,普通,2,0,37,98,0,0,585,1,0,5,1,0,0
100,魔导师平台（英雄）,英雄,2,0,37,98,0,0,585,2,0,5,1,0,0
101,乌特加德城堡（普通）,普通,2,0,38,98,0,0,574,1,0,5,1,0,0
102,乌特加德之巅（普通）,普通,2,0,39,98,0,0,575,1,0,5,1,0,0
103,艾卓-尼鲁布（普通）,普通,2,0,40,98,0,0,601,1,0,5,1,0,0
104,魔环（普通）,普通,2,0,41,98,0,0,578,1,0,5,1,0,0
105,闪电大厅（普通）,普通,2,0,42,98,0,0,602,1,0,5,1,0,0
106,岩石大厅（普通）,普通,2,0,43,98,0,0,599,1,0,5,1,0,0
107,净化斯坦索姆（普通）,普通,2,0,44,98,0,0,595,1,0,5,1,0,0
108,达克萨隆要塞（普通）,普通,2,0,45,98,0,0,600,1,0,5,1,0,0
109,古达克（普通）,普通,2,0,46,98,0,0,604,1,0,5,1,0,0
110,安卡赫特：古代王国（普通）,普通,2,0,47,98,0,0,619,1,0,5,1,0,0
111,紫罗兰监狱（普通）,普通,2,0,48,98,0,0,608,1,0,5,1,0,0
112,魔枢（普通）,普通,2,0,49,98,0,0,576,1,0,5,1,0,0
113,冠军的试炼（普通）,普通,2,0,50,610,0,0,650,1,0,5,1,0,0
114,灵魂洪炉（普通）,普通,2,0,51,98,0,0,632,1,0,5,1,0,0
115,萨隆矿坑（普通）,普通,2,0,52,98,0,0,658,1,0,5,1,0,0
116,映像大厅（普通）,普通,2,0,53,98,0,0,668,1,0,5,1,0,0
117,乌特加德之巅（英雄）,英雄,2,0,39,98,0,0,575,2,0,5,1,0,0
118,净化斯坦索姆（英雄）,英雄,2,0,44,98,0,0,595,2,0,5,1,0,0
119,魔环（英雄）,英雄,2,0,41,98,0,0,578,2,0,5,1,0,0
120,闪电大厅（英雄）,英雄,2,0,42,98,0,0,602,2,0,5,1,0,0
121,岩石大厅（英雄）,英雄,2,0,43,98,0,0,599,2,0,5,1,0,0
122,达克萨隆要塞（英雄）,英雄,2,0,45,98,0,0,600,2,0,5,1,0,0
123,古达克（英雄）,英雄,2,0,46,98,0,0,604,2,0,5,1,0,0
124,安卡赫特：古代王国（英雄）,英雄,2,0,47,98,0,0,619,2,0,5,1,0,0
125,紫罗兰监狱（英雄）,英雄,2,0,48,98,0,0,608,2,0,5,1,0,0
126,魔枢（英雄）,英雄,2,0,49,98,0,0,576,2,0,5,1,0,0
127,艾卓-尼鲁布（英雄）,英雄,2,0,40,98,0,0,601,2,0,5,1,0,0
128,乌特加德城堡（英雄）,英雄,2,0,38,98,0,0,574,2,0,5,1,0,0
129,冠军的试炼（英雄）,英雄,2,0,50,610,0,0,650,2,0,5,1,0,0
130,灵魂洪炉（英雄）,英雄,2,0,51,98,0,0,632,2,0,5,1,0,0
131,萨隆矿坑（英雄）,英雄,2,0,52,98,0,0,658,2,0,5,1,0,0
132,映像大厅（英雄）,英雄,2,0,53,98,0,0,668,2,0,5,1,0,0
133,潮汐王座（普通）,普通,2,0,54,98,0,0,643,1,0,5,1,0,0
134,黑石岩窟（普通）,普通,2,0,55,98,0,0,645,1,0,5,1,0,0
135,格瑞姆巴托（普通）,普通,2,0,56,98,0,0,670,1,0,5,1,0,0
136,起源大厅（普通）,普通,2,0,57,98,0,0,644,1,0,5,1,0,0
137,巨石之核（普通）,普通,2,0,58,98,0,0,725,1,0,5,1,0,0
138,旋云之巅（普通）,普通,2,8,59,98,0,0,657,1,0,5,1,0,0
139,托维尔失落之城（普通）,普通,2,0,60,98,0,0,755,1,0,5,1,0,0
140,旋云之巅（英雄）,英雄,2,8,59,98,0,0,657,2,0,5,1,0,0
141,巨石之核（英雄）,英雄,2,0,58,98,0,0,725,2,0,5,1,0,0
142,起源大厅（英雄）,英雄,2,0,57,98,0,0,644,2,0,5,1,0,0
143,格瑞姆巴托（英雄）,英雄,2,0,56,98,0,0,670,2,0,5,1,0,0
144,黑石岩窟（英雄）,英雄,2,0,55,98,0,0,645,2,0,5,1,0,0
146,潮汐王座（英雄）,英雄,2,0,54,98,0,0,643,2,0,5,1,0,0
147,托维尔失落之城（英雄）,英雄,2,0,60,98,0,0,755,2,0,5,1,0,0
148,死亡矿井（英雄）,英雄,2,0,5,98,0,0,36,2,0,5,1,0,0
149,影牙城堡（英雄）,英雄,2,0,19,98,0,0,33,2,0,5,1,0,0
150,祖尔格拉布（英雄）,祖尔格拉布,2,0,0,98,0,0,859,2,0,5,1,0,0
151,祖阿曼（英雄）,祖阿曼,2,0,0,98,0,0,568,2,0,5,1,0,0
152,时光之末（英雄）,时光之末,2,0,0,98,0,0,938,2,0,5,1,0,0
153,永恒之井（英雄）,永恒之井,2,0,0,98,0,0,939,2,0,5,1,0,0
154,暮光审判（英雄）,暮光审判,2,0,0,98,0,0,940,2,0,5,1,0,0
155,青龙寺（普通）,普通,2,0,61,98,0,0,960,1,0,5,1,0,0
156,风暴烈酒酿造厂（普通）,普通,2,0,62,98,0,0,961,1,0,5,1,0,0
157,影踪禅院（普通）,普通,2,0,63,98,0,0,959,1,0,5,1,0,0
158,魔古山宫殿（普通）,普通,2,0,64,98,0,0,994,1,0,5,1,0,0
159,围攻砮皂寺（普通）,普通,2,0,65,98,0,0,1011,1,0,5,1,0,0
160,残阳关（普通）,普通,2,0,66,98,0,0,962,1,0,5,1,0,0
163,青龙寺（英雄）,英雄,2,0,61,98,0,0,960,2,0,5,1,0,0
164,风暴烈酒酿造厂（英雄）,英雄,2,0,62,98,0,0,961,2,0,5,1,0,0
165,影踪禅院（英雄）,英雄,2,0,63,98,0,0,959,2,0,5,1,0,0
166,魔古山宫殿（英雄）,英雄,2,0,64,98,0,0,994,2,0,5,1,0,0
167,残阳关（英雄）,英雄,2,0,66,98,0,0,962,2,0,5,1,0,0
168,通灵学院（英雄）,英雄,2,0,18,98,0,0,1007,1,0,5,1,0,0
169,血色修道院（英雄）,英雄,2,0,31,98,0,0,1004,2,0,5,1,0,0
170,血色大厅（英雄）,英雄,2,0,30,98,0,0,1001,2,0,5,1,0,0
171,围攻砮皂寺（英雄）,英雄,2,0,65,98,0,0,1011,2,0,5,1,0,0
172,霜火岭,霜火岭,1,0,68,258,0,0,0,0,6720,0,4,0,0
173,影月谷（德拉诺）,影月谷,1,0,68,258,0,0,0,0,6719,0,4,0,0
174,戈尔隆德,戈尔隆德,1,0,68,258,0,0,0,0,6721,0,4,0,0
175,塔拉多,塔拉多,1,0,68,258,0,0,0,0,6662,0,4,0,0
176,阿兰卡峰林,阿兰卡峰林,1,0,68,258,0,0,0,0,6722,0,4,0,0
177,纳格兰（德拉诺）,纳格兰,1,0,68,258,0,0,0,0,6755,0,4,0,0
179,血槌炉渣矿井（挑战）,挑战,2,4,6,99,0,5793,1175,8,0,5,1,0,0
180,钢铁码头（史诗钥石）,史诗钥石,2,4,7,195,0,97423,1195,8,0,5,1,0,169
181,奥金顿（挑战）,挑战,2,4,8,99,0,5793,1182,8,0,5,1,0,0
182,通天峰（挑战）,挑战,2,4,9,99,0,5793,1209,8,0,5,1,0,0
183,恐轨车站（史诗钥石）,史诗钥石,2,4,10,227,0,97423,1208,8,0,5,1,0,166
184,永茂林地（挑战）,挑战,2,4,11,99,0,5793,1279,8,0,5,1,0,0
186,黑石塔上层（挑战）,挑战,2,4,13,99,0,5793,1358,8,0,5,1,0,0
187,新工匠镇,新工匠镇,1,0,2,258,0,0,0,0,6457,0,4,0,0
188,寒脊山谷,寒脊山谷,1,0,2,258,0,0,0,0,6176,0,4,0,0
189,北郡,北郡,1,0,2,258,0,0,0,0,6170,0,4,0,0
190,吉尔尼斯城,吉尔尼斯城,1,0,2,258,0,0,0,0,5435,0,4,0,0
191,逐日岛,逐日岛,1,0,2,258,0,0,0,0,6455,0,4,0,0
192,丧钟镇,丧钟镇,1,0,2,258,0,0,0,0,6454,0,4,0,0
193,丹莫罗,丹莫罗,1,0,2,258,0,0,0,0,1,0,4,0,0
194,提瑞斯法林地,提瑞斯法林地,1,0,2,258,0,0,0,0,85,0,4,0,0
195,永歌森林,永歌森林,1,0,2,258,0,0,0,0,3430,0,4,0,0
196,艾尔文森林,艾尔文森林,1,0,2,258,0,0,0,0,12,0,4,0,0
197,吉尔尼斯,吉尔尼斯,1,0,2,258,0,0,0,0,4714,0,4,0,0
198,洛克莫丹,洛克莫丹,1,0,2,258,0,0,0,0,38,0,4,0,0
199,幽魂之地,幽魂之地,1,0,2,258,0,0,0,0,3433,0,4,0,0
200,银松森林,银松森林,1,0,2,258,0,0,0,0,130,0,4,0,0
201,吉尔尼斯废墟,吉尔尼斯废墟,1,0,2,258,0,0,0,0,4706,0,4,0,0
202,赤脊山,赤脊山,1,0,2,258,0,0,0,0,44,0,4,0,0
203,湿地,湿地,1,0,2,258,0,0,0,0,11,0,4,0,0
204,暮色森林,暮色森林,1,0,2,258,0,0,0,0,10,0,4,0,0
205,希尔斯布莱德丘陵,希尔斯布莱德丘陵,1,0,2,258,0,0,0,0,267,0,4,0,0
206,阿拉希高地,阿拉希高地,1,0,2,258,0,0,0,0,45,0,4,0,0
207,北荆棘谷,北荆棘谷,1,0,2,258,0,0,0,0,33,0,4,0,0
208,荆棘谷海角,荆棘谷海角,1,0,2,258,0,0,0,0,5287,0,4,0,0
209,辛特兰,辛特兰,1,0,2,258,0,0,0,0,47,0,4,0,0
210,荆棘谷,荆棘谷,1,0,2,258,0,0,0,0,5339,0,4,0,0
211,西瘟疫之地,西瘟疫之地,1,0,2,258,0,0,0,0,28,0,4,0,0
212,燃烧平原,燃烧平原,1,0,2,258,0,0,0,0,46,0,4,0,0
213,灼热峡谷,灼热峡谷,1,0,2,258,0,0,0,0,51,0,4,0,0
214,荒芜之地,荒芜之地,1,0,2,258,0,0,0,0,3,0,4,0,0
215,东瘟疫之地,东瘟疫之地,1,0,2,258,0,0,0,0,139,0,4,0,0
217,暮光高地,暮光高地,1,0,2,258,0,0,0,0,4922,0,4,0,0
219,瓦丝琪尔,瓦丝琪尔,1,0,2,258,0,0,0,0,5146,0,4,0,0
221,奎尔丹纳斯岛,奎尔丹纳斯岛,1,0,2,258,0,0,0,0,4080,0,4,0,0
222,诅咒之地,诅咒之地,1,0,2,258,0,0,0,0,4,0,4,0,0
223,东瘟疫之地：血色领地,东瘟疫之地：血色领地,1,0,2,258,0,0,0,0,4298,0,4,0,0
224,悲伤沼泽,悲伤沼泽,1,0,2,258,0,0,0,0,8,0,4,0,0
225,逆风小径,逆风小径,1,0,2,258,0,0,0,0,41,0,4,0,0
226,黑石山,黑石山,1,0,2,258,0,0,0,0,1445,0,4,0,0
227,幽影谷,幽影谷,1,0,3,258,0,0,0,0,6450,0,4,0,0
228,埃门谷,埃门谷,1,0,3,258,0,0,0,0,6456,0,4,0,0
229,试炼谷,试炼谷,1,0,3,258,0,0,0,0,6451,0,4,0,0
230,回音群岛,回音群岛,1,0,3,258,0,0,0,0,6453,0,4,0,0
231,纳拉其营地,纳拉其营地,1,0,3,258,0,0,0,0,6452,0,4,0,0
232,秘蓝岛,秘蓝岛,1,0,3,258,0,0,0,0,3524,0,4,0,0
234,莫高雷,莫高雷,1,0,3,258,0,0,0,0,215,0,4,0,0
235,杜隆塔尔,杜隆塔尔,1,0,3,258,0,0,0,0,14,0,4,0,0
236,黑海岸,黑海岸,1,0,3,258,0,0,0,0,148,0,4,0,0
237,秘血岛,秘血岛,1,0,3,258,0,0,0,0,3525,0,4,0,0
238,北贫瘠之地,北贫瘠之地,1,0,3,258,0,0,0,0,17,0,4,0,0
239,塔纳利斯,塔纳利斯,1,0,3,258,0,0,0,0,440,0,4,0,0
240,千针石林,千针石林,1,0,3,258,0,0,0,0,400,0,4,0,0
241,菲拉斯,菲拉斯,1,0,3,258,0,0,0,0,357,0,4,0,0
242,尘泥沼泽,尘泥沼泽,1,0,3,258,0,0,0,0,6463,0,4,0,0
243,凄凉之地,凄凉之地,1,0,3,258,0,0,0,0,405,0,4,0,0
244,南贫瘠之地,南贫瘠之地,1,0,3,258,0,0,0,0,4709,0,4,0,0
245,石爪山脉,石爪山脉,1,0,3,258,0,0,0,0,406,0,4,0,0
246,灰谷,灰谷,1,0,3,258,0,0,0,0,331,0,4,0,0
247,月光林地,月光林地,1,0,3,258,0,0,0,0,493,0,4,0,0
248,艾萨拉,艾萨拉,1,0,3,258,0,0,0,0,16,0,4,0,0
249,熔火前线,熔火前线,1,0,3,258,0,0,0,0,5733,0,4,0,0
250,奥丹姆,奥丹姆,1,0,3,258,0,0,0,0,5034,0,4,0,0
251,海加尔山,海加尔山,1,0,3,258,0,0,0,0,616,0,4,0,0
252,希利苏斯,希利苏斯,1,0,3,258,0,0,0,0,1377,0,4,0,0
253,冬泉谷,冬泉谷,1,0,3,258,0,0,0,0,618,0,4,0,0
254,安戈洛环形山,安戈洛环形山,1,0,3,258,0,0,0,0,490,0,4,0,0
255,费伍德森林,费伍德森林,1,0,3,258,0,0,0,0,361,0,4,0,0
256,地狱火半岛,地狱火半岛,1,0,69,258,0,0,0,0,3483,0,4,0,0
257,赞加沼泽,赞加沼泽,1,0,69,258,0,0,0,0,3521,0,4,0,0
258,泰罗卡森林,泰罗卡森林,1,0,69,258,0,0,0,0,3519,0,4,0,0
259,纳格兰,纳格兰,1,0,69,258,0,0,0,0,3518,0,4,0,0
260,刀锋山,刀锋山,1,0,69,258,0,0,0,0,3522,0,4,0,0
261,虚空风暴,虚空风暴,1,0,69,258,0,0,0,0,3523,0,4,0,0
262,影月谷,影月谷,1,0,69,258,0,0,0,0,3520,0,4,0,0
263,北风苔原,北风苔原,1,0,70,258,0,0,0,0,3537,0,4,0,0
264,嚎风峡湾,嚎风峡湾,1,0,70,258,0,0,0,0,495,0,4,0,0
265,龙骨荒野,龙骨荒野,1,0,70,258,0,0,0,0,65,0,4,0,0
266,灰熊丘陵,灰熊丘陵,1,0,70,258,0,0,0,0,394,0,4,0,0
267,索拉查盆地,索拉查盆地,1,0,70,258,0,0,0,0,3711,0,4,0,0
268,祖达克,祖达克,1,0,70,258,0,0,0,0,66,0,4,0,0
269,冰冠冰川,冰冠冰川,1,0,70,258,0,0,0,0,210,0,4,0,0
270,风暴峭壁,风暴峭壁,1,0,70,258,0,0,0,0,67,0,4,0,0
271,洛斯加尔登陆点,洛斯加尔登陆点,1,0,70,258,0,0,0,0,4742,0,4,0,0
272,晶歌森林,晶歌森林,1,0,70,258,0,0,0,0,2817,0,4,0,0
273,冬拥湖,冬拥湖,1,0,70,258,0,0,0,0,4197,0,4,0,0
274,托尔巴拉德,托尔巴拉德,1,0,2,258,0,0,0,0,5095,0,4,0,0
275,托尔巴拉德半岛,托尔巴拉德半岛,1,0,2,258,0,0,0,0,5389,0,4,0,0
276,深岩之洲,深岩之洲,1,0,3,258,0,0,0,0,5042,0,4,0,0
277,暗月岛,暗月岛,1,0,2,258,0,0,0,0,5861,0,4,0,0
278,科赞,科赞,1,0,3,258,0,0,0,0,4737,0,4,0,0
279,失落群岛,失落群岛,1,0,3,258,0,0,0,0,4707,0,4,0,0
280,迷踪岛,迷踪岛,1,0,71,258,0,0,0,0,5736,0,4,0,0
281,翡翠林,翡翠林,1,0,71,258,0,0,0,0,5785,0,4,0,0
282,卡桑琅丛林,卡桑琅丛林,1,0,71,258,0,0,0,0,6134,0,4,0,0
283,昆莱山,昆莱山,1,0,71,258,0,0,0,0,5841,0,4,0,0
284,四风谷,四风谷,1,0,71,258,0,0,0,0,5805,0,4,0,0
285,雾纱栈道,雾纱栈道,1,0,71,258,0,0,0,0,6006,0,4,0,0
286,螳螂高原,螳螂高原,1,0,71,258,0,0,0,0,5842,0,4,0,0
287,恐惧废土,恐惧废土,1,0,71,258,0,0,0,0,6138,0,4,0,0
288,巨兽岛,巨兽岛,1,0,71,258,0,0,0,0,6661,0,4,0,0
289,锦绣谷,锦绣谷,1,0,71,258,0,0,0,0,5840,0,4,0,0
290,雷神岛,雷神岛,1,0,71,258,0,0,0,0,6507,0,4,0,0
291,永恒岛,永恒岛,1,0,71,258,0,0,0,0,6757,0,4,0,0
293,黑翼之巢,黑翼之巢,3,0,0,34,0,0,469,9,0,40,0,0,0
294,安其拉废墟,安其拉废墟,3,0,0,34,0,0,509,3,0,10,0,0,0
295,安其拉神殿,安其拉神殿,3,0,0,34,0,0,531,9,0,40,0,0,0
296,格鲁尔的巢穴,格鲁尔的巢穴,3,0,0,34,0,0,565,4,0,25,0,0,0
297,玛瑟里顿的巢穴,玛瑟里顿的巢穴,3,0,0,34,0,0,544,4,0,25,0,0,0
298,毒蛇神殿,毒蛇神殿,3,0,0,34,0,0,548,4,0,25,0,0,0
299,风暴要塞,风暴要塞,3,0,0,34,0,0,550,4,0,25,0,0,0
300,黑暗神殿,黑暗神殿,3,0,0,34,0,0,564,14,0,30,0,0,0
301,太阳之井,太阳之井,3,0,0,34,0,0,580,4,0,25,0,0,0
303,奥杜尔,奥杜尔,3,0,0,35,0,0,603,14,0,30,0,0,0
304,十字军的试炼（10人普通）,10人普通,3,0,73,35,0,0,649,3,0,10,0,0,0
305,十字军的试炼（10人英雄）,10人英雄,3,0,73,35,0,0,649,5,0,10,0,0,0
306,十字军的试炼（25人普通）,25人普通,3,0,73,35,0,0,649,4,0,25,0,0,0
307,十字军的试炼（25人英雄）,25人英雄,3,0,73,35,0,0,649,6,0,25,0,0,0
308,红玉圣殿（10人普通）,10人普通,3,0,74,35,0,0,724,3,0,10,0,0,0
309,红玉圣殿（10人英雄）,10人英雄,3,0,74,35,0,0,724,5,0,10,0,0,0
310,红玉圣殿（25人普通）,25人普通,3,0,74,35,0,0,724,4,0,25,0,0,0
311,红玉圣殿（25人英雄）,25人英雄,3,0,74,35,0,0,724,6,0,25,0,0,0
313,黑翼血环（10人普通）,10人普通,3,0,75,35,0,0,669,3,0,10,0,0,0
316,黑翼血环（25人普通）,25人普通,3,0,75,35,0,0,669,4,0,25,0,0,0
317,黑翼血环（10人英雄）,10人英雄,3,0,75,35,0,0,669,5,0,10,0,0,0
318,黑翼血环（25人英雄）,25人英雄,3,0,75,35,0,0,669,6,0,25,0,0,0
319,暮光堡垒（10人普通）,10人普通,3,0,76,35,0,0,671,3,0,10,0,0,0
320,暮光堡垒（10人英雄）,10人英雄,3,0,76,35,0,0,671,5,0,10,0,0,0
321,暮光堡垒（25人英雄）,25人英雄,3,0,76,35,0,0,671,6,0,25,0,0,0
322,暮光堡垒（25人普通）,25人普通,3,0,76,35,0,0,671,4,0,25,0,0,0
323,风神王座（10人普通）,10人普通,3,0,77,35,0,0,754,3,0,10,0,0,0
324,风神王座（10人英雄）,10人英雄,3,0,77,35,0,0,754,5,0,10,0,0,0
325,风神王座（25人英雄）,25人英雄,3,0,77,35,0,0,754,6,0,25,0,0,0
326,风神王座（25人普通）,25人普通,3,0,77,35,0,0,754,4,0,25,0,0,0
331,巨龙之魂（10人普通）,10人普通,3,0,79,35,0,0,967,3,0,10,0,0,0
332,巨龙之魂（10人英雄）,10人英雄,3,0,79,35,0,0,967,5,0,10,0,0,0
333,巨龙之魂（25人英雄）,25人英雄,3,0,79,35,0,0,967,6,0,25,0,0,0
334,巨龙之魂（25人普通）,25人普通,3,0,79,35,0,0,967,4,0,25,0,0,0
335,魔古山宝库（10人普通）,10人普通,3,0,80,35,0,0,1008,3,0,10,0,0,0
336,魔古山宝库（10人英雄）,10人英雄,3,0,80,35,0,0,1008,5,0,10,0,0,0
337,魔古山宝库（25人普通）,25人普通,3,0,80,35,0,0,1008,4,0,25,0,0,0
338,魔古山宝库（25人英雄）,25人英雄,3,0,80,35,0,0,1008,6,0,25,0,0,0
339,恐惧之心（10人普通）,10人普通,3,0,81,35,0,0,1009,3,0,10,0,0,0
340,恐惧之心（10人英雄）,10人英雄,3,0,81,35,0,0,1009,5,0,10,0,0,0
341,恐惧之心（25人普通）,25人普通,3,0,81,35,0,0,1009,4,0,25,0,0,0
342,恐惧之心（25人英雄）,25人英雄,3,0,81,35,0,0,1009,6,0,25,0,0,0
343,永春台（10人普通）,10人普通,3,0,82,35,0,0,996,3,0,10,0,0,0
344,永春台（10人英雄）,10人英雄,3,0,82,35,0,0,996,5,0,10,0,0,0
345,永春台（25人普通）,25人普通,3,0,82,35,0,0,996,4,0,25,0,0,0
346,永春台（25人英雄）,25人英雄,3,0,82,35,0,0,996,6,0,25,0,0,0
347,雷电王座（10人普通）,10人普通,3,1,83,35,0,0,1098,3,0,10,0,0,0
348,雷电王座（10人英雄）,10人英雄,3,3,83,35,0,0,1098,5,0,10,0,0,0
349,雷电王座（25人英雄）,25人英雄,3,4,83,35,0,0,1098,6,0,25,0,0,0
350,雷电王座（25人普通）,25人普通,3,2,83,35,0,0,1098,4,0,25,0,0,0
351,战场,战场,8,0,0,36,0,86428,0,0,0,5,1,0,0
352,战场,战场,8,0,0,36,0,86427,0,0,0,5,1,0,0
353,战场,战场,8,0,0,36,0,86426,0,0,0,5,1,0,0
354,战场,战场,8,0,0,36,0,86425,0,0,0,5,1,0,0
355,战场,战场,8,0,0,36,0,86430,0,0,0,5,1,0,0
356,战场,战场,8,0,0,36,0,86431,0,0,0,5,1,0,0
360,竞技场练习赛（3v3）,3v3,7,0,0,36,0,86427,0,0,0,3,2,0,0
363,随机潘达利亚地下城（普通）,普通,2,0,84,98,0,21439,870,1,0,5,1,0,0
364,随机潘达利亚地下城（英雄）,英雄,2,0,84,98,0,21439,870,2,0,5,1,0,0
389,竞技场练习赛（2v2）,2v2,7,0,0,36,0,86426,0,0,0,2,2,0,0
390,竞技场练习赛（3v3）,3v3,7,0,0,36,0,86426,0,0,0,3,2,0,0
391,竞技场练习赛（2v2）,2v2,7,0,0,36,0,86428,0,0,0,2,2,0,0
392,竞技场练习赛（3v3）,3v3,7,0,0,36,0,86428,0,0,0,3,2,0,0
393,竞技场练习赛（2v2）,2v2,7,0,0,36,0,86429,0,0,0,2,2,0,0
394,竞技场练习赛（3v3）,3v3,7,0,0,36,0,86429,0,0,0,3,2,0,0
395,随机德拉诺地下城（普通）,普通,2,0,109,98,0,21439,1116,1,0,5,1,0,0
396,随机德拉诺地下城（英雄）,英雄,2,0,109,98,0,21439,1116,2,0,5,1,0,0
397,世界首领（潘达利亚）,世界首领,3,0,0,803,0,21439,870,0,0,40,0,0,0
398,世界首领（德拉诺）,世界首领,3,0,0,803,0,21439,1116,0,0,40,0,0,0
399,悬槌堡（史诗）,史诗,3,0,14,35,0,27292,1228,16,0,20,0,0,0
400,黑石铸造厂（史诗）,史诗,3,0,15,35,0,27810,1205,16,0,20,0,0,0
401,血槌炉渣矿井（史诗）,史诗,2,3,6,99,0,0,1175,23,0,5,1,0,0
402,钢铁码头（史诗难度）,史诗,2,3,7,99,50,87337,1195,23,0,5,1,0,0
403,奥金顿（史诗）,史诗,2,3,8,99,0,0,1182,23,0,5,1,0,0
404,通天峰（史诗）,史诗,2,3,9,99,0,0,1209,23,0,5,1,0,0
405,恐轨车站（史诗）,史诗,2,3,10,99,0,87337,1208,23,0,5,1,0,0
406,永茂林地（史诗）,史诗,2,3,11,99,0,0,1279,23,0,5,1,0,0
407,影月墓地（史诗）,史诗,2,3,12,99,0,0,1176,23,0,5,1,0,0
408,黑石塔上层（史诗）,史诗,2,3,13,99,0,0,1358,23,0,5,1,0,0
409,地狱火堡垒（普通）,普通,3,0,110,35,0,33719,1448,14,0,30,0,0,0
410,地狱火堡垒（英雄）,英雄,3,0,110,35,0,33720,1448,15,0,30,0,0,0
411,塔纳安丛林,塔纳安丛林,1,0,68,258,0,0,0,0,6723,0,4,0,0
412,地狱火堡垒（史诗）,史诗,3,0,110,35,0,33721,1448,16,0,20,0,0,0
413,翡翠梦魇（普通）,普通,3,0,122,35,50,38619,1520,14,0,30,0,0,0
414,翡翠梦魇（英雄）,英雄,3,1,122,35,50,38620,1520,15,0,30,0,0,0
415,暗夜要塞（普通）,普通,3,1,123,35,50,38631,1530,14,0,30,0,0,0
416,暗夜要塞（英雄）,英雄,3,2,123,35,50,38632,1530,15,0,30,0,0,0
417,随机军团再临地下城（普通）,普通,2,0,111,98,0,21439,1220,1,0,5,1,0,0
418,随机军团再临地下城（英雄）,英雄,2,2,111,98,50,21439,1220,2,0,5,1,0,0
419,阿苏纳,阿苏纳,1,0,124,258,0,0,0,0,7334,0,4,0,0
420,瓦尔莎拉,瓦尔莎拉,1,0,124,258,0,0,0,0,7558,0,4,0,0
421,至高岭,至高岭,1,0,124,258,0,0,0,0,7503,0,4,0,0
422,风暴峡湾,风暴峡湾,1,0,124,258,0,0,0,0,7541,0,4,0,0
423,苏拉玛,苏拉玛,1,0,124,258,0,0,0,0,7637,0,4,0,0
425,艾萨拉之眼（普通）,普通,2,1,112,99,0,0,1456,1,0,5,1,0,0
426,黑心林地（普通）,普通,2,2,113,99,0,0,1466,1,0,5,1,0,0
427,英灵殿（普通）,普通,2,4,114,99,0,0,1477,1,0,5,1,0,0
428,奈萨里奥的巢穴（普通）,普通,2,3,115,99,0,0,1458,1,0,5,1,0,0
429,突袭紫罗兰监狱（普通）,普通,2,5,116,99,0,0,1544,1,0,5,1,0,0
430,黑鸦堡垒（普通）,普通,2,7,118,99,0,0,1501,1,0,5,1,0,0
431,守望者地窟（普通）,普通,2,6,117,99,0,0,1493,1,0,5,1,0,0
432,噬魂之喉（普通）,普通,2,8,119,99,0,0,1492,1,0,5,1,0,0
433,群星庭院（普通）,普通,2,9,120,99,0,21439,1571,1,0,5,1,0,0
434,魔法回廊（普通）,普通,2,10,121,99,0,21439,1516,1,0,5,1,0,0
435,艾萨拉之眼（英雄）,英雄,2,1,112,99,50,87337,1456,2,0,5,1,0,0
436,黑心林地（英雄）,英雄,2,2,113,99,50,87337,1466,2,0,5,1,0,0
437,英灵殿（英雄）,英雄,2,4,114,99,50,0,1477,2,0,5,1,0,0
438,奈萨里奥的巢穴（英雄）,英雄,2,3,115,99,0,87337,1458,2,0,5,1,0,0
439,突袭紫罗兰监狱（英雄）,英雄,2,5,116,99,50,0,1544,2,0,5,1,0,0
440,黑鸦堡垒（英雄）,英雄,2,7,118,99,50,87337,1501,2,0,5,1,0,0
441,守望者地窟（英雄）,英雄,2,6,117,99,50,87337,1493,2,0,5,1,0,0
442,噬魂之喉（英雄）,英雄,2,8,119,99,50,0,1492,2,0,5,1,0,0
443,群星庭院（英雄）,英雄,2,9,120,99,50,87337,1571,2,0,5,1,0,0
444,魔法回廊（英雄）,英雄,2,10,121,99,50,0,1516,2,0,5,1,0,0
445,艾萨拉之眼（史诗）,史诗,2,1,112,99,50,0,1456,23,0,5,1,0,0
446,黑心林地（史诗）,史诗,2,2,113,99,50,0,1466,23,0,5,1,0,0
447,英灵殿（史诗）,史诗,2,4,114,99,50,0,1477,23,0,5,1,0,0
448,奈萨里奥的巢穴（史诗）,史诗,2,3,115,99,0,0,1458,23,0,5,1,0,0
449,突袭紫罗兰监狱（史诗）,史诗,2,5,116,99,50,0,1544,23,0,5,1,0,0
450,黑鸦堡垒（史诗）,史诗,2,7,118,99,50,0,1501,23,0,5,1,0,0
451,守望者地窟（史诗）,史诗,2,6,117,99,50,0,1493,23,0,5,1,0,0
452,噬魂之喉（史诗）,史诗,2,8,119,99,50,0,1492,23,0,5,1,0,0
453,群星庭院（史诗）,史诗,2,9,120,99,50,0,1571,23,0,5,1,0,0
454,魔法回廊（史诗）,史诗,2,10,121,99,50,0,1516,23,0,5,1,0,0
455,重返卡拉赞（史诗）,史诗,2,11,125,99,50,0,1651,23,0,5,1,0,0
456,勇气试炼（普通）,普通,3,3,126,35,50,0,1648,14,0,30,0,0,0
457,勇气试炼（英雄）,英雄,3,4,126,35,50,0,1648,15,0,30,0,0,0
458,世界首领（军团再临）,世界首领,3,0,0,803,0,21439,1220,0,0,40,0,0,0
459,艾萨拉之眼（史诗钥石）,史诗钥石,2,4,112,194,50,98021,1456,8,0,5,1,0,0
460,黑心林地（史诗钥石）,史诗钥石,2,2,113,194,50,98020,1466,8,0,5,1,0,0
461,英灵殿（史诗钥石）,史诗钥石,2,0,114,194,0,98014,1477,8,0,5,1,0,0
462,奈萨里奥的巢穴（史诗钥石）,史诗钥石,2,7,115,194,385,98022,1458,8,0,5,1,0,0
463,黑鸦堡垒（史诗钥石）,史诗钥石,2,9,118,194,50,98018,1501,8,0,5,1,0,0
464,守望者地窟（史诗钥石）,史诗钥石,2,6,117,194,50,98023,1493,8,0,5,1,0,0
465,噬魂之喉（史诗钥石）,史诗钥石,2,8,119,194,50,98015,1492,8,0,5,1,0,0
466,群星庭院（史诗钥石）,史诗钥石,2,0,120,194,359,98019,1571,8,0,5,1,0,0
467,魔法回廊（史诗钥石）,史诗钥石,2,10,121,194,50,98013,1516,8,0,5,1,0,0
468,翡翠梦魇（史诗）,史诗,3,2,122,35,50,38620,1520,16,0,20,0,0,0
469,破碎海滩,破碎海滩,1,0,124,258,0,0,0,0,7543,0,4,0,0
470,卡拉赞下层（英雄）,英雄,2,11,127,99,50,87337,1651,2,0,5,1,0,0
471,卡拉赞下层（史诗钥石）,史诗钥石,2,11,127,194,50,98024,1651,8,0,5,1,0,227
472,卡拉赞上层（英雄）,英雄,2,12,128,99,50,87337,1651,2,0,5,1,0,0
473,卡拉赞上层（史诗钥石）,史诗钥石,2,12,128,194,50,98025,1651,8,0,5,1,0,234
474,永夜大教堂（英雄）,英雄,2,13,129,99,50,0,1677,2,0,5,1,0,0
475,永夜大教堂（史诗）,史诗,2,13,129,99,50,0,1677,23,0,5,1,0,0
476,永夜大教堂（史诗钥石）,史诗钥石,2,13,129,194,50,98016,1677,8,0,5,1,0,0
478,萨格拉斯之墓（英雄）,英雄,3,8,131,35,50,48504,1676,15,0,30,0,0,0
479,萨格拉斯之墓（普通）,普通,3,7,131,35,50,48503,1676,14,0,30,0,0,0
480,勇气试炼（史诗）,史诗,3,3,126,35,50,47235,1648,16,0,20,0,0,0
481,暗夜要塞（史诗）,史诗,3,3,123,35,50,38632,1530,16,0,20,0,0,0
482,安托鲁斯，燃烧王座（普通）,普通,3,9,132,35,50,51653,1712,14,0,30,0,0,0
483,安托鲁斯，燃烧王座（英雄）,英雄,3,10,132,35,50,51656,1712,15,0,30,0,0,0
484,执政团之座（英雄）,英雄,2,14,133,99,50,51664,1753,2,0,5,1,0,0
485,执政团之座（史诗）,史诗,2,14,133,99,50,51664,1753,23,0,5,1,0,0
486,执政团之座（史诗钥石）,史诗钥石,2,14,133,194,50,98017,1753,8,0,5,1,0,0
487,克罗库恩,克罗库恩,1,0,134,258,0,0,0,0,8574,0,4,0,0
488,安托兰废土,安托兰废土,1,0,134,258,0,0,0,0,8899,0,4,0,0
489,艾瑞达斯,艾瑞达斯,1,0,134,258,0,0,0,0,8701,0,4,0,0
490,竞技场练习赛（3v3）,3v3,7,0,0,36,0,86425,0,0,0,3,2,0,0
491,竞技场练习赛（2v2）,2v2,7,0,0,36,0,86425,0,0,0,2,2,0,0
492,萨格拉斯之墓（史诗）,史诗,3,9,131,35,50,48505,1676,16,0,20,0,0,0
493,安托鲁斯，燃烧王座（史诗）,史诗,3,11,132,35,52,51656,1712,16,0,20,0,0,0
494,奥迪尔（普通）,普通,3,1,135,35,60,56193,1861,14,0,30,0,0,0
495,奥迪尔（英雄）,英雄,3,2,135,35,60,56194,1861,15,0,30,0,0,0
496,奥迪尔（史诗）,史诗,3,3,135,35,60,56195,1861,16,0,30,0,0,0
497,随机争霸艾泽拉斯地下城（普通）,普通,2,0,136,98,0,21439,1642,1,0,5,1,0,0
498,随机争霸艾泽拉斯地下城（英雄）,英雄,2,2,136,98,58,21439,1642,2,0,5,1,0,0
499,阿塔达萨（史诗）,史诗,2,3,137,99,60,0,1763,23,0,5,1,0,0
500,阿塔达萨（英雄）,英雄,2,2,137,99,60,0,1763,2,0,5,1,0,0
501,阿塔达萨（普通）,普通,2,1,137,99,0,63909,1763,1,0,5,1,485,0
502,阿塔达萨（史诗钥石）,史诗钥石,2,4,137,194,60,98001,1763,8,0,5,1,0,0
503,塞塔里斯神庙（普通）,普通,2,1,139,99,0,63909,1877,1,0,5,1,0,0
504,塞塔里斯神庙（史诗钥石）,史诗钥石,2,4,139,194,60,98004,1877,8,0,5,1,0,0
505,塞塔里斯神庙（英雄）,英雄,2,2,139,99,60,0,1877,2,0,5,1,0,0
506,地渊孢林（普通）,普通,2,1,138,99,0,63909,1841,1,0,5,1,0,0
507,地渊孢林（史诗钥石）,史诗钥石,2,4,138,194,385,98003,1841,8,0,5,1,0,0
508,地渊孢林（英雄）,英雄,2,2,138,99,60,0,1841,2,0,5,1,0,0
509,暴富矿区（普通）,普通,2,1,140,99,0,63909,1594,1,0,5,1,0,0
510,暴富矿区（史诗钥石）,史诗钥石,2,4,140,194,60,98010,1594,8,0,5,1,0,0
511,暴富矿区（英雄）,英雄,2,2,140,99,60,0,1594,2,0,5,1,0,0
512,诸王之眠（普通）,普通,2,1,141,99,0,21439,1762,1,0,5,1,0,0
513,诸王之眠（史诗）,史诗,2,3,141,99,60,65320,1762,23,0,5,1,0,0
514,诸王之眠（史诗钥石）,史诗钥石,2,4,141,194,60,65320,1762,8,0,5,1,0,0
515,诸王之眠（英雄）,英雄,2,1,141,99,60,0,1762,2,0,5,1,0,0
516,自由镇（普通）,普通,2,1,142,99,0,63909,1754,1,0,5,1,0,0
517,自由镇（史诗）,史诗,2,3,142,99,0,0,1754,23,0,5,1,0,0
518,自由镇（史诗钥石）,史诗钥石,2,5,142,194,385,98002,1754,8,0,5,1,0,0
519,自由镇（英雄）,英雄,2,2,142,99,0,0,1754,2,0,5,1,0,0
520,风暴神殿（普通）,普通,2,1,143,99,0,63909,1864,1,0,5,1,0,0
521,风暴神殿（史诗）,史诗,2,3,143,99,60,0,1864,23,0,5,1,0,0
522,风暴神殿（史诗钥石）,史诗钥石,2,4,143,194,60,98006,1864,8,0,5,1,0,0
523,风暴神殿（英雄）,英雄,2,2,143,99,60,0,1864,2,0,5,1,0,0
524,托尔达戈（普通）,普通,2,1,144,99,57,63909,1771,1,0,5,1,0,0
525,托尔达戈（史诗）,史诗,2,3,144,99,60,0,1771,23,0,5,1,0,0
526,托尔达戈（史诗钥石）,史诗钥石,2,4,144,194,60,98008,1771,8,0,5,1,0,0
527,托尔达戈（英雄）,英雄,2,2,144,99,60,0,1771,2,0,5,1,0,0
528,维克雷斯庄园（普通）,普通,2,1,145,99,0,63909,1862,1,0,5,1,0,0
529,维克雷斯庄园（史诗）,史诗,2,3,145,99,60,0,1862,23,0,5,1,0,0
530,维克雷斯庄园（史诗钥石）,史诗钥石,2,4,145,194,60,98005,1862,8,0,5,1,0,0
531,维克雷斯庄园（英雄）,英雄,2,2,145,99,60,0,1862,2,0,5,1,0,0
532,围攻伯拉勒斯（普通）,普通,2,1,146,611,0,21439,1822,1,0,5,1,0,0
533,围攻伯拉勒斯（史诗）,史诗,2,3,146,611,60,65318,1822,23,0,5,1,0,0
534,围攻伯拉勒斯（史诗钥石）,史诗钥石,2,4,146,706,60,65318,1822,8,0,5,1,0,0
535,围攻伯拉勒斯（英雄）,英雄,2,1,146,611,60,0,1822,2,0,5,1,0,0
536,维克雷斯庄园（普通）,普通,2,1,145,99,57,63909,1862,1,0,5,1,0,0
537,托尔达戈（普通）,普通,2,1,144,99,0,0,1771,1,0,5,1,0,0
538,风暴神殿（普通）,普通,2,1,143,99,57,0,1864,1,0,5,1,0,0
539,自由镇（普通）,普通,2,1,142,99,0,0,1754,1,0,5,1,0,0
540,暴富矿区（普通）,普通,2,1,140,99,57,0,1594,1,0,5,1,0,0
541,地渊孢林（普通）,普通,2,1,138,99,57,0,1841,1,0,5,1,0,0
542,塞塔里斯神庙（普通）,普通,2,1,139,99,57,0,1877,1,0,5,1,0,0
543,阿塔达萨（普通）,普通,2,1,137,99,57,0,1763,1,0,5,1,1224,0
644,地渊孢林（史诗）,史诗,2,3,138,99,60,98003,1841,23,0,5,1,0,0
645,塞塔里斯神庙（史诗）,史诗,2,3,139,195,60,0,1877,23,0,5,1,0,0
646,暴富矿区（史诗）,史诗,2,3,140,195,60,0,1594,8,0,5,1,0,0
647,提拉加德海峡,提拉加德海峡,1,0,247,258,0,0,0,0,8567,0,4,0,0
648,德鲁斯瓦,德鲁斯瓦,1,0,247,258,0,0,0,0,8721,0,4,0,0
649,斯托颂谷地,斯托颂谷地,1,0,247,258,0,0,0,0,9042,0,4,0,0
650,祖达萨,祖达萨,1,0,248,258,0,0,0,0,8499,0,4,0,0
651,纳兹米尔,纳兹米尔,1,0,248,258,0,0,0,0,8500,0,4,0,0
652,沃顿,沃顿,1,0,248,258,0,0,0,0,8501,0,4,0,0
653,随机海岛（普通）,普通,111,0,249,34,58,85363,0,38,0,3,4,0,0
654,随机海岛（英雄）,英雄,111,0,249,34,60,85364,0,39,0,3,4,0,0
655,随机海岛（史诗）,史诗,111,0,249,34,60,85364,0,40,0,3,4,0,0
657,世界首领 （争霸艾泽拉斯）,世界首领,3,0,0,803,0,21439,0,0,0,40,0,0,0
658,围攻伯拉勒斯（史诗）,史诗,2,3,146,611,60,65319,1822,23,0,5,1,0,0
659,围攻伯拉勒斯（史诗钥石）,史诗钥石,2,4,146,706,60,65319,1822,8,0,5,1,0,0
660,诸王之眠（史诗）,史诗,2,3,141,99,60,65321,1762,23,0,5,1,0,0
661,诸王之眠（史诗钥石）,史诗钥石,2,4,141,194,60,65321,1762,8,0,5,1,0,0
662,随机海岛（PvP）,PvP,111,0,249,38,60,85364,0,45,0,3,4,0,0
663,达萨罗之战（普通）,普通,3,1,251,35,60,65358,2070,14,0,30,0,0,0
664,达萨罗之战（英雄）,英雄,3,2,251,35,62,65359,2070,15,0,30,0,0,0
665,达萨罗之战（史诗）,史诗,3,3,251,35,68,65360,2070,16,0,30,0,0,0
666,风暴熔炉（史诗）,史诗,3,3,252,35,68,65366,2096,16,0,30,0,0,0
667,风暴熔炉（英雄）,英雄,3,2,252,35,62,65365,2096,15,0,30,0,0,0
668,风暴熔炉（普通）,普通,3,1,252,35,60,65364,2096,14,0,30,0,0,0
669,麦卡贡行动（史诗）,史诗,2,3,253,99,60,0,2097,23,0,5,1,0,0
670,永恒王宫（史诗）,史诗,3,3,254,35,90,0,2164,16,0,30,0,0,0
671,永恒王宫（英雄）,英雄,3,2,254,35,78,69748,2164,15,0,30,0,0,0
672,永恒王宫（普通）,普通,3,1,254,35,72,69747,2164,14,0,30,0,0,0
673,激流堡之战（英雄）,英雄,3,2,255,35,78,71238,1804,15,0,30,0,0,0
674,纳沙塔尔,纳沙塔尔,1,0,248,258,0,0,0,0,10052,0,4,0,0
675,麦卡贡,麦卡贡,1,3,247,258,0,0,0,0,10290,0,4,0,0
676,火焰之地（普通）,普通,3,1,78,34,0,0,720,14,0,30,0,0,0
677,火焰之地（英雄）,英雄,3,1,78,34,0,0,720,15,0,30,0,0,0
679,麦卡贡垃圾场（史诗钥石）,史诗钥石,2,1,256,194,0,98011,2097,8,0,5,1,0,369
682,麦卡贡垃圾场（英雄）,英雄,2,2,256,99,60,87337,2097,2,0,5,1,0,0
683,麦卡贡车间（史诗钥石）,史诗钥石,2,2,257,194,0,98012,2097,8,0,5,1,0,370
684,麦卡贡车间（英雄）,英雄,2,2,257,99,60,87337,2097,2,0,5,1,0,0
685,尼奥罗萨，觉醒之城（史诗）,史诗,3,3,258,35,120,0,2217,16,0,20,0,0,0
686,尼奥罗萨，觉醒之城（英雄）,英雄,3,2,258,35,100,74074,2217,15,0,30,0,0,0
687,尼奥罗萨，觉醒之城（普通）,普通,3,1,258,35,85,74073,2217,14,0,30,0,0,0
688,凋魂之殇（普通）,普通,2,1,259,99,0,85644,2289,1,0,5,1,0,0
689,凋魂之殇（英雄）,英雄,2,2,259,99,115,85644,2289,2,0,5,1,0,0
690,凋魂之殇（史诗）,史诗,2,3,259,99,115,85644,2289,23,0,5,1,0,0
691,凋魂之殇（史诗钥石）,史诗钥石,2,4,259,194,184,97992,2289,8,0,5,1,0,0
692,彼界（普通）,普通,2,1,260,99,0,85644,2291,1,0,5,1,0,0
693,彼界（英雄）,英雄,2,2,260,99,115,85644,2291,2,0,5,1,0,0
694,彼界（史诗）,史诗,2,3,260,99,115,85644,2291,23,0,5,1,0,0
695,彼界（史诗钥石）,史诗钥石,2,4,260,194,184,97997,2291,8,0,5,1,0,0
696,赎罪大厅（普通）,普通,2,1,261,99,0,85644,2287,1,0,5,1,0,0
697,赎罪大厅（英雄）,英雄,2,2,261,99,115,85644,2287,2,0,5,1,0,0
698,赎罪大厅（史诗）,史诗,2,3,261,99,115,85644,2287,23,0,5,1,0,0
699,赎罪大厅（史诗钥石）,史诗钥石,2,4,261,194,184,97994,2287,8,0,5,1,0,0
700,塞兹仙林的迷雾（普通）,普通,2,1,262,99,0,85644,2290,1,0,5,1,0,0
701,塞兹仙林的迷雾（英雄）,英雄,2,2,262,99,115,85644,2290,2,0,5,1,0,0
702,塞兹仙林的迷雾（史诗）,史诗,2,3,262,99,115,85644,2290,23,0,5,1,0,0
703,塞兹仙林的迷雾（史诗钥石）,史诗钥石,2,4,262,194,184,97993,2290,8,0,5,1,0,0
704,赤红深渊（普通）,普通,2,1,263,99,0,85644,2284,1,0,5,1,0,0
705,赤红深渊（史诗钥石）,史诗钥石,2,4,263,194,184,97998,2284,8,0,5,1,0,0
706,赤红深渊（史诗）,史诗,2,3,263,99,115,85644,2284,23,0,5,1,0,0
707,赤红深渊（英雄）,英雄,2,2,263,99,115,85644,2284,2,0,5,1,0,0
708,晋升高塔（普通）,普通,2,1,264,99,0,85644,2285,1,0,5,1,0,0
709,晋升高塔（史诗钥石）,史诗钥石,2,4,264,194,184,97995,2285,8,0,5,1,0,0
710,晋升高塔（史诗）,史诗,2,3,264,99,115,85644,2285,23,0,5,1,0,0
711,晋升高塔（英雄）,英雄,2,2,264,99,115,85644,2285,2,0,5,1,0,0
712,通灵战潮（普通）,普通,2,1,265,99,0,85644,2286,1,0,5,1,0,0
713,通灵战潮（史诗钥石）,史诗钥石,2,4,265,194,184,97991,2286,8,0,5,1,0,0
714,通灵战潮（史诗）,史诗,2,3,265,99,115,85644,2286,23,0,5,1,0,0
715,通灵战潮（英雄）,英雄,2,2,265,99,115,85644,2286,2,0,5,1,0,0
716,伤逝剧场（普通）,普通,2,1,266,99,0,85644,2293,1,0,5,1,0,0
717,伤逝剧场（史诗钥石）,史诗钥石,2,4,266,194,184,97996,2293,8,0,5,1,0,0
718,伤逝剧场（史诗）,史诗,2,3,266,99,115,85644,2293,23,0,5,1,0,0
719,伤逝剧场（英雄）,英雄,2,2,266,99,115,85644,2293,2,0,5,1,0,0
720,纳斯利亚堡（普通）,普通,3,1,267,35,200,85644,2296,14,0,30,0,0,0
721,纳斯利亚堡（史诗）,史诗,3,3,267,35,230,85644,2296,16,0,20,0,0,0
722,纳斯利亚堡（英雄）,英雄,3,2,267,35,215,85644,2296,15,0,30,0,0,0
723,世界首领（暗影界）,世界首领,3,0,0,803,0,105278,2222,0,0,40,0,0,0
724,斯科杜斯之厅,难度1,113,1,274,162,0,85370,2162,167,13400,5,4,0,0
725,扭曲回廊,难度1,113,0,273,162,0,85391,2162,167,0,5,4,0,0
726,断骨密室,难度1,113,1,278,162,0,85371,2162,167,13403,5,4,0,0
727,灵魂熔炉,难度1,113,1,276,162,0,85372,2162,167,13404,5,4,0,0
728,凇心间隙,难度1,113,1,279,162,0,85373,2162,167,13411,5,4,0,0
729,莫尔特雷加,难度1,113,1,277,162,0,85374,2162,167,13412,5,4,0,0
730,上层区域,难度1,113,1,275,162,0,85376,2162,167,13413,5,4,0,0
731,竞技场练习赛（2v2）,2v2,7,0,0,36,0,86430,0,0,0,2,2,0,0
732,竞技场练习赛（2v2）,2v2,7,0,0,36,0,86431,0,0,0,2,2,0,0
733,竞技场练习赛（3v3）,3v3,7,0,0,36,0,86430,0,0,0,3,2,0,0
734,竞技场练习赛（3v3）,3v3,7,0,0,36,0,86431,0,0,0,3,2,0,0
735,阿尔柯班之厅,阿尔柯班之厅,113,1,0,162,0,88259,2162,167,13400,5,4,0,0
736,折磨密室：吉安娜,折磨密室：吉安娜,113,1,0,162,0,88260,2162,167,13404,5,4,0,0
737,折磨密室：萨尔,折磨密室：萨尔,113,1,0,162,0,88261,2162,167,13404,5,4,0,0
738,炽蓝仙野,炽蓝仙野,1,0,270,258,0,0,0,0,11510,0,4,0,0
739,晋升堡垒,晋升堡垒,1,0,270,258,0,0,0,0,10534,0,4,0,0
740,玛卓克萨斯,玛卓克萨斯,1,0,270,258,0,0,0,0,11462,0,4,0,0
741,雷文德斯,雷文德斯,1,0,270,258,0,0,0,0,10413,0,4,0,0
742,噬渊,噬渊,1,0,270,258,0,0,0,0,11400,0,4,0,0
743,统御圣所（普通）,普通,3,1,271,35,213,85644,2450,14,0,30,0,0,0
744,统御圣所（英雄）,英雄,3,2,271,35,226,85644,2450,15,0,30,0,0,0
745,统御圣所（史诗）,史诗,3,3,271,35,239,85644,2450,16,0,20,0,0,0
746,塔扎维什，帷纱集市（史诗）,史诗,2,3,272,99,115,85644,2441,23,0,5,1,0,0
940,扭曲回廊,难度2,113,0,273,162,0,85391,2162,167,0,5,4,0,0
941,扭曲回廊,难度3,113,0,273,162,0,85391,2162,167,0,5,4,0,0
942,扭曲回廊,难度4,113,0,273,162,0,85391,2162,167,0,5,4,0,0
943,扭曲回廊,难度5,113,0,273,162,0,85391,2162,167,0,5,4,0,0
944,扭曲回廊,难度6,113,0,273,162,0,85391,2162,167,0,5,4,0,0
945,扭曲回廊,难度7,113,0,273,162,0,85391,2162,167,0,5,4,0,0
946,扭曲回廊,难度8,113,0,273,162,0,85391,2162,167,0,5,4,0,0
947,扭曲回廊,难度9,113,0,273,162,0,85391,2162,167,0,5,4,0,0
948,扭曲回廊,难度10,113,0,273,162,0,85391,2162,167,0,5,4,0,0
949,扭曲回廊,难度11,113,0,273,162,0,85391,2162,167,0,5,4,0,0
950,扭曲回廊,难度12,113,0,273,162,0,85391,2162,167,0,5,4,0,0
951,斯科杜斯之厅,难度2,113,1,274,162,0,85370,2162,167,13400,5,4,0,0
952,斯科杜斯之厅,难度3,113,1,274,162,0,85370,2162,167,13400,5,4,0,0
953,斯科杜斯之厅,难度4,113,1,274,162,0,85370,2162,167,13400,5,4,0,0
955,斯科杜斯之厅,难度5,113,1,274,162,0,85370,2162,167,13400,5,4,0,0
956,斯科杜斯之厅,难度6,113,1,274,162,0,85370,2162,167,13400,5,4,0,0
957,斯科杜斯之厅,难度7,113,1,274,162,0,85370,2162,167,13400,5,4,0,0
958,斯科杜斯之厅,难度8,113,1,274,162,0,85370,2162,167,13400,5,4,0,0
959,斯科杜斯之厅,难度9,113,1,274,162,0,85370,2162,167,13400,5,4,0,0
960,斯科杜斯之厅,难度10,113,1,274,162,0,85370,2162,167,13400,5,4,0,0
961,上层区域,难度2,113,1,275,162,0,85376,2162,167,13413,5,4,0,0
962,上层区域,难度3,113,1,275,162,0,85376,2162,167,13413,5,4,0,0
963,上层区域,难度4,113,1,275,162,0,85376,2162,167,13413,5,4,0,0
964,上层区域,难度5,113,1,275,162,0,85376,2162,167,13413,5,4,0,0
965,上层区域,难度6,113,1,275,162,0,85376,2162,167,13413,5,4,0,0
966,上层区域,难度7,113,1,275,162,0,85376,2162,167,13413,5,4,0,0
967,上层区域,难度8,113,1,275,162,0,85376,2162,167,13413,5,4,0,0
968,上层区域,难度9,113,1,275,162,0,85376,2162,167,13413,5,4,0,0
969,上层区域,难度10,113,1,275,162,0,85376,2162,167,13413,5,4,0,0
970,斯科杜斯之厅,难度11,113,1,274,162,0,85370,2162,167,13400,5,4,0,0
971,上层区域,难度11,113,1,275,162,0,85376,2162,167,13413,5,4,0,0
972,上层区域,难度12,113,1,275,162,0,85376,2162,167,13413,5,4,0,0
973,灵魂熔炉,难度2,113,1,276,162,0,85372,2162,167,13404,5,4,0,0
974,灵魂熔炉,难度3,113,1,276,162,0,85372,2162,167,13404,5,4,0,0
975,灵魂熔炉,难度4,113,1,276,162,0,85372,2162,167,13404,5,4,0,0
976,灵魂熔炉,难度5,113,1,276,162,0,85372,2162,167,13404,5,4,0,0
977,灵魂熔炉,难度6,113,1,276,162,0,85372,2162,167,13404,5,4,0,0
978,灵魂熔炉,难度7,113,1,276,162,0,85372,2162,167,13404,5,4,0,0
979,灵魂熔炉,难度8,113,1,276,162,0,85372,2162,167,13404,5,4,0,0
980,灵魂熔炉,难度9,113,1,276,162,0,85372,2162,167,13404,5,4,0,0
981,灵魂熔炉,难度10,113,1,276,162,0,85372,2162,167,13404,5,4,0,0
982,灵魂熔炉,难度11,113,1,276,162,0,85372,2162,167,13404,5,4,0,0
983,莫尔特雷加,难度2,113,1,277,162,0,85374,2162,167,13412,5,4,0,0
984,莫尔特雷加,难度3,113,1,277,162,0,85374,2162,167,13412,5,4,0,0
985,莫尔特雷加,难度4,113,1,277,162,0,85374,2162,167,13412,5,4,0,0
986,莫尔特雷加,难度5,113,1,277,162,0,85374,2162,167,13412,5,4,0,0
987,莫尔特雷加,难度6,113,1,277,162,0,85374,2162,167,13412,5,4,0,0
988,莫尔特雷加,难度7,113,1,277,162,0,85374,2162,167,13412,5,4,0,0
989,莫尔特雷加,难度8,113,1,277,162,0,85374,2162,167,13412,5,4,0,0
990,莫尔特雷加,难度9,113,1,277,162,0,85374,2162,167,13412,5,4,0,0
991,莫尔特雷加,难度10,113,1,277,162,0,85374,2162,167,13412,5,4,0,0
992,莫尔特雷加,难度11,113,1,277,162,0,85374,2162,167,13412,5,4,0,0
993,莫尔特雷加,难度12,113,1,277,162,0,85374,2162,167,13412,5,4,0,0
994,断骨密室,难度2,113,1,278,162,0,85371,2162,167,13403,5,4,0,0
995,断骨密室,难度3,113,1,278,162,0,85371,2162,167,13403,5,4,0,0
996,断骨密室,难度4,113,1,278,162,0,85371,2162,167,13403,5,4,0,0
997,断骨密室,难度5,113,1,278,162,0,85371,2162,167,13403,5,4,0,0
998,断骨密室,难度6,113,1,278,162,0,85371,2162,167,13403,5,4,0,0
999,断骨密室,难度7,113,1,278,162,0,85371,2162,167,13403,5,4,0,0
1000,断骨密室,难度8,113,1,278,162,0,85371,2162,167,13403,5,4,0,0
1001,断骨密室,难度9,113,1,278,162,0,85371,2162,167,13403,5,4,0,0
1002,断骨密室,难度10,113,1,278,162,0,85371,2162,167,13403,5,4,0,0
1003,断骨密室,难度11,113,1,278,162,0,85371,2162,167,13403,5,4,0,0
1004,断骨密室,难度12,113,1,278,162,0,85371,2162,167,13403,5,4,0,0
1005,凇心间隙,难度2,113,1,279,162,0,85373,2162,167,13411,5,4,0,0
1006,凇心间隙,难度3,113,1,279,162,0,85373,2162,167,13411,5,4,0,0
1007,凇心间隙,难度4,113,1,279,162,0,85373,2162,167,13411,5,4,0,0
1008,凇心间隙,难度5,113,1,279,162,0,85373,2162,167,13411,5,4,0,0
1009,凇心间隙,难度6,113,1,279,162,0,85373,2162,167,13411,5,4,0,0
1010,凇心间隙,难度7,113,1,279,162,0,85373,2162,167,13411,5,4,0,0
1011,凇心间隙,难度8,113,1,279,162,0,85373,2162,167,13411,5,4,0,0
1012,凇心间隙,难度9,113,1,279,162,0,85373,2162,167,13411,5,4,0,0
1013,凇心间隙,难度10,113,1,279,162,0,85373,2162,167,13411,5,4,0,0
1014,凇心间隙,难度11,113,1,279,162,0,85373,2162,167,13411,5,4,0,0
1015,凇心间隙,难度12,113,1,279,162,0,85373,2162,167,13411,5,4,0,0
1016,塔扎维什：琳彩天街（史诗钥石）,史诗钥石,2,4,280,194,222,97999,2441,8,0,5,1,0,391
1017,塔扎维什：索·莉亚的宏图（史诗钥石）,史诗钥石,2,4,281,194,222,98000,2441,8,0,5,1,0,392
1018,塔扎维什：琳彩天街（英雄）,英雄,2,2,280,194,196,85644,2441,2,0,5,1,0,0
1019,塔扎维什：索·莉亚的宏图（英雄）,英雄,2,2,281,194,196,85644,2441,2,0,5,1,0,0
1020,初诞者圣墓（普通）,普通,3,1,282,35,239,93446,2481,14,0,30,0,0,0
1021,初诞者圣墓（英雄）,英雄,3,2,282,35,252,93451,2481,15,0,30,0,0,0
1022,初诞者圣墓（史诗）,史诗,3,3,282,35,265,85644,2481,16,0,20,0,0,0
1024,凇心间隙,难度13,113,1,279,162,0,85373,2162,167,13411,5,4,0,0
1025,凇心间隙,难度14,113,1,279,162,0,85373,2162,167,13411,5,4,0,0
1026,凇心间隙,难度15,113,1,279,162,0,85373,2162,167,13411,5,4,0,0
1027,凇心间隙,难度16,113,1,279,162,0,85373,2162,167,13411,5,4,0,0
1028,断骨密室,难度13,113,1,278,162,0,85371,2162,167,13403,5,4,0,0
1029,断骨密室,难度14,113,1,278,162,0,85371,2162,167,13403,5,4,0,0
1030,断骨密室,难度15,113,1,278,162,0,85371,2162,167,13403,5,4,0,0
1031,断骨密室,难度16,113,1,278,162,0,85371,2162,167,13403,5,4,0,0
1032,莫尔特雷加,难度13,113,1,277,162,0,85374,2162,167,13412,5,4,0,0
1033,莫尔特雷加,难度14,113,1,277,162,0,85374,2162,167,13412,5,4,0,0
1034,莫尔特雷加,难度15,113,1,277,162,0,85374,2162,167,13412,5,4,0,0
1035,莫尔特雷加,难度16,113,1,277,162,0,85374,2162,167,13412,5,4,0,0
1036,斯科杜斯之厅,难度12,113,1,274,162,0,85370,2162,167,13400,5,4,0,0
1037,斯科杜斯之厅,难度13,113,1,274,162,0,85370,2162,167,13400,5,4,0,0
1038,斯科杜斯之厅,难度14,113,1,274,162,0,85370,2162,167,13400,5,4,0,0
1039,斯科杜斯之厅,难度15,113,1,274,162,0,85370,2162,167,13400,5,4,0,0
1040,斯科杜斯之厅,难度16,113,1,274,162,0,85370,2162,167,13400,5,4,0,0
1041,灵魂熔炉,难度12,113,1,276,162,0,85372,2162,167,13404,5,4,0,0
1042,灵魂熔炉,难度13,113,1,276,162,0,85372,2162,167,13404,5,4,0,0
1043,灵魂熔炉,难度14,113,1,276,162,0,85372,2162,167,13404,5,4,0,0
1044,灵魂熔炉,难度15,113,1,276,162,0,85372,2162,167,13404,5,4,0,0
1045,灵魂熔炉,难度16,113,1,276,162,0,85372,2162,167,13404,5,4,0,0
1046,上层区域,难度13,113,1,275,162,0,85376,2162,167,13413,5,4,0,0
1047,上层区域,难度14,113,1,275,162,0,85376,2162,167,13413,5,4,0,0
1048,上层区域,难度15,113,1,275,162,0,85376,2162,167,13413,5,4,0,0
1049,上层区域,难度16,113,1,275,162,0,85376,2162,167,13413,5,4,0,0
1050,典狱长的挑战,难度1,113,0,283,162,0,96523,2162,167,0,5,4,0,0
1051,典狱长的挑战,难度2,113,0,283,162,0,96523,2162,167,0,5,4,0,0
1052,典狱长的挑战,难度3,113,0,283,162,0,96523,2162,167,0,5,4,0,0
1053,典狱长的挑战,难度4,113,0,283,162,0,96523,2162,167,0,5,4,0,0
1054,典狱长的挑战,难度5,113,0,283,162,0,96523,2162,167,0,5,4,0,0
1055,典狱长的挑战,难度6,113,0,283,162,0,96523,2162,167,0,5,4,0,0
1056,典狱长的挑战,难度7,113,0,283,162,0,96523,2162,167,0,5,4,0,0
1057,典狱长的挑战,难度8,113,0,283,162,0,96523,2162,167,0,5,4,0,0
1058,觉醒海岸,觉醒海岸,1,0,284,258,0,0,0,0,13644,0,4,0,0
1059,欧恩哈拉平原,欧恩哈拉平原,1,0,284,258,0,0,0,0,13645,0,4,0,0
1060,碧蓝林海,碧蓝林海,1,0,284,258,0,0,0,0,13646,0,4,0,0
1061,索德拉苏斯,索德拉苏斯,1,0,284,258,0,0,0,0,13647,0,4,0,0
1062,扎雷殁提斯,扎雷殁提斯,1,0,270,258,0,0,0,0,13536,0,4,0,0
1063,刻希亚,刻希亚,1,0,270,258,0,0,0,0,13570,0,4,0,0
1146,世界首领（巨龙时代）,世界首领,3,0,0,803,0,99866,2444,0,0,40,0,0,0
1157,艾杰斯亚学院（普通）,普通,2,1,302,99,0,99866,2526,1,0,5,1,0,0
1158,艾杰斯亚学院（英雄）,英雄,2,2,302,99,330,99866,2526,2,0,5,1,0,0
1159,艾杰斯亚学院（史诗）,史诗,2,3,302,99,330,99866,2526,23,0,5,1,0,0
1160,艾杰斯亚学院（史诗钥石）,史诗钥石,2,4,302,194,359,99874,2526,8,0,5,1,0,0
1161,蕨皮山谷（普通）,普通,2,1,303,99,0,85644,2520,1,0,5,1,0,0
1162,蕨皮山谷（英雄）,英雄,2,2,303,99,330,99866,2520,2,0,5,1,0,0
1163,蕨皮山谷（史诗）,史诗,2,3,303,99,330,99866,2520,23,0,5,1,0,0
1164,蕨皮山谷（史诗钥石）,史诗钥石,2,4,303,194,385,99872,2520,8,0,5,1,0,0
1165,注能大厅（普通）,普通,2,1,304,99,0,85644,2527,1,0,5,1,0,0
1166,注能大厅（英雄）,英雄,2,2,304,99,330,99866,2527,2,0,5,1,0,0
1167,注能大厅（史诗）,史诗,2,3,304,99,330,99866,2527,23,0,5,1,0,0
1168,注能大厅（史诗钥石）,史诗钥石,2,4,304,194,385,99873,2527,8,0,5,1,0,0
1169,奈萨鲁斯（普通）,普通,2,1,305,99,0,99866,2519,1,0,5,1,0,0
1170,奈萨鲁斯（英雄）,英雄,2,2,305,99,330,99866,2519,2,0,5,1,0,0
1171,奈萨鲁斯（史诗）,史诗,2,3,305,99,330,99866,2519,23,0,5,1,0,0
1172,奈萨鲁斯（史诗钥石）,史诗钥石,2,3,305,194,385,99869,2519,8,0,5,1,0,0
1173,红玉新生法池（普通）,普通,2,1,306,99,0,85644,2521,1,0,5,1,0,0
1174,红玉新生法池（英雄）,英雄,2,2,306,99,330,99866,2521,2,0,5,1,0,0
1175,红玉新生法池（史诗）,史诗,2,3,306,99,330,99866,2521,23,0,5,1,0,0
1176,红玉新生法池（史诗钥石）,史诗钥石,2,4,306,194,359,99868,2521,8,0,5,1,0,0
1177,碧蓝魔馆（普通）,普通,2,1,307,99,0,99866,2515,1,0,5,1,0,0
1178,碧蓝魔馆（英雄）,英雄,2,2,307,99,330,99866,2515,2,0,5,1,0,0
1179,碧蓝魔馆（史诗）,史诗,2,3,307,99,330,99866,2515,23,0,5,1,0,0
1180,碧蓝魔馆（史诗钥石）,史诗钥石,2,4,307,194,359,99871,2515,8,0,5,1,0,0
1181,诺库德阻击战（普通）,普通,2,1,308,99,0,85644,2516,1,0,5,1,0,0
1182,诺库德阻击战（英雄）,英雄,2,2,308,99,330,99866,2516,2,0,5,1,0,0
1183,诺库德阻击战（史诗）,史诗,2,3,308,99,330,99866,2516,23,0,5,1,0,0
1184,诺库德阻击战（史诗钥石）,史诗钥石,2,4,308,194,359,99870,2516,8,0,5,1,0,0
1185,奥达曼：提尔的遗产（普通）,普通,2,1,309,99,0,85644,2451,1,0,5,1,0,0
1186,奥达曼：提尔的遗产（英雄）,英雄,2,2,309,99,330,99866,2451,2,0,5,1,0,0
1187,奥达曼：提尔的遗产（史诗）,史诗,2,3,309,99,330,99866,2451,23,0,5,1,0,0
1188,奥达曼：提尔的遗产（史诗钥石）,史诗钥石,2,4,309,194,385,99867,2451,8,0,5,1,0,0
1189,化身巨龙牢窟（普通）,普通,3,1,310,35,376,103977,2522,14,0,30,0,0,0
1190,化身巨龙牢窟（英雄）,英雄,3,2,310,35,389,103977,2522,15,0,30,0,0,0
1191,化身巨龙牢窟（史诗）,史诗,3,3,310,35,402,103977,2522,16,0,20,0,0,0
1192,青龙寺（史诗钥石）,史诗钥石,2,0,61,194,0,98034,960,8,0,5,1,0,0
1193,影月墓地（史诗钥石）,史诗钥石,2,0,12,194,359,98028,1176,8,0,5,1,0,0
1194,奥达曼：提尔的遗产（普通）,普通,2,1,309,99,0,105577,2451,1,0,5,1,0,0
1195,旋云之巅（史诗钥石）,史诗钥石,2,8,59,194,385,107461,657,8,0,5,1,0,0
1196,禁忌离岛,禁忌离岛,1,0,284,258,0,0,0,0,14433,0,4,0,0
1235,亚贝鲁斯（普通）,普通,3,1,313,35,394,108665,2569,14,0,30,0,0,0
1236,亚贝鲁斯（英雄）,英雄,3,2,313,35,407,108665,2569,15,0,30,0,0,0
1237,亚贝鲁斯（史诗）,史诗,3,3,313,35,420,108665,2569,16,0,20,0,0,0
1243,查拉雷克洞窟,查拉雷克洞窟,1,0,284,258,0,0,0,0,14022,0,4,0,0
1244,永恒黎明（史诗）,史诗,2,3,315,99,415,99866,2579,23,0,5,1,0,0
1245,永恒黎明：迦拉克隆的陨落（英雄）,英雄,2,2,316,194,385,99866,2579,2,0,5,1,0,0
1246,永恒黎明：姆诺兹多的崛起（英雄）,英雄,2,2,317,194,385,99866,2579,2,0,5,1,0,0
1247,永恒黎明：迦拉克隆的陨落（史诗钥石）,史诗钥石,2,4,316,194,415,0,2579,8,0,5,1,0,0
1248,永恒黎明：姆诺兹多的崛起（史诗钥石）,史诗钥石,2,4,317,194,415,0,2579,8,0,5,1,0,0
