ID,Name_lang,SetFlags,RequiredSkill,RequiredSkillRank,ItemID[0],ItemID[1],ItemID[2],ItemID[3],ItemID[4],ItemID[5],ItemID[6],ItemID[7],ItemID[8],ItemID[9],ItemID[10],ItemID[11],ItemID[12],ItemID[13],ItemID[14],ItemID[15],ItemID[16]
1,角斗士,1,0,0,11729,11726,11728,11731,11730,0,0,0,0,0,0,0,0,0,0,0,0
41,雷德双刀,0,0,0,12940,12939,0,0,0,0,0,0,0,0,0,0,0,0,0,0,0
65,蜘蛛之吻,0,0,0,13218,13183,0,0,0,0,0,0,0,0,0,0,0,0,0,0,0
81,邮差,0,0,0,13390,13388,13391,13392,13389,0,0,0,0,0,0,0,0,0,0,0,0
121,苍白,0,0,0,14637,14636,14640,14638,14641,0,0,0,0,0,0,0,0,0,0,0,0
122,骨堆,0,0,0,14631,14629,14632,14633,14626,0,0,0,0,0,0,0,0,0,0,0,0
123,血链,0,0,0,14614,14616,14615,14611,14612,0,0,0,0,0,0,0,0,0,0,0,0
124,亡者之骨,0,0,0,14624,14622,14620,14623,14621,0,0,0,0,0,0,0,0,0,0,0,0
141,火山,0,0,0,15053,15054,15055,0,0,0,0,0,0,0,0,0,0,0,0,0,0
142,雷暴,0,0,0,15056,15057,15058,21278,0,0,0,0,0,0,0,0,0,0,0,0,0
143,魔暴龙护甲,0,0,0,15062,15063,0,0,0,0,0,0,0,0,0,0,0,0,0,0,0
144,铁羽护甲,0,0,0,15066,15067,0,0,0,0,0,0,0,0,0,0,0,0,0,0,0
161,迪菲亚皮甲,0,0,0,10399,10403,10402,10401,10400,0,0,0,0,0,0,0,0,0,0,0,0
162,毒蛇的拥抱,0,0,0,10412,10411,10413,10410,6473,0,0,0,0,0,0,0,0,0,0,0,0
163,血色十字军链甲,0,0,0,10329,10332,10328,10331,10330,10333,0,0,0,0,0,0,0,0,0,0,0
181,博学者,0,0,0,16685,16683,16686,16684,16687,16689,16688,16682,0,0,0,0,0,0,0,0,0
182,虔诚,0,0,0,16696,16691,16697,16693,16692,16695,16694,16690,0,0,0,0,0,0,0,0,0
183,鬼雾,0,0,0,16702,16703,16699,16701,16700,16704,16698,16705,0,0,0,0,0,0,0,0,0
184,迅影,0,0,0,16713,16711,16710,16721,16708,16709,16712,16707,0,0,0,0,0,0,0,0,0
185,野性之心,0,0,0,16716,16715,16714,16720,16706,16718,16719,16717,0,0,0,0,0,0,0,0,0
186,野兽追猎者,0,0,0,16680,16675,16681,16677,16674,16678,16679,16676,0,0,0,0,0,0,0,0,0
187,元素,1,0,0,16673,16670,16671,16667,16672,16668,16669,16666,0,0,0,0,0,0,0,0,0
188,光铸护甲,0,0,0,16723,16725,16722,16726,16724,16728,16729,16727,0,0,0,0,0,0,0,0,0
189,勇气,0,0,0,16736,16734,16735,16730,16737,16731,16732,16733,0,0,0,0,0,0,0,0,0
201,奥术师,1,0,0,16802,16799,16795,16800,16801,16796,16797,16798,0,0,0,0,0,0,0,0,0
202,预言,1,0,0,16811,16813,16817,16812,16814,16816,16815,16819,0,0,0,0,0,0,0,0,0
203,恶魔之心,1,0,0,16806,16804,16805,16810,16809,16807,16808,16803,0,0,0,0,0,0,0,0,0
204,夜幕杀手,1,0,0,16827,16824,16825,16820,16821,16826,16822,16823,0,0,0,0,0,0,0,0,0
205,塞纳里奥,1,0,0,16828,16829,16830,16833,16831,16834,16835,16836,0,0,0,0,0,0,0,0,0
206,巨人追猎者,1,0,0,16851,16849,16850,16845,16848,16852,16846,16847,0,0,0,0,0,0,0,0,0
207,大地之怒,1,0,0,16838,16837,16840,16841,16844,16839,16842,16843,0,0,0,0,0,0,0,0,0
208,秩序之源,1,0,0,16858,16859,16857,16853,16860,16854,16855,16856,0,0,0,0,0,0,0,0,0
209,力量,1,0,0,16864,16861,16865,16863,16866,16867,16868,16862,0,0,0,0,0,0,0,0,0
210,灵风,1,0,0,16818,16918,16912,16914,16917,16913,16915,16916,0,0,0,0,0,0,0,0,0
211,卓越,1,0,0,16925,16926,16919,16921,16920,16922,16924,16923,0,0,0,0,0,0,0,0,0
212,复仇,1,0,0,16933,16927,16934,16928,16930,16931,16929,16932,0,0,0,0,0,0,0,0,0
213,血牙,1,0,0,16910,16906,16911,16905,16907,16908,16909,16832,0,0,0,0,0,0,0,0,0
214,怒风,1,0,0,16903,16898,16904,16897,16900,16899,16901,16902,0,0,0,0,0,0,0,0,0
215,巨龙追猎者,1,0,0,16936,16935,16942,16940,16941,16939,16938,16937,0,0,0,0,0,0,0,0,0
216,无尽风暴,1,0,0,16944,16943,16950,16945,16948,16949,16947,16946,0,0,0,0,0,0,0,0,0
217,审判,1,0,0,16952,16951,16958,16955,16956,16954,16957,16953,0,0,0,0,0,0,0,0,0
218,愤怒,1,0,0,16959,16966,16964,16963,16962,16961,16965,16960,0,0,0,0,0,0,0,0,0
221,塞奥沙套装,0,0,0,7950,7948,7952,7951,7953,7949,0,0,0,0,0,0,0,0,0,0,0
241,天神碎片,0,0,0,17082,17064,0,0,0,0,0,0,0,0,0,0,0,0,0,0,0
261,艾斯卡达尔之魂,0,0,0,18203,18202,0,0,0,0,0,0,0,0,0,0,0,0,0,0,0
281,勇士的战甲,1,0,0,16509,16510,16513,16515,16514,16516,0,0,0,0,0,0,0,0,0,0,0
282,少校的战甲,1,0,0,16405,16406,16430,16431,16429,16432,0,0,0,0,0,0,0,0,0,0,0
301,勇士的震撼,1,0,0,16519,16518,16522,16523,16521,16524,0,0,0,0,0,0,0,0,0,0,0
321,君王板甲,0,0,0,12424,12426,12425,12422,12427,12429,12428,0,0,0,0,0,0,0,0,0,0
341,勇士的法衣,1,0,0,16485,16487,16491,16490,16489,16492,0,0,0,0,0,0,0,0,0,0,0
342,勇士的神服,1,0,0,17616,17617,17612,17611,17613,17610,0,0,0,0,0,0,0,0,0,0,0
343,少校的法衣,1,0,0,16369,16391,16413,16414,16416,16415,0,0,0,0,0,0,0,0,0,0,0
344,少校的神服,1,0,0,17594,17596,17600,17599,17598,17601,0,0,0,0,0,0,0,0,0,0,0
345,勇士的魔装,1,0,0,17576,17577,17572,17571,17570,17573,0,0,0,0,0,0,0,0,0,0,0
346,少校的魔装,1,0,0,17562,17564,17568,17567,17569,17566,0,0,0,0,0,0,0,0,0,0,0
347,勇士的制服,1,0,0,16498,16499,16505,16508,16506,16507,0,0,0,0,0,0,0,0,0,0,0
348,少校的制服,1,0,0,16392,16396,16417,16419,16420,16418,0,0,0,0,0,0,0,0,0,0,0
361,勇士的猎装,1,0,0,16531,16530,16525,16527,16526,16528,0,0,0,0,0,0,0,0,0,0,0
362,少校的猎装,1,0,0,16425,16426,16401,16403,16428,16427,0,0,0,0,0,0,0,0,0,0,0
381,少校的圣装,1,0,0,16423,16424,16422,16421,16393,16397,0,0,0,0,0,0,0,0,0,0,0
382,勇士的圣装,1,0,0,16494,16496,16504,16502,16503,16501,0,0,0,0,0,0,0,0,0,0,0
383,督军的战甲,1,0,0,16541,16542,16544,16545,16548,16543,0,0,0,0,0,0,0,0,0,0,0
384,元帅的战甲,1,0,0,16477,16478,16480,16483,16484,16479,0,0,0,0,0,0,0,0,0,0,0
386,督军的震撼,1,0,0,16577,16578,16580,16573,16574,16579,0,0,0,0,0,0,0,0,0,0,0
387,督军的法衣,1,0,0,16536,16533,16535,16539,16540,16534,0,0,0,0,0,0,0,0,0,0,0
388,元帅的法衣,1,0,0,16441,16444,16443,16437,16440,16442,0,0,0,0,0,0,0,0,0,0,0
389,元帅的神服,1,0,0,17604,17603,17605,17608,17607,17602,0,0,0,0,0,0,0,0,0,0,0
390,督军的神服,1,0,0,17623,17625,17622,17624,17618,17620,0,0,0,0,0,0,0,0,0,0,0
391,督军的魔装,1,0,0,17586,17588,17593,17591,17590,17592,0,0,0,0,0,0,0,0,0,0,0
392,元帅的魔装,1,0,0,17581,17580,17583,17584,17579,17578,0,0,0,0,0,0,0,0,0,0,0
393,督军的制服,1,0,0,16563,16561,16562,16564,16560,16558,0,0,0,0,0,0,0,0,0,0,0
394,元帅的制服,1,0,0,16453,16457,16455,16446,16454,16456,0,0,0,0,0,0,0,0,0,0,0
395,元帅的猎装,1,0,0,16466,16465,16468,16462,16463,16467,0,0,0,0,0,0,0,0,0,0,0
396,督军的猎装,1,0,0,16569,16571,16567,16565,16566,16568,0,0,0,0,0,0,0,0,0,0,0
397,元帅的圣装,1,0,0,16452,16451,16449,16459,16448,16450,0,0,0,0,0,0,0,0,0,0,0
398,督军的圣装,1,0,0,16554,16555,16552,16551,16549,16550,0,0,0,0,0,0,0,0,0,0,0
401,少校的庇护,1,0,0,16410,16409,16433,16435,16434,16436,0,0,0,0,0,0,0,0,0,0,0
402,元帅的庇护,1,0,0,16473,16474,16476,16472,16471,16475,0,0,0,0,0,0,0,0,0,0,0
421,血藤,0,197,300,19682,19683,19684,0,0,0,0,0,0,0,0,0,0,0,0,0,0
441,原始蝙蝠皮套装,0,165,300,19685,19687,19686,0,0,0,0,0,0,0,0,0,0,0,0,0,0
442,血虎,0,165,300,19688,19689,0,0,0,0,0,0,0,0,0,0,0,0,0,0,0
443,血魂的拥抱,0,0,0,19690,19691,19692,0,0,0,0,0,0,0,0,0,0,0,0,0,0
444,黑暗之魂,0,164,300,19693,19694,19695,0,0,0,0,0,0,0,0,0,0,0,0,0,0
461,哈卡莱双刃,0,0,0,19865,19866,0,0,0,0,0,0,0,0,0,0,0,0,0,0,0
462,赞吉尔的专注,0,0,0,19893,19905,0,0,0,0,0,0,0,0,0,0,0,0,0,0,0
463,原始祝福,1,0,0,19896,19910,0,0,0,0,0,0,0,0,0,0,0,0,0,0,0
464,督军的决心,0,0,0,19873,19912,0,0,0,0,0,0,0,0,0,0,0,0,0,0,0
465,远古祷言,0,0,0,19863,19920,0,0,0,0,0,0,0,0,0,0,0,0,0,0,0
466,极效魔精套装,0,0,0,19898,19925,0,0,0,0,0,0,0,0,0,0,0,0,0,0,0
467,高地人的决心,0,0,0,20041,20048,20057,0,0,0,0,0,0,0,0,0,0,0,0,0,0
468,高地人的执著,0,0,0,20042,20049,20058,0,0,0,0,0,0,0,0,0,0,0,0,0,0
469,高地人的果断,0,0,0,20043,20050,20055,0,0,0,0,0,0,0,0,0,0,0,0,0,0
470,高地人的坚韧,0,0,0,20044,20051,20056,0,0,0,0,0,0,0,0,0,0,0,0,0,0
471,高地人的毅力,0,0,0,20052,20045,20059,0,0,0,0,0,0,0,0,0,0,0,0,0,0
472,高地人的意志,0,0,0,20053,20046,20060,0,0,0,0,0,0,0,0,0,0,0,0,0,0
473,高地人的专注,0,0,0,20054,20047,20061,0,0,0,0,0,0,0,0,0,0,0,0,0,0
474,辩护者重甲,1,0,0,19951,19577,19824,19823,19822,0,0,0,0,0,0,0,0,0,0,0,0
475,思考者护甲,1,0,0,19952,19588,19827,19826,19825,0,0,0,0,0,0,0,0,0,0,0,0
476,预言者套装,1,0,0,19609,19956,19830,19829,19828,0,0,0,0,0,0,0,0,0,0,0,0
477,捕猎者套装,1,0,0,19621,19953,19833,19832,19831,0,0,0,0,0,0,0,0,0,0,0,0
478,狂妄者套装,1,0,0,19617,19954,19836,19835,19834,0,0,0,0,0,0,0,0,0,0,0,0
479,占卜师套装,1,0,0,19613,19955,19840,19839,19838,0,0,0,0,0,0,0,0,0,0,0,0
480,忏悔者衣饰,1,0,0,19594,19958,19843,19842,19841,0,0,0,0,0,0,0,0,0,0,0,0
481,恶魔师护甲,1,0,0,19605,19957,19848,19849,20033,0,0,0,0,0,0,0,0,0,0,0,0
482,幻术师套装,1,0,0,19601,19959,19846,19845,20034,0,0,0,0,0,0,0,0,0,0,0,0
483,污染者的果断,0,0,0,20158,20154,20150,0,0,0,0,0,0,0,0,0,0,0,0,0,0
484,污染者的坚韧,0,0,0,20195,20199,20203,0,0,0,0,0,0,0,0,0,0,0,0,0,0
485,污染者的专注,0,0,0,20176,20159,20163,0,0,0,0,0,0,0,0,0,0,0,0,0,0
486,污染者的毅力,0,0,0,20186,20190,20194,0,0,0,0,0,0,0,0,0,0,0,0,0,0
487,污染者的决心,0,0,0,20204,20208,20212,0,0,0,0,0,0,0,0,0,0,0,0,0,0
488,污染者的意志,0,0,0,20167,20171,20175,0,0,0,0,0,0,0,0,0,0,0,0,0,0
489,黑龙锁甲,0,0,0,16984,15050,15052,15051,0,0,0,0,0,0,0,0,0,0,0,0,0
490,绿龙锁甲,0,0,0,15045,15046,20296,0,0,0,0,0,0,0,0,0,0,0,0,0,0
491,蓝龙锁甲,0,0,0,15048,20295,15049,0,0,0,0,0,0,0,0,0,0,0,0,0,0
492,暮光套装,0,0,0,20406,20408,20407,0,0,0,0,0,0,0,0,0,0,0,0,0,0
493,起源套装,1,0,0,21355,21353,21354,21356,21357,0,0,0,0,0,0,0,0,0,0,0,0
494,不灭的生命,1,0,0,21408,21409,21407,0,0,0,0,0,0,0,0,0,0,0,0,0,0
495,坚定的力量,1,0,0,21394,21392,21393,0,0,0,0,0,0,0,0,0,0,0,0,0,0
496,征服者,1,0,0,21331,21329,21333,21332,0,21330,0,0,0,0,0,0,0,0,0,0,0
497,死亡执行者的拥抱,1,0,0,0,21359,21360,21361,21362,21364,0,0,0,0,0,0,0,0,0,0,0
498,笼罩之阴影,1,0,0,21405,21406,21404,0,0,0,0,0,0,0,0,0,0,0,0,0,0
499,厄运召唤者,1,0,0,21337,21338,21335,21334,21336,0,0,0,0,0,0,0,0,0,0,0,0
500,禁断的邪语,1,0,0,21416,21417,21418,0,0,0,0,0,0,0,0,0,0,0,0,0,0
501,风暴召唤者,1,0,0,21372,21373,21374,21375,21376,0,0,0,0,0,0,0,0,0,0,0,0
502,聚集的风暴,1,0,0,21400,21398,21399,0,0,0,0,0,0,0,0,0,0,0,0,0,0
503,神秘套装,1,0,0,21344,21347,21346,21343,21345,0,0,0,0,0,0,0,0,0,0,0,0
504,魔法的秘密,1,0,0,21414,21413,21415,0,0,0,0,0,0,0,0,0,0,0,0,0,0
505,复仇者,1,0,0,21389,21387,21388,21390,21391,0,0,0,0,0,0,0,0,0,0,0,0
506,永恒的公正,1,0,0,21397,21395,21396,0,0,0,0,0,0,0,0,0,0,0,0,0,0
507,神谕者,1,0,0,21349,21350,21348,21352,21351,0,0,0,0,0,0,0,0,0,0,0,0
508,无尽的智慧,1,0,0,21410,21411,21412,0,0,0,0,0,0,0,0,0,0,0,0,0,0
509,攻击者,1,0,0,21366,21365,21370,21368,21367,0,0,0,0,0,0,0,0,0,0,0,0
510,隐秘的通途,1,0,0,21403,21401,21402,0,0,0,0,0,0,0,0,0,0,0,0,0,0
511,英勇,0,0,0,21994,21995,21996,21997,21998,21999,22000,22001,0,0,0,0,0,0,0,0,0
512,暗幕,0,0,0,22002,22003,22004,22005,22006,22007,22008,22009,0,0,0,0,0,0,0,0,0
513,狂野之心,0,0,0,22106,22107,22108,22109,22110,22111,22112,22113,0,0,0,0,0,0,0,0,0
514,坚贞,0,0,0,22078,22079,22080,22081,22082,22083,22084,22085,0,0,0,0,0,0,0,0,0
515,兽王,0,0,0,22010,22011,22061,22013,22015,22016,22017,22060,0,0,0,0,0,0,0,0,0
516,魂铸,0,0,0,22086,22087,22088,22089,22090,22091,22092,22093,0,0,0,0,0,0,0,0,0
517,巫师,0,0,0,22062,22063,22064,22065,22066,22067,22068,22069,0,0,0,0,0,0,0,0,0
518,死雾,0,0,0,22070,22071,22072,22073,22074,22075,22076,22077,0,0,0,0,0,0,0,0,0
519,五雷,0,0,0,22095,22096,22097,22098,22099,22100,22101,22102,0,0,0,0,0,0,0,0,0
520,铁纹作战套装,0,0,0,22306,22311,22313,22302,22304,22305,22303,22301,0,0,0,0,0,0,0,0,0
521,梦游者,1,0,0,22492,22494,22493,22490,22489,22491,22488,22495,23064,0,0,0,0,0,0,0,0
522,勇士的套装,1,0,0,22864,22856,22879,22880,23257,23258,0,0,0,0,0,0,0,0,0,0,0
523,无畏,1,0,0,22423,22416,22421,22422,22418,22417,22419,22420,0,23059,0,0,0,0,0,0,0
524,骨镰,1,0,0,22483,22476,22481,22478,22477,22479,22480,22482,23060,0,0,0,0,0,0,0,0
525,信仰,1,0,0,22518,22519,22514,22517,22513,22512,22516,22515,23061,0,0,0,0,0,0,0,0
526,霜火,1,0,0,22502,22503,22498,22501,22497,22496,22500,22499,23062,0,0,0,0,0,0,0,0
527,碎地者,1,0,0,22468,22470,22469,22466,22465,22467,22464,22471,23065,0,0,0,0,0,0,0,0
528,救赎,1,0,0,22430,22431,22426,22428,22427,22429,22425,22424,23066,0,0,0,0,0,0,0,0
529,瘟疫之心,1,0,0,22510,22511,22506,22509,22505,22504,22508,22507,23063,0,0,0,0,0,0,0,0
530,地穴追猎者,1,0,0,22440,22442,22441,22438,22437,22439,22436,22443,23067,0,0,0,0,0,0,0,0
533,亡灵毁灭者,0,0,0,23090,23087,23078,0,0,0,0,0,0,0,0,0,0,0,0,0,0
534,亡灵屠戮者的护甲,0,0,0,23081,23089,23093,0,0,0,0,0,0,0,0,0,0,0,0,0,0
535,亡灵屠戮者的装备,0,0,0,23088,23082,23092,0,0,0,0,0,0,0,0,0,0,0,0,0,0
536,亡灵净化者,0,0,0,23091,23084,23085,0,0,0,0,0,0,0,0,0,0,0,0,0,0
537,勇士的战铠,1,0,0,22868,22858,22872,22873,23244,23243,0,0,0,0,0,0,0,0,0,0,0
538,勇士的风暴,1,0,0,22857,22867,22876,22887,23259,23260,0,0,0,0,0,0,0,0,0,0,0
539,勇士的庇护,1,0,0,22863,22852,22877,22878,23253,23254,0,0,0,0,0,0,0,0,0,0,0
540,勇士的授权,1,0,0,22869,22859,22882,22885,23261,23262,0,0,0,0,0,0,0,0,0,0,0
541,勇士的鬼纹,1,0,0,22865,22855,23255,23256,22881,22884,0,0,0,0,0,0,0,0,0,0,0
542,勇士的秘密,1,0,0,22870,22860,23263,23264,22883,22886,0,0,0,0,0,0,0,0,0,0,0
543,勇士的职责,1,0,0,22843,22862,23251,23252,22874,22875,0,0,0,0,0,0,0,0,0,0,0
544,少校的壁垒,1,0,0,23272,23273,23274,23275,23276,23277,0,0,0,0,0,0,0,0,0,0,0
545,少校的战铠,1,0,0,23300,23301,23286,23287,23314,23315,0,0,0,0,0,0,0,0,0,0,0
546,少校的秘密,1,0,0,23304,23305,23290,23291,23318,23319,0,0,0,0,0,0,0,0,0,0,0
547,少校的鬼纹,1,0,0,23296,23297,23282,23283,23310,23311,0,0,0,0,0,0,0,0,0,0,0
548,少校的护卫,1,0,0,23298,23299,23284,23285,23312,23313,0,0,0,0,0,0,0,0,0,0,0
549,少校的授权,1,0,0,23302,23303,23288,23289,23316,23317,0,0,0,0,0,0,0,0,0,0,0
550,少校的职责,1,0,0,23292,23293,23278,23279,23306,23307,0,0,0,0,0,0,0,0,0,0,0
551,少校的庇护,1,0,0,23294,23295,23280,23281,23308,23309,0,0,0,0,0,0,0,0,0,0,0
552,魔焰之怒,0,0,0,21848,21847,21846,0,0,0,0,0,0,0,0,0,0,0,0,0,0
553,暗影之拥,0,0,0,21871,21869,21870,0,0,0,0,0,0,0,0,0,0,0,0,0,0
554,原始月布,0,0,0,21875,21874,21873,0,0,0,0,0,0,0,0,0,0,0,0,0,0
555,灵纹套装,0,0,0,21855,21854,21852,21851,21849,21853,21850,0,0,0,0,0,0,0,0,0,0
556,魔化灵纹套装,0,0,0,21862,21861,21859,21860,0,0,0,0,0,0,0,0,0,0,0,0,0
557,灵魂布之拥,0,0,0,21865,21864,21863,0,0,0,0,0,0,0,0,0,0,0,0,0,0
558,奥法交织套装,0,0,0,21868,21866,21867,0,0,0,0,0,0,0,0,0,0,0,0,0,0
559,法术打击,0,2539,50,24266,24262,0,0,0,0,0,0,0,0,0,0,0,0,0,0,0
560,魔铁板甲,0,0,0,23489,23488,23487,23482,23484,0,0,0,0,0,0,0,0,0,0,0,0
561,魔铁链甲,0,0,0,23490,23491,23493,23494,0,0,0,0,0,0,0,0,0,0,0,0,0
562,精金战甲,0,0,0,23507,23508,23506,0,0,0,0,0,0,0,0,0,0,0,0,0,0
563,魔化精金套装,0,0,0,23509,23512,23511,23510,0,0,0,0,0,0,0,0,0,0,0,0,0
564,烈焰卫士,0,0,0,23513,23516,23514,23515,0,0,0,0,0,0,0,0,0,0,0,0,0
565,氪金套装,0,2476,50,23523,23525,23524,0,0,0,0,0,0,0,0,0,0,0,0,0,0
566,钢铁之怒,0,164,350,23522,23521,23520,33173,0,0,0,0,0,0,0,0,0,0,0,0,0
567,角斗士的战甲,1,0,0,24544,24549,24545,24547,24546,0,0,0,0,0,0,0,0,0,0,0,0
568,角斗士的鬼纹,1,0,0,24556,24553,24555,24554,24552,0,0,0,0,0,0,0,0,0,0,0,0
569,魔钢的信仰,0,164,350,23519,23518,23517,0,0,0,0,0,0,0,0,0,0,0,0,0,0
570,不屈的力量,0,0,0,24255,24249,0,0,0,0,0,0,0,0,0,0,0,0,0,0,0
571,白色治愈,1,2539,50,24264,24261,0,0,0,0,0,0,0,0,0,0,0,0,0,0,0
572,战斗施法套装,0,2539,50,24267,24263,0,0,0,0,0,0,0,0,0,0,0,0,0,0,0
573,魔能之肤,0,2531,50,25685,25686,25687,0,0,0,0,0,0,0,0,0,0,0,0,0,0
574,裂蹄之力,0,2531,50,25691,25690,25689,0,0,0,0,0,0,0,0,0,0,0,0,0,0
575,魔能猎手,0,2531,50,25695,25697,25696,0,0,0,0,0,0,0,0,0,0,0,0,0,0
576,虚空之怒,0,165,350,25694,25693,25692,0,0,0,0,0,0,0,0,0,0,0,0,0,0
577,角斗士的套装,1,0,0,25834,25833,25830,25832,25831,0,0,0,0,0,0,0,0,0,0,0,0
578,角斗士的震撼,1,0,0,25997,26000,25998,26001,25999,0,0,0,0,0,0,0,0,0,0,0,0
579,角斗士的法衣,1,0,0,25854,25855,25857,25856,25858,0,0,0,0,0,0,0,0,0,0,0,0
580,角斗士的雷霆之拳,1,0,0,27469,27470,27471,27472,27473,0,0,0,0,0,0,0,0,0,0,0,0
581,角斗士的神服,1,0,0,27707,27708,27709,27710,27711,0,0,0,0,0,0,0,0,0,0,0,0
582,角斗士的保护,1,0,0,27702,27703,27704,27705,27706,0,0,0,0,0,0,0,0,0,0,0,0
583,角斗士的辩护,1,0,0,27879,27880,27881,27882,27883,0,0,0,0,0,0,0,0,0,0,0,0
584,角斗士的圣装,1,0,0,28126,28127,28128,28129,28130,0,0,0,0,0,0,0,0,0,0,0,0
585,角斗士的野性之皮,1,0,0,28136,28137,28138,28139,28140,0,0,0,0,0,0,0,0,0,0,0,0
586,角斗士的猎装,1,0,0,28334,28335,28331,28332,28333,0,0,0,0,0,0,0,0,0,0,0,0
587,高阶督军的保护,1,0,0,28831,28832,28833,28834,28835,0,0,0,0,0,0,0,0,0,0,0,0
588,高阶督军的战甲,1,0,0,28851,28852,28853,28854,28855,0,0,0,0,0,0,0,0,0,0,0,0
589,大元帅的保护,1,0,0,28679,28680,28681,28724,28683,0,0,0,0,0,0,0,0,0,0,0,0
590,大元帅的战甲,1,0,0,28699,28700,28701,28702,28703,0,0,0,0,0,0,0,0,0,0,0,0
591,大元帅的鬼纹,1,0,0,28624,28625,28626,28627,28628,0,0,0,0,0,0,0,0,0,0,0,0
592,高阶督军的鬼纹,1,0,0,28817,28818,28819,28820,28821,0,0,0,0,0,0,0,0,0,0,0,0
593,大元帅的震撼,1,0,0,28689,28690,28691,28692,28693,0,0,0,0,0,0,0,0,0,0,0,0
594,高阶督军的震撼,1,0,0,28841,28842,28843,28844,28845,0,0,0,0,0,0,0,0,0,0,0,0
595,大元帅的猎装,1,0,0,28613,28614,28615,28616,28617,0,0,0,0,0,0,0,0,0,0,0,0
596,高阶督军的猎装,1,0,0,28805,28806,28807,28808,28809,0,0,0,0,0,0,0,0,0,0,0,0
597,大元帅的神服,1,0,0,28704,28705,28706,28707,28708,0,0,0,0,0,0,0,0,0,0,0,0
598,高阶督军的神服,1,0,0,28856,28857,28858,28859,28860,0,0,0,0,0,0,0,0,0,0,0,0
599,大元帅的法衣,1,0,0,28714,28715,28716,28717,28718,0,0,0,0,0,0,0,0,0,0,0,0
600,高阶督军的法衣,1,0,0,28866,28867,28868,28869,28870,0,0,0,0,0,0,0,0,0,0,0,0
601,大元帅的圣装,1,0,0,28618,28619,28620,28622,28623,0,0,0,0,0,0,0,0,0,0,0,0
602,高阶督军的圣装,1,0,0,28811,28812,28813,28814,28815,0,0,0,0,0,0,0,0,0,0,0,0
603,大元帅的雷霆之拳,1,0,0,28694,28695,28696,28697,28698,0,0,0,0,0,0,0,0,0,0,0,0
604,高阶督军的雷霆之拳,1,0,0,28846,28847,28848,28849,28850,0,0,0,0,0,0,0,0,0,0,0,0
605,大元帅的制服,1,0,0,28684,28685,28686,28687,28688,0,0,0,0,0,0,0,0,0,0,0,0
606,高阶督军的制服,1,0,0,28836,28837,28838,28839,28840,0,0,0,0,0,0,0,0,0,0,0,0
607,大元帅的辩护,1,0,0,28709,28710,28711,28712,28713,0,0,0,0,0,0,0,0,0,0,0,0
608,高阶督军的辩护,1,0,0,28861,28862,28863,28864,28865,0,0,0,0,0,0,0,0,0,0,0,0
609,大元帅的野性之皮,1,0,0,28719,28720,28721,28722,28723,0,0,0,0,0,0,0,0,0,0,0,0
610,高阶督军的野性之皮,1,0,0,28871,28872,28873,28874,28875,0,0,0,0,0,0,0,0,0,0,0,0
611,魔鳞套装,0,0,0,25657,25656,25655,25654,0,0,0,0,0,0,0,0,0,0,0,0,0
612,缀鳞德莱尼套装,0,0,0,25661,25659,25662,25660,0,0,0,0,0,0,0,0,0,0,0,0,0
613,厚重德莱尼套装,0,0,0,25668,25669,25670,25671,0,0,0,0,0,0,0,0,0,0,0,0,0
614,野性德莱尼套装,0,0,0,25673,25674,25675,25676,0,0,0,0,0,0,0,0,0,0,0,0,0
615,角斗士的魔能套装,1,0,0,30186,30187,30188,30200,30201,0,0,0,0,0,0,0,0,0,0,0,0
616,虚空之鳞,0,0,0,29516,29517,29515,0,0,0,0,0,0,0,0,0,0,0,0,0,0
617,虚空打击,0,0,0,29521,29520,29519,0,0,0,0,0,0,0,0,0,0,0,0,0,0
618,风鹰,0,0,0,29523,29524,29522,0,0,0,0,0,0,0,0,0,0,0,0,0,0
619,原始打击,0,0,0,29527,29526,29525,0,0,0,0,0,0,0,0,0,0,0,0,0,0
620,刺杀,1,0,0,27509,28414,27908,27776,28204,0,0,0,0,0,0,0,0,0,0,0,0
621,虚空刀锋,1,0,0,29046,29045,29044,29048,29047,0,0,0,0,0,0,0,0,0,0,0,0
622,死亡阴影,1,0,0,30144,30145,30146,30148,30149,0,0,0,0,0,0,0,0,0,0,0,0
623,正义,1,0,0,28203,27535,28285,27839,27739,0,0,0,0,0,0,0,0,0,0,0,0
624,公正圣装,1,0,0,29062,29061,29065,29063,29064,0,0,0,0,0,0,0,0,0,0,0,0
625,公正护甲,1,0,0,29066,29068,29067,29069,29070,0,0,0,0,0,0,0,0,0,0,0,0
626,公正战甲,1,0,0,29071,29073,29072,29074,29075,0,0,0,0,0,0,0,0,0,0,0,0
627,晶铸圣装,1,0,0,30134,30135,30136,30137,30138,0,0,0,0,0,0,0,0,0,0,0,0
628,晶铸护甲,1,0,0,30123,30125,30124,30126,30127,0,0,0,0,0,0,0,0,0,0,0,0
629,晶铸战甲,1,0,0,30129,30130,30132,30133,30131,0,0,0,0,0,0,0,0,0,0,0,0
630,潮汐之怒,1,0,0,28231,27510,28349,27909,27802,0,0,0,0,0,0,0,0,0,0,0,0
631,飓风圣装,1,0,0,29032,29029,29028,29030,29031,0,0,0,0,0,0,0,0,0,0,0,0
632,飓风法衣,1,0,0,29033,29035,29034,29036,29037,0,0,0,0,0,0,0,0,0,0,0,0
633,飓风甲胄,1,0,0,29038,29039,29040,29043,29042,0,0,0,0,0,0,0,0,0,0,0,0
634,灾难圣装,1,0,0,30164,30165,30166,30167,30168,0,0,0,0,0,0,0,0,0,0,0,0
635,灾难法衣,1,0,0,30169,30170,30171,30172,30173,0,0,0,0,0,0,0,0,0,0,0,0
636,灾难甲胄,1,0,0,30185,30189,30190,30192,30194,0,0,0,0,0,0,0,0,0,0,0,0
637,月光林地,0,0,0,28348,27468,27873,28202,27737,0,0,0,0,0,0,0,0,0,0,0,0
638,玛洛恩圣装,1,0,0,29087,29086,29090,29088,29089,0,0,0,0,0,0,0,0,0,0,0,0
639,玛洛恩法衣,1,0,0,29093,29094,29091,29092,29095,0,0,0,0,0,0,0,0,0,0,0,0
640,玛洛恩甲胄,1,0,0,29096,29097,29099,29100,29098,0,0,0,0,0,0,0,0,0,0,0,0
641,诺达希尔甲胄,1,0,0,30222,30223,30228,30229,30230,0,0,0,0,0,0,0,0,0,0,0,0
642,诺达希尔圣装,1,0,0,30216,30217,30219,30220,30221,0,0,0,0,0,0,0,0,0,0,0,0
643,诺达希尔法衣,1,0,0,30231,30232,30233,30234,30235,0,0,0,0,0,0,0,0,0,0,0,0
644,湮灭,1,0,0,27537,28415,28232,27778,27948,0,0,0,0,0,0,0,0,0,0,0,0
645,虚空之心,1,0,0,28963,28968,28966,28967,28964,0,0,0,0,0,0,0,0,0,0,0,0
646,腐蚀者,1,0,0,30211,30212,30213,30215,30214,0,0,0,0,0,0,0,0,0,0,0,0
647,魔咒师,1,0,0,28278,27508,27738,28229,27838,0,0,0,0,0,0,0,0,0,0,0,0
648,奥尔多魔装,1,0,0,29076,29080,29078,29079,29077,0,0,0,0,0,0,0,0,0,0,0,0
649,提瑞斯法,1,0,0,30206,30205,30207,30210,30196,0,0,0,0,0,0,0,0,0,0,0,0
650,巨兽之王,1,0,0,28228,27474,28275,27874,27801,0,0,0,0,0,0,0,0,0,0,0,0
651,恶魔追猎者,1,0,0,29085,29081,29083,29082,29084,0,0,0,0,0,0,0,0,0,0,0,0
652,裂隙追猎者,1,0,0,30139,30140,30141,30142,30143,0,0,0,0,0,0,0,0,0,0,0,0
653,鲁莽套装,1,0,0,28205,27475,27977,27803,28350,0,0,0,0,0,0,0,0,0,0,0,0
654,战神护甲,1,0,0,29012,29011,29017,29015,29016,0,0,0,0,0,0,0,0,0,0,0,0
655,战神战甲,1,0,0,29021,29019,29020,29022,29023,0,0,0,0,0,0,0,0,0,0,0,0
656,毁灭者护甲,1,0,0,30113,30115,30114,30116,30117,0,0,0,0,0,0,0,0,0,0,0,0
657,毁灭者战甲,1,0,0,30120,30118,30119,30121,30122,0,0,0,0,0,0,0,0,0,0,0,0
658,法力蚀刻魔装,0,0,0,28193,27465,27907,28191,27796,0,0,0,0,0,0,0,0,0,0,0,0
659,废土行者,0,0,0,28264,27531,28224,27837,27797,0,0,0,0,0,0,0,0,0,0,0,0
660,荒芜战甲,0,0,0,27936,28401,27528,28192,27713,0,0,0,0,0,0,0,0,0,0,0,0
661,末日板甲,0,0,0,28403,27497,28225,27870,27771,0,0,0,0,0,0,0,0,0,0,0,0
662,圣徒,1,0,0,28413,28230,27536,27775,27875,0,0,0,0,0,0,0,0,0,0,0,0
663,化身圣装,1,0,0,29055,29049,29054,29050,29053,0,0,0,0,0,0,0,0,0,0,0,0
664,化身法衣,1,0,0,29057,29059,29056,29058,29060,0,0,0,0,0,0,0,0,0,0,0,0
665,神使圣装,1,0,0,30153,30152,30151,30154,30150,0,0,0,0,0,0,0,0,0,0,0,0
666,神使法衣,1,0,0,30160,30161,30162,30159,30163,0,0,0,0,0,0,0,0,0,0,0,0
667,双子星,0,0,0,31339,31338,0,0,0,0,0,0,0,0,0,0,0,0,0,0,0
668,刺杀者,1,0,0,31028,31026,31027,31029,31030,34575,34448,34558,0,0,0,0,0,0,0,0,0
669,戈隆追猎者,1,0,0,31004,31001,31003,31005,31006,34549,34443,34570,0,0,0,0,0,0,0,0,0
670,凶星,1,0,0,31050,31051,31053,31054,31052,34564,34436,34541,0,0,0,0,0,0,0,0,0
671,风暴,1,0,0,31056,31055,31058,31059,31057,34574,34447,34557,0,0,0,0,0,0,0,0,0
672,冲锋战甲,1,0,0,30972,30975,30969,30977,30979,34546,34441,34569,0,0,0,0,0,0,0,0,0
673,冲锋护甲,1,0,0,30976,30974,30970,30978,30980,34568,34442,34547,0,0,0,0,0,0,0,0,0
674,赦免法衣,1,0,0,31061,31064,31067,31070,31065,34434,34528,34563,0,0,0,0,0,0,0,0,0
675,赦免圣装,1,0,0,31068,31063,31060,31069,31066,34562,34527,34435,0,0,0,0,0,0,0,0,0
676,雷霆之心甲胄,1,0,0,31042,31034,31039,31044,31048,34556,34444,34573,0,0,0,0,0,0,0,0,0
677,雷霆之心法衣,1,0,0,31043,31035,31040,31046,31049,34572,34446,34555,0,0,0,0,0,0,0,0,0
678,雷霆之心圣服,1,0,0,31041,31032,31037,31045,31047,34571,34445,34554,0,0,0,0,0,0,0,0,0
679,光明使者护甲,1,0,0,30991,30987,30985,30995,30998,34488,34433,34560,0,0,0,0,0,0,0,0,0
680,光明使者战甲,1,0,0,30990,30982,30993,30997,30989,34561,34431,34485,0,0,0,0,0,0,0,0,0
681,光明使者圣服,1,0,0,30992,30983,30988,30994,30996,34432,34487,34559,0,0,0,0,0,0,0,0,0
682,破天甲胄,1,0,0,31018,31011,31015,31021,31024,34567,34439,34545,0,0,0,0,0,0,0,0,0
683,破天圣服,1,0,0,31016,31007,31012,31019,31022,34543,34438,34565,0,0,0,0,0,0,0,0,0
684,破天法衣,1,0,0,31017,31008,31014,31020,31023,34542,34437,34566,0,0,0,0,0,0,0,0,0
685,角斗士的庇护,1,0,0,31375,31376,31377,31378,31379,0,0,0,0,0,0,0,0,0,0,0,0
686,角斗士的战争之潮,1,0,0,31396,31397,31400,31406,31407,0,0,0,0,0,0,0,0,0,0,0,0
687,角斗士的天职,1,0,0,31409,31410,31411,31412,31413,0,0,0,0,0,0,0,0,0,0,0,0
688,大元帅的庇护,1,0,0,31589,31590,31591,31592,31593,0,0,0,0,0,0,0,0,0,0,0,0
689,高阶督军的庇护,1,0,0,31584,31585,31586,31587,31588,0,0,0,0,0,0,0,0,0,0,0,0
690,角斗士的救赎,1,0,0,31613,31614,31616,31618,31619,0,0,0,0,0,0,0,0,0,0,0,0
691,大元帅的天职,1,0,0,31622,31623,31620,31624,31625,0,0,0,0,0,0,0,0,0,0,0,0
692,高阶督军的天职,1,0,0,31626,31627,31621,31628,31629,0,0,0,0,0,0,0,0,0,0,0,0
693,大元帅的救赎,1,0,0,31630,31631,31632,31633,31634,0,0,0,0,0,0,0,0,0,0,0,0
694,高阶督军的救赎,1,0,0,31635,31636,31637,31638,31639,0,0,0,0,0,0,0,0,0,0,0,0
695,大元帅的战争之潮,1,0,0,31640,31641,31642,31643,31644,0,0,0,0,0,0,0,0,0,0,0,0
696,高阶督军的战争之潮,1,0,0,31646,31647,31648,31649,31650,0,0,0,0,0,0,0,0,0,0,0,0
697,勇士的壁垒,1,0,0,29600,29601,29602,29603,29604,29605,0,0,0,0,0,0,0,0,0,0,0
698,督军的保护,1,0,0,29612,29613,29614,29615,29616,29617,0,0,0,0,0,0,0,0,0,0,0
699,埃辛诺斯双刃,0,0,0,32838,32837,0,0,0,0,0,0,0,0,0,0,0,0,0,0,0
700,残酷角斗士的保护,1,0,0,0,0,0,0,0,0,0,0,0,0,0,0,0,0,0,0,0
701,残酷角斗士的战甲,1,0,0,0,0,0,0,0,0,0,0,0,0,0,0,0,0,0,0,0
702,残酷角斗士的鬼纹,1,0,0,0,0,0,0,0,0,0,0,0,0,0,0,0,0,0,0,0
703,残酷角斗士的震撼,1,0,0,0,0,0,0,0,0,0,0,0,0,0,0,0,0,0,0,0
704,残酷角斗士的魔能套装,1,0,0,0,0,0,0,0,0,0,0,0,0,0,0,0,0,0,0,0
705,残酷角斗士的天职,1,0,0,0,0,0,0,0,0,0,0,0,0,0,0,0,0,0,0,0
706,残酷角斗士的猎装,1,0,0,0,0,0,0,0,0,0,0,0,0,0,0,0,0,0,0,0
707,残酷角斗士的神服,1,0,0,0,0,0,0,0,0,0,0,0,0,0,0,0,0,0,0,0
708,残酷角斗士的救赎,1,0,0,0,0,0,0,0,0,0,0,0,0,0,0,0,0,0,0,0
709,残酷角斗士的庇护,1,0,0,0,0,0,0,0,0,0,0,0,0,0,0,0,0,0,0,0
710,残酷角斗士的法衣,1,0,0,0,0,0,0,0,0,0,0,0,0,0,0,0,0,0,0,0
711,残酷角斗士的圣装,1,0,0,0,0,0,0,0,0,0,0,0,0,0,0,0,0,0,0,0
712,残酷角斗士的雷霆之拳,1,0,0,0,0,0,0,0,0,0,0,0,0,0,0,0,0,0,0,0
713,残酷角斗士的套装,1,0,0,0,0,0,0,0,0,0,0,0,0,0,0,0,0,0,0,0
714,残酷角斗士的辩护,1,0,0,0,0,0,0,0,0,0,0,0,0,0,0,0,0,0,0,0
715,残酷角斗士的战争之潮,1,0,0,0,0,0,0,0,0,0,0,0,0,0,0,0,0,0,0,0
716,残酷角斗士的野性之皮,1,0,0,0,0,0,0,0,0,0,0,0,0,0,0,0,0,0,0,0
717,元帅的震撼,1,0,0,29608,29606,29611,29609,29607,29610,0,0,0,0,0,0,0,0,0,0,0
718,少校的震撼,1,0,0,29599,29595,29597,29596,29598,29594,0,0,0,0,0,0,0,0,0,0,0
719,愤怒之拳,0,0,0,32946,32945,0,0,0,0,0,0,0,0,0,0,0,0,0,0,0
720,复仇角斗士的庇护,1,0,0,0,0,0,0,0,0,0,0,0,0,0,0,0,0,0,0,0
721,复仇角斗士的圣装,1,0,0,0,0,0,0,0,0,0,0,0,0,0,0,0,0,0,0,0
722,复仇角斗士的野性之皮,1,0,0,0,0,0,0,0,0,0,0,0,0,0,0,0,0,0,0,0
723,复仇角斗士的猎装,1,0,0,0,0,0,0,0,0,0,0,0,0,0,0,0,0,0,0,0
724,复仇角斗士的法衣,1,0,0,0,0,0,0,0,0,0,0,0,0,0,0,0,0,0,0,0
725,复仇角斗士的救赎,1,0,0,0,0,0,0,0,0,0,0,0,0,0,0,0,0,0,0,0
726,复仇角斗士的辩护,1,0,0,0,0,0,0,0,0,0,0,0,0,0,0,0,0,0,0,0
727,复仇角斗士的保护,1,0,0,0,0,0,0,0,0,0,0,0,0,0,0,0,0,0,0,0
728,复仇角斗士的天职,1,0,0,0,0,0,0,0,0,0,0,0,0,0,0,0,0,0,0,0
729,复仇角斗士的神服,1,0,0,0,0,0,0,0,0,0,0,0,0,0,0,0,0,0,0,0
730,复仇角斗士的套装,1,0,0,0,0,0,0,0,0,0,0,0,0,0,0,0,0,0,0,0
731,复仇角斗士的战争之潮,1,0,0,0,0,0,0,0,0,0,0,0,0,0,0,0,0,0,0,0
732,复仇角斗士的震撼,1,0,0,0,0,0,0,0,0,0,0,0,0,0,0,0,0,0,0,0
733,复仇角斗士的雷霆之拳,1,0,0,0,0,0,0,0,0,0,0,0,0,0,0,0,0,0,0,0
734,复仇角斗士的鬼纹,1,0,0,0,0,0,0,0,0,0,0,0,0,0,0,0,0,0,0,0
735,复仇角斗士的魔能套装,1,0,0,0,0,0,0,0,0,0,0,0,0,0,0,0,0,0,0,0
736,复仇角斗士的战甲,1,0,0,0,0,0,0,0,0,0,0,0,0,0,0,0,0,0,0,0
737,拉托恩的疾风,0,0,0,34703,28189,0,0,0,0,0,0,0,0,0,0,0,0,0,0,0
738,鬼纹战衣,0,0,0,35328,35329,35330,35331,35332,0,0,0,0,0,0,0,0,0,0,0,0
739,月布战衣,1,0,0,35333,35334,35335,35336,35337,0,0,0,0,0,0,0,0,0,0,0,0
740,绸缎战衣,1,0,0,35338,35339,35340,35341,35342,0,0,0,0,0,0,0,0,0,0,0,0
741,唤魔者的丝质战衣,0,0,0,35343,35344,35345,35346,35347,0,0,0,0,0,0,0,0,0,0,0,0
742,龙皮战甲,1,0,0,35356,35357,35358,35360,35359,0,0,0,0,0,0,0,0,0,0,0,0
743,蟒皮战甲,1,0,0,35371,35372,35373,35375,35374,0,0,0,0,0,0,0,0,0,0,0,0
744,科多皮战甲,1,0,0,35361,35362,35363,35365,35364,0,0,0,0,0,0,0,0,0,0,0,0
745,投机者的战甲,1,0,0,35366,35367,35368,35369,35370,0,0,0,0,0,0,0,0,0,0,0,0
746,先知的锁甲,1,0,0,35386,35387,35388,35389,35390,0,0,0,0,0,0,0,0,0,0,0,0
747,先知的环甲,1,0,0,35391,35392,35393,35394,35395,0,0,0,0,0,0,0,0,0,0,0,0
748,先知的鳞甲,1,0,0,35381,35382,35383,35384,35385,0,0,0,0,0,0,0,0,0,0,0,0
749,追猎者的锁甲,1,0,0,35376,35377,35378,35379,35380,0,0,0,0,0,0,0,0,0,0,0,0
750,野蛮板甲,1,0,0,35407,35408,35409,35410,35411,0,0,0,0,0,0,0,0,0,0,0,0
751,十字军的雕饰板甲,1,0,0,35402,35403,35404,35405,35406,0,0,0,0,0,0,0,0,0,0,0,0
752,十字军的板鳞甲,1,0,0,35412,35413,35414,35415,35416,0,0,0,0,0,0,0,0,0,0,0,0
754,北风的拥抱,0,0,0,38405,38404,38400,38403,38401,38402,38437,38433,0,0,0,0,0,0,0,0,0
755,蛛魔之巢,0,0,0,38418,38419,38420,38421,38422,38417,38439,38435,0,0,0,0,0,0,0,0,0
756,霜鳞套装,0,0,0,38412,38413,38414,38415,38416,38424,38436,38440,0,0,0,0,0,0,0,0,0
757,凝冰的拥抱,0,0,0,38406,38407,38408,38409,38410,38411,38434,38438,0,0,0,0,0,0,0,0,0
759,蕾妮的复仇,0,0,0,37758,37821,0,0,0,0,0,0,0,0,0,0,0,0,0,0,0
760,角斗士的恐怖板甲,1,0,0,40440,40441,40442,40443,40444,0,0,0,0,0,0,0,0,0,0,0,0
761,冬季套装,0,0,0,151792,21525,151790,21524,151791,0,0,0,0,0,0,0,0,0,0,0,0
762,美酒节套装,0,0,0,33862,33863,33868,33966,33969,33967,33864,33968,0,0,0,0,0,0,0,0,0
763,霜纹套装,0,0,0,41522,41520,44211,41521,41519,41515,41513,41512,0,0,0,0,0,0,0,0,0
764,暮纹套装,0,0,0,41543,41544,41545,41546,41548,41549,41550,41551,0,0,0,0,0,0,0,0,0
765,角斗士的战甲,1,0,0,42625,42626,42627,42628,42629,0,0,0,0,0,0,0,0,0,0,0,0
766,角斗士的辩护,1,0,0,42630,42631,42632,42633,42634,0,0,0,0,0,0,0,0,0,0,0,0
767,角斗士的救赎,1,0,0,42635,42636,42637,42638,42639,0,0,0,0,0,0,0,0,0,0,0,0
768,角斗士的亵渎,1,0,0,42654,42655,42656,42657,42658,0,0,0,0,0,0,0,0,0,0,0,0
769,角斗士的雷霆之拳,1,0,0,42659,42660,42661,42662,42663,0,0,0,0,0,0,0,0,0,0,0,0
770,角斗士的震撼,1,0,0,42669,42670,42671,42672,42673,0,0,0,0,0,0,0,0,0,0,0,0
771,角斗士的战争之潮,1,0,0,42664,42665,42666,42667,42668,0,0,0,0,0,0,0,0,0,0,0,0
772,角斗士的猎装,1,0,0,42674,42675,42676,42677,42678,0,0,0,0,0,0,0,0,0,0,0,0
773,角斗士的庇护,1,0,0,42680,42681,42682,42683,42684,0,0,0,0,0,0,0,0,0,0,0,0
774,角斗士的野性之皮,1,0,0,42685,42686,42687,42688,42689,0,0,0,0,0,0,0,0,0,0,0,0
775,角斗士的圣装,1,0,0,42690,42691,42692,42693,42694,0,0,0,0,0,0,0,0,0,0,0,0
776,角斗士的套装,1,0,0,42695,42696,42697,42698,42699,0,0,0,0,0,0,0,0,0,0,0,0
777,角斗士的天职,1,0,0,42703,42704,42705,42706,42707,0,0,0,0,0,0,0,0,0,0,0,0
778,角斗士的神服,1,0,0,42708,42709,42710,42711,42712,0,0,0,0,0,0,0,0,0,0,0,0
779,角斗士的法衣,1,0,0,42713,42714,42715,42716,42717,0,0,0,0,0,0,0,0,0,0,0,0
780,角斗士的魔能套装,1,0,0,42718,42719,42720,42721,42722,0,0,0,0,0,0,0,0,0,0,0,0
781,神圣的亡灵净化法衣,0,0,0,43073,43074,43075,43072,0,0,0,0,0,0,0,0,0,0,0,0,0
782,神圣的亡灵毁灭护甲,0,0,0,43078,43077,43079,43076,0,0,0,0,0,0,0,0,0,0,0,0,0
783,神圣的亡灵毁灭套装,0,0,0,43082,43081,43083,43080,0,0,0,0,0,0,0,0,0,0,0,0,0
784,神圣的亡灵毁灭战甲,0,0,0,43070,43068,43071,43069,0,0,0,0,0,0,0,0,0,0,0,0,0
785,仲夏节套装,0,0,0,23324,34685,34683,0,0,0,0,0,0,0,0,0,0,0,0,0,0
787,无畏铠甲,1,0,0,43740,43742,43743,43745,43747,0,0,0,0,0,0,0,0,0,0,0,0
788,无畏战甲,1,0,0,43739,43744,43746,43741,43748,0,0,0,0,0,0,0,0,0,0,0,0
789,救赎战甲,1,0,0,43794,43796,43801,43803,43805,0,0,0,0,0,0,0,0,0,0,0,0
790,救赎圣甲,1,0,0,43797,43798,43800,43806,43807,0,0,0,0,0,0,0,0,0,0,0,0
791,救赎铠甲,1,0,0,43793,43795,43799,43802,43804,0,0,0,0,0,0,0,0,0,0,0,0
792,天灾苦痛战甲,1,0,0,43809,43813,43815,43817,43819,0,0,0,0,0,0,0,0,0,0,0,0
793,天灾苦痛铠甲,1,0,0,43811,43812,43814,43816,43818,0,0,0,0,0,0,0,0,0,0,0,0
794,地穴追猎者战甲,1,0,0,43734,43735,43736,43737,43738,0,0,0,0,0,0,0,0,0,0,0,0
795,碎地者战甲,1,0,0,43762,43763,43765,43772,43776,0,0,0,0,0,0,0,0,0,0,0,0
796,碎地者套装,1,0,0,43764,43767,43769,43770,43773,0,0,0,0,0,0,0,0,0,0,0,0
797,碎地者法衣,1,0,0,43766,43768,43771,43774,43775,0,0,0,0,0,0,0,0,0,0,0,0
798,梦游者战甲,1,0,0,43751,43753,43756,43822,43758,0,0,0,0,0,0,0,0,0,0,0,0
799,梦游者法衣,1,0,0,43752,43754,43755,43759,43820,0,0,0,0,0,0,0,0,0,0,0,0
800,梦游者套装,1,0,0,43749,43750,43757,43760,43761,0,0,0,0,0,0,0,0,0,0,0,0
801,骨镰战甲,1,0,0,43727,43728,43729,43730,43731,0,0,0,0,0,0,0,0,0,0,0,0
802,瘟疫之心套装,1,0,0,43787,43788,43789,43790,43791,0,0,0,0,0,0,0,0,0,0,0,0
803,霜火套装,1,0,0,43777,43778,43779,43780,43781,0,0,0,0,0,0,0,0,0,0,0,0
804,信仰法衣,1,0,0,43733,43782,43784,43808,43810,0,0,0,0,0,0,0,0,0,0,0,0
805,信仰套装,1,0,0,43732,43783,43785,43786,43792,0,0,0,0,0,0,0,0,0,0,0,0
812,春季礼服,0,0,0,151804,6833,0,0,0,0,0,0,0,0,0,0,0,0,0,0,0
813,剔骨者战甲,0,0,0,43435,43434,43260,43436,43438,43433,43439,43437,0,0,0,0,0,0,0,0,0
814,精饰萨隆邪铁战甲,0,0,0,42723,42724,42725,42726,42727,42728,42730,42729,0,0,0,0,0,0,0,0,0
815,阴云战甲,0,0,0,43266,43273,43264,43263,43265,43261,43271,43262,0,0,0,0,0,0,0,0,0
816,野蛮萨隆邪铁战甲,0,0,0,41354,41349,41353,41347,41351,41350,41352,41348,0,0,0,0,0,0,0,0,0
817,雷革战甲,0,0,0,43450,43455,43454,43453,43456,43457,43451,43452,0,0,0,0,0,0,0,0,0
818,迅箭战甲,0,0,0,43442,43443,43444,43446,43445,43447,43448,43449,0,0,0,0,0,0,0,0,0
819,冰霜原始战甲,0,0,0,43969,43970,43974,43971,41516,43975,43972,43973,0,0,0,0,0,0,0,0,0
820,庇护战甲,1,0,0,46213,46216,46221,46224,46226,0,0,0,0,0,0,0,0,0,0,0,0
821,庇护板甲,1,0,0,46214,46215,46219,46222,46225,0,0,0,0,0,0,0,0,0,0,0,0
822,庇护魔装,1,0,0,46217,46218,46220,46227,46228,0,0,0,0,0,0,0,0,0,0,0,0
823,世界击碎者战甲,1,0,0,46293,46294,46296,46303,46307,0,0,0,0,0,0,0,0,0,0,0,0
824,世界击碎者魔装,1,0,0,46295,46298,46300,46301,46304,0,0,0,0,0,0,0,0,0,0,0,0
825,世界击碎者法衣,1,0,0,46297,46299,46302,46305,46306,0,0,0,0,0,0,0,0,0,0,0,0
826,恐怖利刃战甲,1,0,0,46288,46289,46290,46291,46292,0,0,0,0,0,0,0,0,0,0,0,0
827,夜歌战甲,1,0,0,46260,46262,46265,46267,46269,0,0,0,0,0,0,0,0,0,0,0,0
828,夜歌魔装,1,0,0,45350,46309,46266,46271,46272,0,0,0,0,0,0,0,0,0,0,0,0
829,夜歌法衣,1,0,0,46261,46263,46264,46268,46270,0,0,0,0,0,0,0,0,0,0,0,0
830,突围战甲,1,0,0,46278,46280,46282,46285,46287,0,0,0,0,0,0,0,0,0,0,0,0
831,突围板甲,1,0,0,46279,46281,46283,46284,46286,0,0,0,0,0,0,0,0,0,0,0,0
832,圣灵魔装,1,0,0,46230,46248,46255,46256,46257,0,0,0,0,0,0,0,0,0,0,0,0
833,圣灵法衣,1,0,0,46231,46247,46254,46258,46259,0,0,0,0,0,0,0,0,0,0,0,0
834,黑暗符印战甲,1,0,0,46232,46235,46237,46239,46241,0,0,0,0,0,0,0,0,0,0,0,0
835,黑暗符印板甲,1,0,0,46233,46234,46236,46238,46240,0,0,0,0,0,0,0,0,0,0,0,0
836,肯瑞托,1,0,0,46249,46250,46251,46252,46253,0,0,0,0,0,0,0,0,0,0,0,0
837,死亡信使,1,0,0,46242,46243,46244,46245,46246,0,0,0,0,0,0,0,0,0,0,0,0
838,天灾追猎者,1,0,0,46273,46274,46275,46276,46277,0,0,0,0,0,0,0,0,0,0,0,0
842,超酷派对套装,0,0,0,47164,47166,47163,0,0,0,0,0,0,0,0,0,0,0,0,0,0
843,卡德加的法衣,1,0,0,48725,48726,48727,48728,48729,0,0,0,0,0,0,0,0,0,0,0,0
844,逐日者的法衣,1,0,0,48730,48731,48732,48733,48734,0,0,0,0,0,0,0,0,0,0,0,0
845,古尔丹的法衣,1,0,0,48735,48736,48737,48738,48739,0,0,0,0,0,0,0,0,0,0,0,0
846,克尔苏加德的法衣,1,0,0,48740,48741,48742,48743,48744,0,0,0,0,0,0,0,0,0,0,0,0
847,维伦的圣装,1,0,0,48745,48746,48747,48748,48749,0,0,0,0,0,0,0,0,0,0,0,0
848,萨布拉的圣装,1,0,0,48750,48751,48752,48753,48754,0,0,0,0,0,0,0,0,0,0,0,0
849,维伦的法衣,1,0,0,48755,48756,48757,48758,48759,0,0,0,0,0,0,0,0,0,0,0,0
850,萨布拉的法衣,1,0,0,48760,48761,48762,48763,48764,0,0,0,0,0,0,0,0,0,0,0,0
851,玛法里奥的圣装,1,0,0,48774,48775,48776,48777,48778,0,0,0,0,0,0,0,0,0,0,0,0
852,伊哈缪尔的圣装,1,0,0,48769,48770,48771,48772,48773,0,0,0,0,0,0,0,0,0,0,0,0
853,玛法里奥的法衣,1,0,0,48786,48787,48788,48789,48790,0,0,0,0,0,0,0,0,0,0,0,0
854,伊哈缪尔的法衣,1,0,0,48781,48782,48783,48784,48785,0,0,0,0,0,0,0,0,0,0,0,0
855,玛法里奥的战甲,1,0,0,48799,48800,48801,48802,48803,0,0,0,0,0,0,0,0,0,0,0,0
856,伊哈缪尔的战甲,1,0,0,48794,48795,48796,48797,48798,0,0,0,0,0,0,0,0,0,0,0,0
857,范克里夫的战甲,1,0,0,48809,48810,48811,48812,48813,0,0,0,0,0,0,0,0,0,0,0,0
858,迦罗娜的战甲,1,0,0,48804,48805,48806,48807,48808,0,0,0,0,0,0,0,0,0,0,0,0
859,风行者的战甲,1,0,0,48819,48820,48821,48822,48823,0,0,0,0,0,0,0,0,0,0,0,0
860,风行者的猎装,1,0,0,48814,48815,48816,48817,48818,0,0,0,0,0,0,0,0,0,0,0,0
861,努波顿的圣装,1,0,0,48824,48825,48826,48827,48828,0,0,0,0,0,0,0,0,0,0,0,0
862,萨尔的圣装,1,0,0,48829,48830,48831,48832,48833,0,0,0,0,0,0,0,0,0,0,0,0
863,萨尔的法衣,1,0,0,48841,48842,48843,48844,48845,0,0,0,0,0,0,0,0,0,0,0,0
864,努波顿的法衣,1,0,0,48836,48837,48838,48839,48840,0,0,0,0,0,0,0,0,0,0,0,0
865,努波顿的战甲,1,0,0,48846,48847,48848,48849,48850,0,0,0,0,0,0,0,0,0,0,0,0
866,萨尔的战甲,1,0,0,48854,48855,48852,48853,48851,0,0,0,0,0,0,0,0,0,0,0,0
867,乌瑞恩的战甲,1,0,0,48865,48866,48867,48868,48869,0,0,0,0,0,0,0,0,0,0,0,0
868,地狱咆哮的战甲,1,0,0,48860,48861,48862,48863,48864,0,0,0,0,0,0,0,0,0,0,0,0
869,乌瑞恩的铠甲,1,0,0,48875,48876,48877,48878,48879,0,0,0,0,0,0,0,0,0,0,0,0
870,地狱咆哮的铠甲,1,0,0,48870,48871,48872,48873,48874,0,0,0,0,0,0,0,0,0,0,0,0
871,萨萨里安的战甲,1,0,0,48885,48886,48887,48888,48889,0,0,0,0,0,0,0,0,0,0,0,0
872,库尔迪拉的战甲,1,0,0,48880,48881,48882,48883,48884,0,0,0,0,0,0,0,0,0,0,0,0
873,萨萨里安的铠甲,1,0,0,48895,48896,48897,48898,48899,0,0,0,0,0,0,0,0,0,0,0,0
874,库尔迪拉的铠甲,1,0,0,48890,48891,48892,48893,48894,0,0,0,0,0,0,0,0,0,0,0,0
875,图拉扬的圣装,1,0,0,48904,48903,48902,48901,48900,0,0,0,0,0,0,0,0,0,0,0,0
876,莉亚德琳的圣装,1,0,0,48909,48908,48907,48906,48905,0,0,0,0,0,0,0,0,0,0,0,0
877,图拉扬的战甲,1,0,0,48915,48916,48917,48918,48919,0,0,0,0,0,0,0,0,0,0,0,0
878,莉亚德琳的战甲,1,0,0,48910,48911,48912,48913,48914,0,0,0,0,0,0,0,0,0,0,0,0
879,图拉扬的铠甲,1,0,0,48927,48928,48929,48930,48931,0,0,0,0,0,0,0,0,0,0,0,0
880,莉亚德琳的铠甲,1,0,0,48922,48923,48924,48925,48926,0,0,0,0,0,0,0,0,0,0,0,0
881,纯净的天神碎片,0,0,0,49310,49463,0,0,0,0,0,0,0,0,0,0,0,0,0,0,0
882,闪亮的天神碎片,0,0,0,49488,49464,0,0,0,0,0,0,0,0,0,0,0,0,0,0,0
883,血法战衣,1,0,0,51716,51715,51714,51713,51712,0,0,0,0,0,0,0,0,0,0,0,0
884,黑巫法衣,1,0,0,51766,51765,51764,51763,51762,0,0,0,0,0,0,0,0,0,0,0,0
885,血色侍僧战衣,1,0,0,51732,51733,51734,51735,51736,0,0,0,0,0,0,0,0,0,0,0,0
886,血色侍僧法衣,1,0,0,51741,51740,51739,51738,51737,0,0,0,0,0,0,0,0,0,0,0,0
887,树纹套装,1,0,0,51696,51695,51694,51693,51692,0,0,0,0,0,0,0,0,0,0,0,0
888,树纹法衣,1,0,0,51706,51705,51704,51703,51702,0,0,0,0,0,0,0,0,0,0,0,0
889,树纹战甲,1,0,0,51701,51700,51699,51698,51697,0,0,0,0,0,0,0,0,0,0,0,0
890,影刃战甲,1,0,0,51746,51745,51744,51743,51742,0,0,0,0,0,0,0,0,0,0,0,0
891,安卡哈猎血战甲,1,0,0,51711,51710,51709,51708,51707,0,0,0,0,0,0,0,0,0,0,0,0
892,霜巫套装,1,0,0,51747,51748,51749,51750,51751,0,0,0,0,0,0,0,0,0,0,0,0
893,霜巫战衣,1,0,0,51757,51758,51759,51760,51761,0,0,0,0,0,0,0,0,0,0,0,0
894,霜巫战甲,1,0,0,51752,51753,51754,51755,51756,0,0,0,0,0,0,0,0,0,0,0,0
895,伊米亚之王战甲,1,0,0,51771,51770,51769,51768,51767,0,0,0,0,0,0,0,0,0,0,0,0
896,伊米亚之王战铠,1,0,0,51776,51775,51774,51773,51772,0,0,0,0,0,0,0,0,0,0,0,0
897,天灾领主战甲,1,0,0,51686,51685,51684,51683,51682,0,0,0,0,0,0,0,0,0,0,0,0
898,天灾领主战铠,1,0,0,51691,51690,51689,51688,51687,0,0,0,0,0,0,0,0,0,0,0,0
899,光誓套装,1,0,0,51726,51725,51724,51723,51722,0,0,0,0,0,0,0,0,0,0,0,0
900,光誓战甲,1,0,0,51721,51720,51719,51718,51717,0,0,0,0,0,0,0,0,0,0,0,0
901,光誓战铠,1,0,0,51731,51730,51729,51728,51727,0,0,0,0,0,0,0,0,0,0,0,0
908,污染者的决断,0,0,0,20184,20177,20181,0,0,0,0,0,0,0,0,0,0,0,0,0,0
909,角斗士的战甲,1,0,0,64947,64946,64945,64944,64943,0,0,0,0,0,0,0,0,0,0,0,0
910,角斗士的魔能套装,1,0,0,64977,64976,64975,64974,64973,0,0,0,0,0,0,0,0,0,0,0,0
911,角斗士的雷霆之拳,1,0,0,65156,65155,65154,65153,65152,0,0,0,0,0,0,0,0,0,0,0,0
912,角斗士的震撼,1,0,0,64962,64961,64960,64959,64958,0,0,0,0,0,0,0,0,0,0,0,0
913,角斗士的战争之潮,1,0,0,65151,65150,65149,65148,65147,0,0,0,0,0,0,0,0,0,0,0,0
914,角斗士的套装,1,0,0,64967,64966,64965,64964,64963,0,0,0,0,0,0,0,0,0,0,0,0
915,角斗士的神服,1,0,0,64942,64941,64940,64939,64938,0,0,0,0,0,0,0,0,0,0,0,0
916,角斗士的天职,1,0,0,64957,64956,64955,64954,64953,0,0,0,0,0,0,0,0,0,0,0,0
917,角斗士的辩护,1,0,0,64937,64936,64935,64934,64933,0,0,0,0,0,0,0,0,0,0,0,0
918,角斗士的救赎,1,0,0,64952,64951,64950,64949,64948,0,0,0,0,0,0,0,0,0,0,0,0
919,角斗士的法衣,1,0,0,64932,64931,64930,64929,64928,0,0,0,0,0,0,0,0,0,0,0,0
920,角斗士的猎装,1,0,0,64992,64991,64990,64989,64988,0,0,0,0,0,0,0,0,0,0,0,0
921,角斗士的野性之皮,1,0,0,64927,64926,64925,64924,64923,0,0,0,0,0,0,0,0,0,0,0,0
922,角斗士的圣装,1,0,0,64987,64986,64985,64984,64983,0,0,0,0,0,0,0,0,0,0,0,0
923,角斗士的庇护,1,0,0,64972,64971,64970,64969,64968,0,0,0,0,0,0,0,0,0,0,0,0
924,角斗士的亵渎,1,0,0,64982,64981,64980,64979,64978,0,0,0,0,0,0,0,0,0,0,0,0
925,熔岩板甲战甲,1,0,0,60339,60340,60341,60342,60343,0,0,0,0,0,0,0,0,0,0,0,0
926,熔岩板甲战铠,1,0,0,60349,60350,60351,60352,60353,0,0,0,0,0,0,0,0,0,0,0,0
927,风暴骑士战衣,1,0,0,60290,60286,60288,60287,60289,0,0,0,0,0,0,0,0,0,0,0,0
928,风暴骑士法衣,1,0,0,60280,60277,60278,60276,60279,0,0,0,0,0,0,0,0,0,0,0,0
929,风暴骑士魔装,1,0,0,60284,60281,60283,60282,60285,0,0,0,0,0,0,0,0,0,0,0,0
930,闪电充能战甲,1,0,0,60306,60305,60303,60307,60304,0,0,0,0,0,0,0,0,0,0,0,0
931,火焰之王法衣,1,0,0,60246,60244,60245,60243,60247,0,0,0,0,0,0,0,0,0,0,0,0
932,钢化碧晶战甲,1,0,0,60348,60347,60346,60345,60344,0,0,0,0,0,0,0,0,0,0,0,0
933,钢化碧晶圣铠,1,0,0,60362,60361,60359,60363,60360,0,0,0,0,0,0,0,0,0,0,0,0
934,钢化碧晶战铠,1,0,0,60358,60357,60356,60355,60354,0,0,0,0,0,0,0,0,0,0,0,0
935,水银法衣,1,0,0,60262,60259,60261,60258,60275,0,0,0,0,0,0,0,0,0,0,0,0
936,水银魔装,1,0,0,60253,60254,60255,60256,60257,0,0,0,0,0,0,0,0,0,0,0,0
937,风舞者套装,1,0,0,60302,60300,60299,60298,60301,0,0,0,0,0,0,0,0,0,0,0,0
938,狂暴元素法衣,1,0,0,60311,60310,60308,60312,60309,0,0,0,0,0,0,0,0,0,0,0,0
939,狂暴元素战衣,1,0,0,60322,60321,60320,60319,60318,0,0,0,0,0,0,0,0,0,0,0,0
940,狂暴元素魔装,1,0,0,60317,60316,60315,60314,60313,0,0,0,0,0,0,0,0,0,0,0,0
941,暗影烈焰魔装,1,0,0,60252,60251,60250,60249,60248,0,0,0,0,0,0,0,0,0,0,0,0
942,土灵战甲,1,0,0,60327,60324,60325,60326,60323,0,0,0,0,0,0,0,0,0,0,0,0
943,土灵战铠,1,0,0,60331,60330,60328,60332,60329,0,0,0,0,0,0,0,0,0,0,0,0
944,愈灵,0,0,0,54486,54485,54484,54483,54482,54481,54480,54479,0,0,0,0,0,0,0,0,0
945,亡语者,0,0,0,54478,54477,54476,54475,54474,54473,54472,54471,0,0,0,0,0,0,0,0,0
949,黑暗烙印,0,0,0,56513,56509,56505,56499,56495,56491,56484,56483,0,0,0,0,0,0,0,0,0
950,巨浪,0,0,0,56512,56508,56504,56498,56494,56490,56482,56481,0,0,0,0,0,0,0,0,0
951,痛苦与折磨,0,0,0,63538,63537,0,0,0,0,0,0,0,0,0,0,0,0,0,0,0
963,嗜血燃钢套装,1,0,0,70010,70005,70011,70004,70006,70007,70008,70009,0,0,0,0,0,0,0,0,0
964,嗜血精制燃钢套装,1,0,0,70018,70013,70019,70012,70014,70015,70016,70017,0,0,0,0,0,0,0,0,0
965,嗜血皮革套装,1,0,0,70020,70021,70022,70023,70024,70025,70026,70027,0,0,0,0,0,0,0,0,0
966,嗜血蟒皮套装,1,0,0,70028,70029,70030,70031,70032,70033,70034,70035,0,0,0,0,0,0,0,0,0
967,嗜血龙鳞套装,1,0,0,70036,70037,70038,70039,70040,70041,70042,70043,0,0,0,0,0,0,0,0,0
968,嗜血鳞片套装,1,0,0,70044,70045,70046,70047,70048,70049,70050,70051,0,0,0,0,0,0,0,0,0
969,嗜血烬丝套装,1,0,0,70062,70061,70063,70070,70067,70065,70066,70060,70064,0,0,0,0,0,0,0,0
970,嗜血织焰套装,1,0,0,70052,70053,70054,70055,70056,70057,70058,70059,0,0,0,0,0,0,0,0,0
1000,死亡源质战甲,1,0,0,71058,71059,71060,71061,71062,0,0,0,0,0,0,0,0,0,0,0,0
1001,死亡源质战甲,1,0,0,70951,70952,70953,70954,70955,0,0,0,0,0,0,0,0,0,0,0,0
1002,琉璃织木战衣,1,0,0,71097,71098,71099,71100,71101,0,0,0,0,0,0,0,0,0,0,0,0
1003,琉璃织木法衣,1,0,0,71107,71108,71109,71110,71111,0,0,0,0,0,0,0,0,0,0,0,0
1004,琉璃织木外套,1,0,0,71102,71103,71104,71105,71106,0,0,0,0,0,0,0,0,0,0,0,0
1005,火妖战甲,1,0,0,71050,71051,71052,71053,71054,0,0,0,0,0,0,0,0,0,0,0,0
1006,黑暗凤凰外套,1,0,0,71045,71046,71047,71048,71049,0,0,0,0,0,0,0,0,0,0,0,0
1007,火鹰的焚烧法袍,1,0,0,71290,71286,71287,71288,71289,0,0,0,0,0,0,0,0,0,0,0,0
1008,邪蛛的燃烧法衣,1,0,0,71281,71283,71282,71284,71285,0,0,0,0,0,0,0,0,0,0,0,0
1009,净化烈焰外套,1,0,0,71271,71272,71273,71274,71275,0,0,0,0,0,0,0,0,0,0,0,0
1010,净化烈焰法衣,1,0,0,71280,71279,71278,71277,71276,0,0,0,0,0,0,0,0,0,0,0,0
1011,神祭法衣,1,0,0,71095,71094,71093,71092,71091,0,0,0,0,0,0,0,0,0,0,0,0
1012,神祭战甲,1,0,0,71067,71066,71065,71064,71063,0,0,0,0,0,0,0,0,0,0,0,0
1013,神祭战铠,1,0,0,70946,70947,70948,70949,70950,0,0,0,0,0,0,0,0,0,0,0,0
1014,火山外套,1,0,0,71300,71299,71298,71297,71296,0,0,0,0,0,0,0,0,0,0,0,0
1015,火山战甲,1,0,0,71305,71304,71303,71302,71301,0,0,0,0,0,0,0,0,0,0,0,0
1016,火山法衣,1,0,0,71295,71294,71293,71292,71291,0,0,0,0,0,0,0,0,0,0,0,0
1017,熔火巨人战甲,1,0,0,71072,71071,71069,71068,71070,0,0,0,0,0,0,0,0,0,0,0,0
1018,熔火巨人战铠,1,0,0,70941,70942,70944,70943,70945,0,0,0,0,0,0,0,0,0,0,0,0
1056,死灵骨制护甲,1,0,0,77008,77009,77010,77011,77012,0,0,0,0,0,0,0,0,0,0,0,0
1057,死灵骨制战甲,1,0,0,76974,76975,76976,76977,76978,0,0,0,0,0,0,0,0,0,0,0,0
1058,地渊战袍,1,0,0,77013,77014,77015,77016,77017,0,0,0,0,0,0,0,0,0,0,0,0
1059,地渊法衣,1,0,0,77018,77019,77020,77021,77022,0,0,0,0,0,0,0,0,0,0,0,0
1060,地渊圣装,1,0,0,76749,76750,76751,76752,76753,0,0,0,0,0,0,0,0,0,0,0,0
1061,堕龙追猎者战甲,1,0,0,77028,77029,77030,77031,77032,0,0,0,0,0,0,0,0,0,0,0,0
1062,时光之主法衣,1,0,0,76212,76213,76214,76215,76216,0,0,0,0,0,0,0,0,0,0,0,0
1063,荣光圣铠,1,0,0,76765,76766,76767,76768,76769,0,0,0,0,0,0,0,0,0,0,0,0
1064,荣光战甲,1,0,0,76874,76875,76876,76877,76878,0,0,0,0,0,0,0,0,0,0,0,0
1065,荣光护甲,1,0,0,77003,77004,77005,77006,77007,0,0,0,0,0,0,0,0,0,0,0,0
1066,湮灭之光外套,1,0,0,76357,76358,76359,76360,76361,0,0,0,0,0,0,0,0,0,0,0,0
1067,湮灭之光法衣,1,0,0,76348,76347,76346,76345,76344,0,0,0,0,0,0,0,0,0,0,0,0
1068,黑牙织战护甲,1,0,0,77023,77024,77025,77026,77027,0,0,0,0,0,0,0,0,0,0,0,0
1069,灵魂行者祭袍,1,0,0,76756,76757,76758,76759,76760,0,0,0,0,0,0,0,0,0,0,0,0
1070,灵魂行者法衣,1,0,0,77039,77038,77037,77036,77035,0,0,0,0,0,0,0,0,0,0,0,0
1071,灵魂行者战甲,1,0,0,77040,77041,77042,77043,77044,0,0,0,0,0,0,0,0,0,0,0,0
1072,无面裹布外套,1,0,0,76343,76342,76341,76340,76339,0,0,0,0,0,0,0,0,0,0,0,0
1073,巨龙装甲战甲,1,0,0,76983,76984,76985,76986,76987,0,0,0,0,0,0,0,0,0,0,0,0
1074,巨龙装甲铠甲,1,0,0,76988,76989,76990,76991,76992,0,0,0,0,0,0,0,0,0,0,0,0
1087,龙父之牙,1,0,0,77949,77950,0,0,0,0,0,0,0,0,0,0,0,0,0,0,0
1088,湮灭之喉,1,0,0,77947,77948,0,0,0,0,0,0,0,0,0,0,0,0,0,0,0
1089,惩戒之颚,1,0,0,77945,77946,0,0,0,0,0,0,0,0,0,0,0,0,0,0,0
1104,角斗士的亵渎,1,0,0,88191,88192,88193,88194,88195,0,0,0,0,0,0,0,0,0,0,0,0
1105,角斗士的庇护,1,0,0,88201,88202,88203,88204,88205,0,0,0,0,0,0,0,0,0,0,0,0
1106,角斗士的圣装,1,0,0,88186,88187,88188,88189,88190,0,0,0,0,0,0,0,0,0,0,0,0
1107,角斗士的野性之皮,1,0,0,88256,88257,88258,88259,88260,0,0,0,0,0,0,0,0,0,0,0,0
1108,角斗士的猎装,1,0,0,88181,88182,88183,88184,88185,0,0,0,0,0,0,0,0,0,0,0,0
1109,角斗士的法衣,1,0,0,88253,88252,88255,88254,88251,0,0,0,0,0,0,0,0,0,0,0,0
1110,角斗士的救赎,1,0,0,88226,88227,88228,88229,88230,0,0,0,0,0,0,0,0,0,0,0,0
1111,角斗士的辩护,1,0,0,88246,88247,88248,88249,88250,0,0,0,0,0,0,0,0,0,0,0,0
1112,角斗士的天职,1,0,0,88221,88222,88223,88225,88224,0,0,0,0,0,0,0,0,0,0,0,0
1113,角斗士的套装,1,0,0,88210,88206,88207,88208,88209,0,0,0,0,0,0,0,0,0,0,0,0
1114,角斗士的战争之潮,1,0,0,88236,88237,88238,88239,88240,0,0,0,0,0,0,0,0,0,0,0,0
1115,角斗士的震撼,1,0,0,88211,88212,88213,88214,88215,0,0,0,0,0,0,0,0,0,0,0,0
1116,角斗士的雷霆之拳,1,0,0,88216,88217,88218,88219,88220,0,0,0,0,0,0,0,0,0,0,0,0
1117,角斗士的魔能套装,1,0,0,88198,88197,88200,88199,88196,0,0,0,0,0,0,0,0,0,0,0,0
1118,角斗士的战甲,1,0,0,88231,88232,88233,88234,88235,0,0,0,0,0,0,0,0,0,0,0,0
1119,角斗士的铜皮,1,0,0,88176,88177,88178,88179,88180,0,0,0,0,0,0,0,0,0,0,0,0
1120,角斗士的铁皮,1,0,0,88171,88172,88173,88174,88175,0,0,0,0,0,0,0,0,0,0,0,0
1121,斗者的防护,1,0,0,88575,88574,88573,88572,88571,88570,88569,88568,0,0,0,0,0,0,0,0,0
1123,失落坟冢战甲,1,0,0,85334,85335,85336,85337,85338,0,0,0,0,0,0,0,0,0,0,0,0
1124,失落坟冢护甲,1,0,0,85314,85315,85316,85317,85318,0,0,0,0,0,0,0,0,0,0,0,0
1125,锦绣套装,1,0,0,85354,85355,85356,85357,85358,0,0,0,0,0,0,0,0,0,0,0,0
1126,锦绣法衣,1,0,0,85304,85305,85306,85307,85308,0,0,0,0,0,0,0,0,0,0,0,0
1127,锦绣战甲,1,0,0,85309,85310,85311,85312,85313,0,0,0,0,0,0,0,0,0,0,0,0
1128,锦绣护甲,1,0,0,85383,85382,85381,85380,85379,0,0,0,0,0,0,0,0,0,0,0,0
1129,野牛人杀手战甲,1,0,0,85294,85295,85296,85297,85298,0,0,0,0,0,0,0,0,0,0,0,0
1130,燃卷法衣,1,0,0,85374,85375,85376,85377,85378,0,0,0,0,0,0,0,0,0,0,0,0
1131,朱鹤套装,1,0,0,85393,85392,85391,85390,85389,0,0,0,0,0,0,0,0,0,0,0,0
1132,朱鹤战甲,1,0,0,85398,85397,85396,85395,85394,0,0,0,0,0,0,0,0,0,0,0,0
1133,朱鹤护甲,1,0,0,85384,85385,85386,85387,85388,0,0,0,0,0,0,0,0,0,0,0,0
1134,白虎法衣,1,0,0,85344,85345,85346,85347,85348,0,0,0,0,0,0,0,0,0,0,0,0
1135,白虎战甲,1,0,0,85339,85340,85341,85342,85343,0,0,0,0,0,0,0,0,0,0,0,0
1136,白虎护甲,1,0,0,85319,85320,85321,85322,85323,0,0,0,0,0,0,0,0,0,0,0,0
1137,守护翔龙套装,1,0,0,85359,85360,85361,85362,85363,0,0,0,0,0,0,0,0,0,0,0,0
1138,守护翔龙法衣,1,0,0,85368,85367,85366,85365,85364,0,0,0,0,0,0,0,0,0,0,0,0
1139,千锻利刃战甲,1,0,0,85299,85300,85301,85302,85303,0,0,0,0,0,0,0,0,0,0,0,0
1140,火鸟套装,1,0,0,85349,85350,85351,85352,85353,0,0,0,0,0,0,0,0,0,0,0,0
1141,火鸟法衣,1,0,0,85293,85292,85291,85290,85289,0,0,0,0,0,0,0,0,0,0,0,0
1142,火鸟战甲,1,0,0,85284,85285,85286,85287,85288,0,0,0,0,0,0,0,0,0,0,0,0
1143,邪煞法衣,1,0,0,85373,85372,85371,85370,85369,0,0,0,0,0,0,0,0,0,0,0,0
1144,回响之环战甲,1,0,0,85329,85330,85331,85332,85333,0,0,0,0,0,0,0,0,0,0,0,0
1145,回响之环护甲,1,0,0,85324,85325,85326,85327,85328,0,0,0,0,0,0,0,0,0,0,0,0
1146,角斗士的圣装,1,0,0,88241,88242,88243,88245,88244,0,0,0,0,0,0,0,0,0,0,0,0
1147,烹饪传承,0,0,0,86468,86559,86558,0,0,0,0,0,0,0,0,0,0,0,0,0,0
1151,吞天之喉板甲,1,0,0,95230,95231,95232,95233,95234,0,0,0,0,0,0,0,0,0,0,0,0
1152,吞天之喉战甲,1,0,0,95225,95226,95227,95228,95229,0,0,0,0,0,0,0,0,0,0,0,0
1153,鬼林战甲,1,0,0,95235,95236,95237,95238,95239,0,0,0,0,0,0,0,0,0,0,0,0
1154,鬼林套装,1,0,0,95240,95241,95242,95243,95244,0,0,0,0,0,0,0,0,0,0,0,0
1155,鬼林法衣,1,0,0,95245,95246,95247,95248,95249,0,0,0,0,0,0,0,0,0,0,0,0
1156,鬼林护甲,1,0,0,95250,95251,95252,95253,95254,0,0,0,0,0,0,0,0,0,0,0,0
1157,蜥蜴人追猎者战甲,1,0,0,95255,95256,95257,95258,95259,0,0,0,0,0,0,0,0,0,0,0,0
1158,多彩九头蛇法衣,1,0,0,95260,95261,95262,95263,95264,0,0,0,0,0,0,0,0,0,0,0,0
1159,炎咒战甲,1,0,0,95265,95266,95267,95268,95269,0,0,0,0,0,0,0,0,0,0,0,0
1160,炎咒套装,1,0,0,95270,95271,95272,95273,95274,0,0,0,0,0,0,0,0,0,0,0,0
1161,炎咒护甲,1,0,0,95275,95276,95277,95278,95279,0,0,0,0,0,0,0,0,0,0,0,0
1162,闪电帝王战甲,1,0,0,95280,95281,95282,95283,95284,0,0,0,0,0,0,0,0,0,0,0,0
1163,闪电帝王套装,1,0,0,95285,95286,95287,95288,95289,0,0,0,0,0,0,0,0,0,0,0,0
1164,闪电帝王板甲,1,0,0,95290,95291,95292,95293,95294,0,0,0,0,0,0,0,0,0,0,0,0
1165,驱魔人套装,1,0,0,95295,95296,95297,95298,95299,0,0,0,0,0,0,0,0,0,0,0,0
1166,驱魔人法衣,1,0,0,95300,95301,95302,95303,95304,0,0,0,0,0,0,0,0,0,0,0,0
1167,九尾战甲,1,0,0,95305,95306,95307,95308,95309,0,0,0,0,0,0,0,0,0,0,0,0
1168,巫医祭袍,1,0,0,95310,95311,95312,95313,95314,0,0,0,0,0,0,0,0,0,0,0,0
1169,巫医战甲,1,0,0,95315,95316,95317,95318,95319,0,0,0,0,0,0,0,0,0,0,0,0
1170,巫医法衣,1,0,0,95320,95321,95322,95323,95324,0,0,0,0,0,0,0,0,0,0,0,0
1171,无间地狱法衣,1,0,0,95325,95326,95327,95328,95329,0,0,0,0,0,0,0,0,0,0,0,0
1172,魔古末裔战甲,1,0,0,95330,95331,95332,95333,95334,0,0,0,0,0,0,0,0,0,0,0,0
1173,魔古末裔板甲,1,0,0,95335,95336,95337,95338,95339,0,0,0,0,0,0,0,0,0,0,0,0
1179,上古屠夫护甲,1,0,0,99195,99196,99201,99202,99203,0,0,0,0,0,0,0,0,0,0,0,0
1180,上古屠夫战甲,1,0,0,99197,99198,99199,99200,99206,0,0,0,0,0,0,0,0,0,0,0,0
1181,恐角梦魇法袍,1,0,0,99096,99097,99098,99204,99205,0,0,0,0,0,0,0,0,0,0,0,0
1182,天神祥和法衣,1,0,0,99092,99093,99094,99095,99106,0,0,0,0,0,0,0,0,0,0,0,0
1183,天神祥和战甲,1,0,0,99101,99102,99103,99104,99105,0,0,0,0,0,0,0,0,0,0,0,0
1184,天神祥和祭服,1,0,0,99099,99100,99107,99108,99109,0,0,0,0,0,0,0,0,0,0,0,0
1185,荆棘刺客战甲,1,0,0,99113,99112,99114,99115,99116,0,0,0,0,0,0,0,0,0,0,0,0
1186,三重荣耀法衣,1,0,0,99123,99110,99111,99121,99122,0,0,0,0,0,0,0,0,0,0,0,0
1187,三重荣耀圣装,1,0,0,99117,99118,99119,99120,99131,0,0,0,0,0,0,0,0,0,0,0,0
1188,凯旋之翼护甲,1,0,0,99126,99127,99128,99129,99130,0,0,0,0,0,0,0,0,0,0,0,0
1189,凯旋之翼祭服,1,0,0,99133,99124,99125,99134,99135,0,0,0,0,0,0,0,0,0,0,0,0
1190,凯旋之翼战甲,1,0,0,99132,99136,99137,99138,99139,0,0,0,0,0,0,0,0,0,0,0,0
1191,七星圣印护甲,1,0,0,99142,99143,99144,99140,99141,0,0,0,0,0,0,0,0,0,0,0,0
1192,七星圣印法袍,1,0,0,99151,99147,99148,99149,99150,0,0,0,0,0,0,0,0,0,0,0,0
1193,七星圣印战甲,1,0,0,99154,99155,99156,99145,99146,0,0,0,0,0,0,0,0,0,0,0,0
1194,时空之主法袍,1,0,0,99152,99153,99160,99161,99162,0,0,0,0,0,0,0,0,0,0,0,0
1195,无懈警戒战甲,1,0,0,99157,99158,99159,99167,99168,0,0,0,0,0,0,0,0,0,0,0,0
1196,破碎山谷护甲,1,0,0,99163,99164,99165,99166,99170,0,0,0,0,0,0,0,0,0,0,0,0
1197,破碎山谷法袍,1,0,0,99169,99174,99175,99176,99177,0,0,0,0,0,0,0,0,0,0,0,0
1198,破碎山谷祭服,1,0,0,99171,99172,99173,99178,99185,0,0,0,0,0,0,0,0,0,0,0,0
1199,破碎山谷战甲,1,0,0,99180,99181,99182,99183,99184,0,0,0,0,0,0,0,0,0,0,0,0
1200,独眼恐惧战甲,1,0,0,99186,99187,99192,99193,99194,0,0,0,0,0,0,0,0,0,0,0,0
1201,独眼恐惧护甲,1,0,0,99179,99188,99189,99190,99191,0,0,0,0,0,0,0,0,0,0,0,0
1203,角斗士的荣耀,0,0,0,102481,102480,0,0,0,0,0,0,0,0,0,0,0,0,0,0,0
1219,6.0 test set,0,0,0,109278,109379,0,0,0,0,0,0,0,0,0,0,0,0,0,0,0
1220,角斗士的亵渎,0,0,0,127049,127071,127082,127093,127104,0,0,0,0,0,0,0,0,0,0,0,0
1221,角斗士的圣装,1,0,0,127063,127072,127083,127094,127105,0,0,0,0,0,0,0,0,0,0,0,0
1222,角斗士的猎装,1,0,0,127050,127073,127084,127095,127106,0,0,0,0,0,0,0,0,0,0,0,0
1223,角斗士的法衣,1,0,0,127064,127074,127085,127096,127107,0,0,0,0,0,0,0,0,0,0,0,0
1224,角斗士的铁皮,1,0,0,127051,127075,127086,127097,127108,0,0,0,0,0,0,0,0,0,0,0,0
1225,角斗士的辩护,1,0,0,127052,127076,127087,127098,127109,0,0,0,0,0,0,0,0,0,0,0,0
1226,角斗士的天职,1,0,0,127065,127077,127088,127099,127110,0,0,0,0,0,0,0,0,0,0,0,0
1227,角斗士的套装,1,0,0,127053,127078,127089,127100,127111,0,0,0,0,0,0,0,0,0,0,0,0
1228,角斗士的战争之潮,1,0,0,127054,127079,127090,127101,127112,0,0,0,0,0,0,0,0,0,0,0,0
1229,角斗士的魔能套装,1,0,0,127066,127080,127091,127102,127113,0,0,0,0,0,0,0,0,0,0,0,0
1230,角斗士的战甲,1,0,0,127055,127081,127092,127103,127114,0,0,0,0,0,0,0,0,0,0,0,0
1231,角斗士的荣耀,1,0,0,111305,111306,0,0,0,0,0,0,0,0,0,0,0,0,0,0,0
1233,活木战甲,1,0,0,115540,115541,115542,115543,115544,0,0,0,0,0,0,0,0,0,0,0,0
1234,魔颅骨板战甲,1,0,0,115535,115536,115537,115538,115539,0,0,0,0,0,0,0,0,0,0,0,0
1235,碎魔者法袍,1,0,0,115550,115551,115552,115553,115554,0,0,0,0,0,0,0,0,0,0,0,0
1236,飞龙追猎者战甲,1,0,0,115545,115546,115547,115548,115549,0,0,0,0,0,0,0,0,0,0,0,0
1237,阴郁凝视战甲,1,0,0,115555,115556,115557,115558,115559,0,0,0,0,0,0,0,0,0,0,0,0
1238,指引之光战甲,1,0,0,115565,115566,115567,115568,115569,0,0,0,0,0,0,0,0,0,0,0,0
1239,灵魂祭司法衣,1,0,0,115560,115561,115562,115563,115564,0,0,0,0,0,0,0,0,0,0,0,0
1240,施毒者战甲,1,0,0,115570,115571,115572,115573,115574,0,0,0,0,0,0,0,0,0,0,0,0
1241,风语者法袍,1,0,0,115575,115576,115577,115578,115579,0,0,0,0,0,0,0,0,0,0,0,0
1242,黑手的战甲,1,0,0,115580,115581,115582,115583,115584,0,0,0,0,0,0,0,0,0,0,0,0
1243,暗影议会法袍,1,0,0,115585,115586,115587,115588,115589,0,0,0,0,0,0,0,0,0,0,0,0
1244,战歌之威,1,0,0,118256,118257,0,0,0,0,0,0,0,0,0,0,0,0,0,0,0
1245,黑钢战铠,1,0,0,120396,120395,120394,120393,120392,120391,0,0,0,0,0,0,0,0,0,0,0
1246,灰链护具,1,0,0,120390,120389,120388,120387,120386,120385,0,0,0,0,0,0,0,0,0,0,0
1247,烬皮装束,1,0,0,120384,120383,120382,120381,120380,120379,0,0,0,0,0,0,0,0,0,0,0
1248,黯焰法衣,1,0,0,120378,120377,120376,120375,120374,120373,0,0,0,0,0,0,0,0,0,0,0
1249,恶魔凝视铠甲,1,0,0,124317,124327,124332,124338,124344,0,0,0,0,0,0,0,0,0,0,0,0
1250,誓言之爪战袍,1,0,0,124246,124255,124261,124267,124272,0,0,0,0,0,0,0,0,0,0,0,0
1251,魔法秘会法袍,1,0,0,124154,124160,124165,124171,124177,0,0,0,0,0,0,0,0,0,0,0,0
1252,飓风之眼战袍,1,0,0,124247,124256,124262,124268,124273,0,0,0,0,0,0,0,0,0,0,0,0
1253,狂猎战甲,1,0,0,124284,124292,124296,124301,124307,0,0,0,0,0,0,0,0,0,0,0,0
1254,不眠警戒护甲,1,0,0,124318,124328,124333,124339,124345,0,0,0,0,0,0,0,0,0,0,0,0
1255,虔敬祭服,1,0,0,124155,124161,124166,124172,124178,0,0,0,0,0,0,0,0,0,0,0,0
1256,魔刃护甲,1,0,0,124248,124257,124263,124269,124274,0,0,0,0,0,0,0,0,0,0,0,0
1257,山灵之拥,1,0,0,124293,124297,124302,124303,124308,0,0,0,0,0,0,0,0,0,0,0,0
1258,钢铁之怒战甲,1,0,0,124319,124329,124334,124340,124346,0,0,0,0,0,0,0,0,0,0,0,0
1259,哀鸣法袍,1,0,0,124156,124162,124167,124173,124179,0,0,0,0,0,0,0,0,0,0,0,0
1260,邪烟法衣,1,0,0,128052,128136,128128,128129,128124,128120,0,0,0,0,0,0,0,0,0,0,0
1261,铁皮护甲,1,0,0,128125,128054,128137,128130,128131,128121,0,0,0,0,0,0,0,0,0,0,0
1262,反噬血仇战甲,1,0,0,128126,128080,128138,128132,128133,128122,0,0,0,0,0,0,0,0,0,0,0
1263,屠魔者战甲,1,0,0,128127,128032,128139,128134,128135,128123,0,0,0,0,0,0,0,0,0,0,0
1265,Test [do not translate],0,0,0,0,0,0,0,0,0,0,0,0,0,0,0,0,0,0,0,0
1266,伊利达雷斩杀者,0,0,0,112458,129181,0,0,0,0,0,0,0,0,0,0,0,0,0,0,0
1267,邪能灌注,0,0,0,128956,132243,0,0,0,0,0,0,0,0,0,0,0,0,0,0,0
1268,鳞族之拥,0,0,0,132741,132739,132743,132742,132740,0,0,0,0,0,0,0,0,0,0,0,0
1269,死亡领主战铠,1,0,0,139673,139674,139675,139676,139677,139678,139679,139680,0,0,0,0,0,0,0,0,0
1270,破碎深渊战甲,1,0,0,139715,139716,139717,139718,139719,139720,139721,139722,0,0,0,0,0,0,0,0,0
1271,梦境林地长袍,1,0,0,139723,139724,139725,139726,139727,139728,139729,139730,0,0,0,0,0,0,0,0,0
1272,隐秘通途的伪装,1,0,0,139707,139708,139709,139710,139711,139712,139713,139714,0,0,0,0,0,0,0,0,0
1273,提瑞斯秘法会战袍,1,0,0,139751,139747,139748,139749,139750,139752,139753,139754,0,0,0,0,0,0,0,0,0
1274,大宗师的盛装,1,0,0,139731,139732,139733,139734,139735,139736,139737,139738,0,0,0,0,0,0,0,0,0
1275,白银之手战铠,1,0,0,139690,139691,139692,139693,139694,139695,139696,139697,0,0,0,0,0,0,0,0,0
1276,大祭司的法衣,1,0,0,139759,139755,139756,139757,139758,139760,139761,139762,0,0,0,0,0,0,0,0,0
1277,无冕者战甲,1,0,0,139739,139740,139741,139742,139743,139744,139745,139746,0,0,0,0,0,0,0,0,0
1278,先知的长袍,1,0,0,139698,139699,139700,139701,139702,139703,139704,139705,0,0,0,0,0,0,0,0,0
1279,黑暗收割议会外衣,1,0,0,139767,139763,139764,139765,139766,139768,139769,139770,0,0,0,0,0,0,0,0,0
1280,战争领主铠甲,1,0,0,139681,139682,139683,139684,139685,139686,139687,139688,0,0,0,0,0,0,0,0,0
1281,恐惧之龙战铠,1,0,0,138349,138352,138355,138358,138361,138364,0,0,0,0,0,0,0,0,0,0,0
1282,灵异之眼战甲,1,0,0,138375,138376,138377,138378,138379,138380,0,0,0,0,0,0,0,0,0,0,0
1283,星界守护者制服,1,0,0,138324,138327,138330,138333,138336,138366,0,0,0,0,0,0,0,0,0,0,0
1284,鹰爪战甲,1,0,0,138339,138340,138342,138344,138347,138368,0,0,0,0,0,0,0,0,0,0,0
1285,不灭智慧法袍,1,0,0,138309,138312,138315,138318,138321,138365,0,0,0,0,0,0,0,0,0,0,0
1286,隐乱战甲,1,0,0,138325,138328,138331,138334,138337,138367,0,0,0,0,0,0,0,0,0,0,0
1287,大领主的战铠,1,0,0,138350,138353,138356,138359,138362,138369,0,0,0,0,0,0,0,0,0,0,0
1288,圣洁者的法衣,1,0,0,138310,138313,138316,138319,138322,138370,0,0,0,0,0,0,0,0,0,0,0
1289,厄运之刃战甲,1,0,0,138326,138329,138332,138335,138338,138371,0,0,0,0,0,0,0,0,0,0,0
1290,元素之缚法衣,1,0,0,138341,138343,138345,138346,138348,138372,0,0,0,0,0,0,0,0,0,0,0
1291,阿兹亚基的遗产,1,0,0,138311,138314,138317,138320,138323,138373,0,0,0,0,0,0,0,0,0,0,0
1292,黑曜守护者战铠,1,0,0,138351,138354,138357,138360,138363,138374,0,0,0,0,0,0,0,0,0,0,0
1293,燃烧军团的进攻,0,0,0,134529,134533,0,0,0,0,0,0,0,0,0,0,0,0,0,0,0
1294,时空穿梭,0,0,0,137419,137487,0,0,0,0,0,0,0,0,0,0,0,0,0,0,0
1295,暗夜井的奥秘,0,0,0,134432,134424,0,0,0,0,0,0,0,0,0,0,0,0,0,0,0
1296,贾辛的诡计,0,0,0,137480,137397,0,0,0,0,0,0,0,0,0,0,0,0,0,0,0
1297,叛徒的誓言,0,0,0,134480,137405,0,0,0,0,0,0,0,0,0,0,0,0,0,0,0
1298,夜之子的勇气,0,0,0,134518,134503,0,0,0,0,0,0,0,0,0,0,0,0,0,0,0
1299,沉重的力量,0,0,0,142207,142215,0,0,0,0,0,0,0,0,0,0,0,0,0,0,0
1301,守陵者护甲,1,0,0,147121,147122,147123,147124,147125,147126,0,0,0,0,0,0,0,0,0,0,0
1302,恶魔克星护甲,1,0,0,147127,147128,147129,147130,147131,147132,0,0,0,0,0,0,0,0,0,0,0
1303,风暴之心外衣,1,0,0,147133,147134,147135,147136,147137,147138,0,0,0,0,0,0,0,0,0,0,0
1304,荒野追猎者护甲,1,0,0,147139,147140,147141,147142,147143,147144,0,0,0,0,0,0,0,0,0,0,0
1305,魔力风暴法衣,1,0,0,147145,147146,147147,147148,147149,147150,0,0,0,0,0,0,0,0,0,0,0
1306,雪怒的战甲,1,0,0,147151,147152,147153,147154,147155,147156,0,0,0,0,0,0,0,0,0,0,0
1307,光明使者的璀璨护甲,1,0,0,147157,147158,147159,147160,147161,147162,0,0,0,0,0,0,0,0,0,0,0
1308,赦罪祭服,1,0,0,147163,147164,147165,147166,147167,147168,0,0,0,0,0,0,0,0,0,0,0
1309,獠牙刺杀者护甲,1,0,0,147169,147170,147171,147172,147173,147174,0,0,0,0,0,0,0,0,0,0,0
1310,碎天祭服,1,0,0,147175,147176,147177,147178,147179,147180,0,0,0,0,0,0,0,0,0,0,0
1311,天魔法衣,1,0,0,147181,147182,147183,147184,147185,147186,0,0,0,0,0,0,0,0,0,0,0
1312,泰坦冲锋护甲,1,0,0,147187,147188,147189,147190,147191,147192,0,0,0,0,0,0,0,0,0,0,0
1319,主宰战甲,1,0,4,152178,152179,152180,152181,152182,152183,0,0,0,0,0,0,0,0,0,0,0
1320,冷酷审讯官法袍,1,0,0,152172,152173,152174,152175,152176,152177,0,0,0,0,0,0,0,0,0,0,0
1321,尊崇灵魂礼服,1,0,0,152166,152167,152168,152169,152170,152171,0,0,0,0,0,0,0,0,0,0,0
1322,冲动恶徒武装,1,0,0,152160,152161,152162,152163,152164,152165,0,0,0,0,0,0,0,0,0,0,0
1323,金色天使圣衣,1,0,0,152154,152155,152156,152157,152158,152159,0,0,0,0,0,0,0,0,0,0,0
1324,圣光先锋战铠,1,0,0,152148,152149,152150,152151,152152,152153,0,0,0,0,0,0,0,0,0,0,0
1325,赤精战甲,1,0,0,152142,152143,152144,152145,152146,152147,0,0,0,0,0,0,0,0,0,0,0
1326,符文之缚法袍,1,0,0,152136,152137,152138,152139,152140,152141,0,0,0,0,0,0,0,0,0,0,0
1327,巨蛇追猎者的伪装,1,0,0,152130,152131,152132,152133,152134,152135,0,0,0,0,0,0,0,0,0,0,0
1328,巨熊战甲,1,0,0,152124,152125,152126,152127,152128,152129,0,0,0,0,0,0,0,0,0,0,0
1329,邪能收割者的祭服,1,0,0,152118,152119,152120,152121,152122,152123,0,0,0,0,0,0,0,0,0,0,0
1330,恐惧之痕盔甲,1,0,0,152112,152113,152114,152115,152116,152117,0,0,0,0,0,0,0,0,0,0,0
1331,维伦的挽歌,0,0,0,151308,151311,0,0,0,0,0,0,0,0,0,0,0,0,0,0,0
1332,织影者的预兆,0,0,0,151303,151299,151302,0,0,0,0,0,0,0,0,0,0,0,0,0,0
1333,顺风法袍,0,0,0,161022,161021,161020,161019,161018,0,0,0,0,0,0,0,0,0,0,0,0
1334,海洋之女的智慧,0,0,0,161025,161024,0,0,0,0,0,0,0,0,0,0,0,0,0,0,0
1335,剧毒外衣,0,0,0,161030,161029,161028,161027,161026,0,0,0,0,0,0,0,0,0,0,0,0
1336,碎电盔甲,0,0,0,161035,161034,161033,161032,161031,0,0,0,0,0,0,0,0,0,0,0,0
1337,沙漠风暴铠甲,0,0,0,161040,161039,161038,161037,161036,0,0,0,0,0,0,0,0,0,0,0,0
1338,狂化战甲,0,0,0,161041,161042,161043,161044,0,0,0,0,0,0,0,0,0,0,0,0,0
1439,维克雷斯的遗产,0,0,0,158362,159631,0,0,0,0,0,0,0,0,0,0,0,0,0,0,0
1440,智囊,0,0,0,163949,163954,0,0,0,0,0,0,0,0,0,0,0,0,0,0,0
1442,洛阿神灵之赐,0,0,0,165567,165512,0,0,0,0,0,0,0,0,0,0,0,0,0,0,0
1443,坚定指挥官的纪念品,0,0,0,165604,165566,0,0,0,0,0,0,0,0,0,0,0,0,0,0,0
1449,艾萨拉的法衣,0,0,0,0,0,0,0,0,0,0,0,0,0,0,0,0,0,0,0,0
1452,泰坦强化,0,0,0,174500,174528,0,0,0,0,0,0,0,0,0,0,0,0,0,0,0
1454,劈砍和血伤,0,0,0,181865,181864,0,0,0,0,0,0,0,0,0,0,0,0,0,0,0
1455,超凡冒险者的法衣,0,0,0,183143,183144,183145,183146,183147,183148,0,183149,0,0,0,0,0,0,0,0,0
1456,信使,0,0,0,181192,182719,182720,182721,182722,182723,182724,182725,0,0,0,0,0,0,0,0,0
1457,劈砍和血伤,0,0,0,184194,184195,0,0,0,0,0,0,0,0,0,0,0,0,0,0,0
1458,角斗士的荣耀,4,0,0,184268,184269,0,0,0,0,0,0,0,0,0,0,0,0,0,0,0
1459,无私法衣,0,0,0,178154,178161,178156,178159,178153,178157,178158,178155,178160,0,0,0,0,0,0,0,0
1460,玛卓克萨斯的原理,0,0,0,182276,182274,182268,182271,182272,182273,182270,182269,182275,0,0,0,0,0,0,0,0
1461,法夜纺织神衣,0,0,0,175597,175588,175603,179623,175586,175592,175576,175581,175600,179657,0,0,0,0,0,0,0
1462,碎魂者的黑檀法衣,0,0,0,180934,180911,180913,180917,180922,180925,180906,180901,180928,0,0,0,0,0,0,0,0
1463,晦密流放者的外套,0,0,0,184105,184106,184108,184107,0,0,0,0,0,0,0,0,0,0,0,0,0
1466,无私外套,0,0,0,177050,177051,177052,177053,177054,177055,177056,177057,177058,0,0,0,0,0,0,0,0
1467,无私链甲,0,0,0,179940,179941,179942,179943,179944,179945,179946,179947,179948,0,0,0,0,0,0,0,0
1468,无私法衣,0,0,0,174289,174290,174291,174292,174293,174294,174295,174296,174297,0,0,0,0,0,0,0,0
1475,玛卓克萨斯的诡计,0,0,0,182259,182260,182261,182262,182263,182264,182265,182266,182267,0,0,0,0,0,0,0,0
1476,玛卓克萨斯的敏锐,0,0,0,182277,182278,182279,182280,182281,182282,182283,182284,182285,0,0,0,0,0,0,0,0
1477,玛卓克萨斯的权威,0,0,0,182250,182251,182252,182253,182254,182255,182256,182257,182258,0,0,0,0,0,0,0,0
1478,橡树之心法衣,0,0,0,179765,179766,179767,179768,179769,179770,179771,179772,179773,179774,0,0,0,0,0,0,0
1479,符文看守者的伪装,0,0,0,181877,181909,181910,181911,181912,181913,181914,181915,181916,181979,0,0,0,0,0,0,0
1480,女王护卫战争树皮,0,0,0,179620,179887,179888,179889,179890,179891,179892,179893,179894,0,0,0,0,0,0,0,0
1481,黑檀罩亡护甲,0,0,0,180904,180908,180909,180915,180919,180920,180927,180931,180936,0,0,0,0,0,0,0,0
1482,猎惧者的黑檀战甲,0,0,0,180903,180907,180912,180914,180918,180923,180926,180930,180937,0,0,0,0,0,0,0,0
1483,恐惧哨兵的黑檀战甲,0,0,0,180900,180902,180905,180910,180916,180921,180924,180929,180938,0,0,0,0,0,0,0,0
1496,魂刃影皮,1,0,0,188901,188902,188903,0,188905,0,188907,0,0,0,0,0,0,0,0,0,0
1497,猎神者的战甲,1,0,0,0,0,188861,188860,188859,188858,0,188856,0,0,0,0,0,0,0,0,0
1498,光辉骑士之勇,1,0,0,0,0,0,188933,188932,188931,0,188929,188928,0,0,0,0,0,0,0,0
1499,咒法星语者的圣服,1,0,0,0,0,188925,188924,188923,188922,0,188920,0,0,0,0,0,0,0,0,0
1500,初诞幻灵的魂钢,1,0,0,0,0,0,188868,188867,188866,0,188864,188863,0,0,0,0,0,0,0,0
1501,善变惩罚者的织痛战甲,1,0,0,0,0,188898,0,188896,0,188894,188893,188892,0,0,0,0,0,0,0,0
1502,恒定星辰织锦,1,0,0,0,0,188853,0,188851,0,188849,188848,188847,0,0,0,0,0,0,0,0
1503,博学秘闻者的法衣,1,0,0,0,188845,188844,188843,188842,0,0,188839,0,0,0,0,0,0,0,0,0
1504,精纯归宗外套,1,0,0,0,0,188916,0,188914,0,188912,188911,188910,0,0,0,0,0,0,0,0
1505,穹焰圣服,1,0,0,0,188881,188880,188879,188878,0,0,188875,0,0,0,0,0,0,0,0,0
1506,无穷步兵的武装,1,0,0,0,0,0,188942,188941,188940,0,188938,188937,0,0,0,0,0,0,0,0
1507,恶魔之星外衣,1,0,0,0,188890,188889,188888,188887,0,0,188884,0,0,0,0,0,0,0,0,0
1508,撕裂奥秘,0,0,0,190124,190125,0,0,0,0,0,0,0,0,0,0,0,0,0,0,0
1509,玩闹幽魂的毛皮,0,0,0,193454,193458,193457,0,0,0,0,0,0,0,0,0,0,0,0,0,0
1510,地平线骑手的外衣,0,0,0,193463,193465,193459,0,0,0,0,0,0,0,0,0,0,0,0,0,0
1511,破龙者的外袍,0,0,0,198572,198571,198570,198569,198568,198567,198566,198565,0,0,0,0,0,0,0,0,0
1512,破龙者的战甲,0,0,0,198596,198595,198594,198593,198592,198591,198590,198589,0,0,0,0,0,0,0,0,0
1513,破龙者的外衣,0,0,0,198580,198579,198578,198577,198576,198575,198574,198573,0,0,0,0,0,0,0,0,0
1514,破龙者的护甲,0,0,0,198588,198587,198586,198585,198584,198583,198582,198581,0,0,0,0,0,0,0,0,0
1515,纺织时序布甲,0,0,0,193527,193537,193512,0,0,0,0,0,0,0,0,0,0,0,0,0,0
1516,青纹布法衣,0,0,0,193536,193525,193520,0,0,0,0,0,0,0,0,0,0,0,0,0,0
1520,巨龙驭手护甲,0,0,0,193531,193535,0,0,0,0,0,0,0,0,0,0,0,0,0,0,0
1521,狂怒风暴斗披,0,0,0,199417,199418,199419,199420,199421,199424,199422,199423,0,0,0,0,0,0,0,0,0
1523,狂怒风暴之皮,0,0,0,199431,0,199425,199426,199427,199428,199432,199429,199430,0,0,0,0,0,0,0,0
1524,狂怒风暴之鳞,0,0,0,199441,199442,199443,199444,199445,199446,199447,199448,0,0,0,0,0,0,0,0,0
1525,狂怒风暴护甲,0,0,0,199434,199435,199436,199433,199437,199438,199439,199440,0,0,0,0,0,0,0,0,0
1526,魅影霜巢遗骸,0,0,0,200405,200407,200408,200409,200410,0,0,0,0,0,0,0,0,0,0,0,0
1527,穹缚复仇者的飞行服,0,0,0,200342,200344,200345,200346,200347,0,0,0,0,0,0,0,0,0,0,0,0
1528,失落唤地者的戎装,0,0,0,200351,200353,200354,200355,200356,0,0,0,0,0,0,0,0,0,0,0,0
1529,雷翼劫猎者的伪装,0,0,0,200387,200389,200390,200391,200392,0,0,0,0,0,0,0,0,0,0,0,0
1530,觉醒者之鳞,0,0,0,200378,200380,200381,200382,200383,0,0,0,0,0,0,0,0,0,0,0,0
1531,水晶学士之缚,0,0,0,200315,200317,200318,200319,200320,0,0,0,0,0,0,0,0,0,0,0,0
1532,悟拳裹甲,0,0,0,200360,200362,200363,200364,200365,0,0,0,0,0,0,0,0,0,0,0,0
1533,美德白银甲胄,0,0,0,200414,200416,200417,200418,200419,0,0,0,0,0,0,0,0,0,0,0,0
1534,巨龙圣职者的华服,0,0,0,200326,200327,200328,200324,200329,0,0,0,0,0,0,0,0,0,0,0,0
1535,牢窟探秘者的工具,0,0,0,200369,200371,200372,200373,200374,0,0,0,0,0,0,0,0,0,0,0,0
1536,注能大地元素,0,0,0,200396,200398,200399,200400,200401,0,0,0,0,0,0,0,0,0,0,0,0
1537,鳞誓教徒的向往,0,0,0,200335,200336,200337,200333,200338,0,0,0,0,0,0,0,0,0,0,0,0
1538,行走高山之岩,0,0,0,200423,200425,200426,200427,200428,0,0,0,0,0,0,0,0,0,0,0,0
1539,卓格巴尔之力,0,0,0,204811,204810,0,0,0,0,0,0,0,0,0,0,0,0,0,0,0
1540,徘徊幻影禁咒,0,0,0,202464,202462,202461,202460,202459,0,0,0,0,0,0,0,0,0,0,0,0
1541,弑亲者的负担,0,0,0,202527,202525,202524,202523,202522,0,0,0,0,0,0,0,0,0,0,0,0
1542,秋阳余晖光缕,0,0,0,202518,202516,202515,202514,202513,0,0,0,0,0,0,0,0,0,0,0,0
1543,黑曜奥秘的传承,0,0,0,202491,202489,202488,202487,202486,0,0,0,0,0,0,0,0,0,0,0,0
1544,灰烬掠食者的鳞躯,0,0,0,202482,202480,202479,202478,202477,0,0,0,0,0,0,0,0,0,0,0,0
1545,幽光咒法师之慧,0,0,0,202554,202552,202551,202550,202549,0,0,0,0,0,0,0,0,0,0,0,0
1546,朱锻獠牙,0,0,0,202509,202507,202506,202505,202504,0,0,0,0,0,0,0,0,0,0,0,0
1547,心火哨兵的权威,0,0,0,202455,202453,202452,202451,202450,0,0,0,0,0,0,0,0,0,0,0,0
1548,炉翼炽天使之裁,0,0,0,202543,202542,202541,202545,202540,0,0,0,0,0,0,0,0,0,0,0,0
1549,隐秘魔灵的影纹战甲,0,0,0,202500,202498,202497,202496,202495,0,0,0,0,0,0,0,0,0,0,0,0
1550,焰烬之狼的符文,0,0,0,202473,202471,202470,202469,202468,0,0,0,0,0,0,0,0,0,0,0,0
1551,险恶学者的咒衣,0,0,0,202534,202533,202532,202536,202531,0,0,0,0,0,0,0,0,0,0,0,0
1552,缟玛瑙熔炉铁卫,0,0,0,202446,202444,202443,202442,202441,0,0,0,0,0,0,0,0,0,0,0,0
1553,鳞卫的外衣,0,0,0,206213,206212,206210,206209,206208,206207,206206,206205,0,0,0,0,0,0,0,0,0
1554,鳞卫的锁甲,0,0,0,206237,206236,206235,206234,206233,206232,206231,206230,0,0,0,0,0,0,0,0,0
1555,鳞卫的战甲,0,0,0,206221,206220,206219,206218,206217,206216,206215,206214,0,0,0,0,0,0,0,0,0
1556,鳞卫的武装,0,0,0,206229,206228,206227,206226,206225,206224,206223,206222,0,0,0,0,0,0,0,0,0
1557,复生梦魇的沉墓衣钵,0,0,0,207198,207199,207200,207201,207203,0,0,0,0,0,0,0,0,0,0,0,0
1558,尖嚎炬魔的暴行,0,0,0,207261,207262,207263,207264,207266,0,0,0,0,0,0,0,0,0,0,0,0
1559,仁爱灰烬贤者的启迪,0,0,0,207252,207253,207254,207255,207257,0,0,0,0,0,0,0,0,0,0,0,0
1560,军营守护者的永恒警戒,0,0,0,207225,207226,207227,207228,207230,0,0,0,0,0,0,0,0,0,0,0,0
1561,燃焰猎梦者的战利品,0,0,0,207216,207217,207218,207219,207221,0,0,0,0,0,0,0,0,0,0,0,0
1562,忤逆时光术师的发条,0,0,0,207288,207289,207290,207291,207293,0,0,0,0,0,0,0,0,0,0,0,0
1563,幽鹭之诫,0,0,0,207243,207244,207245,207246,207248,0,0,0,0,0,0,0,0,0,0,0,0
1564,狂热薪火骑士的炽情,0,0,0,207189,207190,207191,207192,207194,0,0,0,0,0,0,0,0,0,0,0,0
1565,月光教派的祝福,0,0,0,207279,207280,207281,207282,207284,0,0,0,0,0,0,0,0,0,0,0,0
1566,清醒阴翳行者的沉默,0,0,0,207234,207235,207236,207237,207239,0,0,0,0,0,0,0,0,0,0,0,0
1567,巨狼流放者的幻视,0,0,0,207207,207208,207209,207210,207212,0,0,0,0,0,0,0,0,0,0,0,0
1568,虔诚烬魔的契纹,0,0,0,207270,207271,207272,207273,207275,0,0,0,0,0,0,0,0,0,0,0,0
1569,熔火先锋的迫击板甲,0,0,0,207180,207181,207182,207183,207185,0,0,0,0,0,0,0,0,0,0,0,0
1572,狱花军械,0,0,0,211234,211233,211232,211231,211230,211229,211228,211227,0,0,0,0,0,0,0,0,0
1573,狱花链甲,0,0,0,211242,211241,211240,211239,211237,211236,211235,211238,0,0,0,0,0,0,0,0,0
1574,狱花战甲,0,0,0,211226,211225,211224,211223,211222,211221,211220,211219,0,0,0,0,0,0,0,0,0
1575,狱花外衣,0,0,0,211218,211217,211216,211215,211214,211213,211212,211211,0,0,0,0,0,0,0,0,0
1594,觉醒者之鳞,0,0,0,217176,217177,217178,217179,217180,0,0,0,0,0,0,0,0,0,0,0,0
1595,雷翼劫猎者的伪装,0,0,0,217181,217182,217183,217184,217185,0,0,0,0,0,0,0,0,0,0,0,0
1596,悟拳裹甲,0,0,0,217186,217187,217188,217189,217190,0,0,0,0,0,0,0,0,0,0,0,0
1597,秋阳余晖光缕,0,0,0,217191,217192,217193,217194,217195,0,0,0,0,0,0,0,0,0,0,0,0
1598,心火哨兵的权威,0,0,0,217196,217197,217198,217199,217200,0,0,0,0,0,0,0,0,0,0,0,0
1599,炉翼炽天使之裁,0,0,0,217201,217202,217203,217205,217204,0,0,0,0,0,0,0,0,0,0,0,0
1600,隐秘魔灵的影纹战甲,0,0,0,217206,217207,217208,217209,217210,0,0,0,0,0,0,0,0,0,0,0,0
1601,险恶学者的咒衣,0,0,0,217211,217212,217213,217215,217214,0,0,0,0,0,0,0,0,0,0,0,0
1602,缟玛瑙熔炉铁卫,0,0,0,217216,217217,217218,217219,217220,0,0,0,0,0,0,0,0,0,0,0,0
1603,复生梦魇的沉墓衣钵,0,0,0,217221,217222,217223,217224,217225,0,0,0,0,0,0,0,0,0,0,0,0
1604,尖嚎炬魔的暴行,0,0,0,217226,217227,217228,217229,217230,0,0,0,0,0,0,0,0,0,0,0,0
1605,忤逆时光术师的发条,0,0,0,217235,217231,217232,217233,217234,0,0,0,0,0,0,0,0,0,0,0,0
1606,巨狼流放者的幻视,0,0,0,217236,217237,217238,217239,217240,0,0,0,0,0,0,0,0,0,0,0,0
1611,燧烬蜂之拥,0,0,0,219507,219508,219509,0,0,0,0,0,0,0,0,0,0,0,0,0,0
1612,雷鸫之怒,0,0,0,219512,219513,219511,0,0,0,0,0,0,0,0,0,0,0,0,0,0
1613,凯威扎的严酷刑具,0,0,0,219877,212456,0,0,0,0,0,0,0,0,0,0,0,0,0,0,0
1614,腾龙好战者的护甲,0,0,0,217092,217091,217090,217089,217088,217087,217086,217085,0,0,0,0,0,0,0,0,0
1615,腾龙好战者的链甲,0,0,0,217100,217099,217098,217097,217096,217095,217094,217093,0,0,0,0,0,0,0,0,0
1616,腾龙好战者的外衣,0,0,0,217084,217083,217082,217081,217080,217079,217078,217077,0,0,0,0,0,0,0,0,0
1617,腾龙好战者的外袍,0,0,0,217076,217075,217074,217073,217072,217071,217070,217069,0,0,0,0,0,0,0,0,0
1683,织造曙光,0,0,0,222807,222808,0,0,0,0,0,0,0,0,0,0,0,0,0,0,0
1684,塑战者的精工,0,0,0,211987,211985,211984,211983,211982,0,0,0,0,0,0,0,0,0,0,0,0
1685,妖焰巫师会祭仪,0,0,0,212075,212074,212073,212077,212072,0,0,0,0,0,0,0,0,0,0,0,0
1686,遗忘水库涟漪,0,0,0,212014,212012,212011,212010,212009,0,0,0,0,0,0,0,0,0,0,0,0
1687,卡雷什幻影之缚,0,0,0,212041,212039,212038,212037,212036,0,0,0,0,0,0,0,0,0,0,0,0
1688,活体灿光破片,0,0,0,212084,212083,212082,212086,212081,0,0,0,0,0,0,0,0,0,0,0,0
1689,墓囚炽天使之辉,0,0,0,211996,211994,211993,211992,211991,0,0,0,0,0,0,0,0,0,0,0,0
1690,破门者之韧,0,0,0,212050,212048,212047,212046,212045,0,0,0,0,0,0,0,0,0,0,0,0
1691,紫罗兰复生火花,0,0,0,212095,212093,212092,212091,212090,0,0,0,0,0,0,0,0,0,0,0,0
1692,黯光拾荒者的物资,0,0,0,212023,212021,212020,212019,212018,0,0,0,0,0,0,0,0,0,0,0,0
1693,灭世者的战痕结界,0,0,0,212032,212030,212029,212028,212027,0,0,0,0,0,0,0,0,0,0,0,0
1694,大山猫之鬃,0,0,0,212059,212057,212056,212055,212054,0,0,0,0,0,0,0,0,0,0,0,0
1695,地生复仇者的躯壳,0,0,0,212068,212066,212065,212064,212063,0,0,0,0,0,0,0,0,0,0,0,0
1696,出土的百夫长遗物,0,0,0,212005,212003,212002,212001,212000,0,0,0,0,0,0,0,0,0,0,0,0
1697,织造萤暮,0,0,0,222809,222810,0,0,0,0,0,0,0,0,0,0,0,0,0,0,0
