ID,Description_lang,ModifiedCraftingCategoryID,ItemBonusTreeID,Flags,Field_9_1_0_38511_004,ItemContextOffset
1,,50,0,0,0,0
2,必定有急速属性,1,2915,1,0,0
4,,3,2922,0,0,0
5,必定有爆击属性,6,2927,1,0,0
6,必定有全能属性,7,2928,1,0,0
7,必定有精通属性,5,2929,1,0,0
8,将物品等级设置为117，角色等级要求设置为55。,29,3203,0,0,0
9,将物品等级设置为168，角色等级要求设置为60。,46,3210,0,0,0
10,将物品等级设置为180，角色等级要求设置为60。,8,3210,0,0,0
11,将物品等级设置为200。,8,3211,0,0,0
17,合剂持续时间增加,44,2939,0,0,0
27,进食充分效果持续时间更久,11,3000,0,0,0
30,对敌人造成火焰伤害,17,3070,0,0,0
32,将等级要求设置为15，并将物品等级设置为相应的数值。,18,3204,0,0,0
34,将等级要求设置为25，并将物品等级设置为相应的数值。,30,3205,0,0,0
36,将等级要求设置为35，并将物品等级设置为相应的数值。,31,3206,0,0,0
38,将等级要求设置为45，并将物品等级设置为相应的数值。,32,3207,0,0,0
39,将等级要求设置为55，并将物品等级设置为相应的数值。,33,3208,0,0,0
58,降低跌落伤害,41,3147,0,0,0
59,略微提高移动速度,42,3148,0,0,0
61,提高游泳速度,40,3152,0,0,0
62,对敌人造成冰霜伤害,17,3153,0,0,0
64,在竞技场或战场被消灭后保留进食充分效果,38,3175,0,0,0
65,制作物品时有几率获得额外技能点,39,3176,0,0,0
66,添加插槽,35,3177,0,0,0
67,@spelldesc332950,11,169,0,0,0
68,完成世界任务会提高主属性,37,3178,0,0,0
70,将物品等级设置为129，角色等级要求设置为53。,29,3203,0,0,0
71,将物品等级设置为200，角色等级要求设置为60。,51,3211,0,0,0
72,将物品等级设置为165，角色等级要求设置为57。,29,3209,0,0,0
73,将物品等级设置为165。,29,3210,0,0,0
74,将物品等级设置为54，角色等级要求设置为47。,45,3208,0,0,0
75,将物品等级设置为56，角色等级要求设置为45。,32,3207,0,0,0
76,将物品等级设置为43，角色等级要求设置为35。,31,3206,0,0,0
77,将物品等级设置为33，角色等级要求设置为25。,30,3205,0,0,0
78,将物品等级设置为23，角色等级要求设置为15。,18,3204,0,0,0
79,将物品等级设置为87，角色等级要求设置为50。,45,3265,0,0,0
80,提高物品等级，数值和2个技能等级相当。,50,0,0,0,2
81,将物品等级设置为230，角色等级要求设置为60，添加效果：装备唯一：“暗影国度”制品。,52,3323,0,0,0
82,将物品等级设置为233，角色等级要求设置为60。,53,3444,0,0,0
83,将物品等级设置为262，角色等级要求设置为60，添加效果：装备唯一：“暗影国度”制品。,54,3445,0,0,0
84,提高物品等级，数值和3个技能等级相当。,55,0,0,0,3
85,你的技能有几率在目标附近生成一个自动体核心，造成伤害和治疗。,56,3448,0,0,0
86,提高闪避，而且受到伤害时有一定几率使你回复生命值。,56,3449,0,0,0
87,当你消灭一个提供经验值或荣誉的敌人时，你有几率获得额外的资源。,56,3450,0,0,0
88,你的技能有几率在附近生成一个微尘。收集此微尘可以提高主属性，持续15秒。,56,3451,0,0,0
89,提高加速以及在暗影界时的地面坐骑速度。,56,3452,0,0,0
90,受到伤害时产生能量火花。叠加至5层时，下一个攻击者会被震击，受到宇宙伤害。,56,3453,0,0,0
91,消灭敌人会使你最高的副属性暂时提高，持续20秒，最多叠加5次。,56,3454,0,0,0
92,合剂、药剂和食物增益效果的持续时间提高50%。,56,3455,0,0,0
93,将物品等级设置为400，角色等级要求设置为70。,84,3510,0,0,0
94,,59,0,0,0,0
95,,60,0,0,0,0
96,,61,0,0,0,0
97,,62,0,0,0,0
98,,63,0,0,0,0
99,,64,0,0,0,0
100,,65,0,0,0,0
101,Set base ilevel to 51 (DNT),66,3137,0,0,0
102,Set base ilevel to 60 (DNT),67,3146,0,0,0
103,No Effect on this test finishing reagent (DNT),68,0,0,0,0
104,No Effect on this test finishing reagent (DNT),69,0,0,0,0
105,用厚实的尖刺装饰你的护甲。并添加装备唯一：美化（2）。,87,3600,0,0,0
106,,71,0,0,0,0
107,将等级1配方的物品等级设置为249。,83,0,0,0,4
109,,72,0,0,0,0
110,,74,0,0,0,0
111,,75,0,0,0,0
112,,73,0,0,0,0
113,,78,0,0,0,0
114,,77,0,0,0,0
115,,76,0,0,0,0
116,,79,0,0,0,0
117,,80,0,0,0,0
118,,81,0,0,0,0
119,,89,0,0,0,0
120,,90,0,0,0,0
121,,91,0,0,0,0
122,,92,0,0,0,0
123,,93,0,0,0,0
124,,94,0,0,0,0
125,,95,0,0,0,0
126,,96,0,0,0,0
127,,97,0,0,0,0
128,,98,0,0,0,0
129,,99,0,0,0,0
130,,100,0,0,0,0
131,,101,0,0,0,0
132,,102,0,0,0,0
133,,103,0,0,0,0
134,,104,0,0,0,0
136,,106,0,0,0,0
137,,492,0,0,0,0
138,,108,0,0,0,0
139,,109,0,0,0,0
140,,110,0,0,0,0
141,,111,0,0,0,0
142,,112,0,0,0,0
144,,114,0,0,0,0
145,,115,0,0,0,0
146,,116,0,0,0,0
148,,118,0,0,0,0
149,,119,0,0,0,0
150,,120,0,0,0,0
151,,121,0,0,0,0
152,,122,0,0,0,0
153,,123,0,0,0,0
154,,124,0,0,0,0
155,奇思突破返还的专注提高$ev1%。,125,0,1,0,0
156,$en1提高$ev1而且$en2提高$ev2%。,126,0,1,0,0
157,你改进专业技能的可能性提高$ev1%，但配方难度提高$ev2点。,127,0,0,0,0
158,$en1提高$ev1而且$en2提高$ev2。,128,0,0,0,0
159,$en1提高$ev1而且$en2提高$ev2。,129,0,0,0,0
160,使巨龙群岛的药水的持续时间延长50%。并添加装备唯一：美化（2）。,130,3599,0,0,0
161,巨龙群岛餐点的进食充分效果延长100%，现在死后也可以继续存在。,131,3598,0,0,0
163,Increases armor by x and reduces durability loss of this armor piece. (DNT),85,0,0,0,0
164,使$en1提高$ev1。,133,0,0,0,0
165,使$en1提高$ev1。,134,0,0,0,0
166,必定有爆击和急速属性。,135,3725,1,0,0
168,,57,0,0,0,0
169,,57,0,0,0,0
170,,57,0,0,0,0
171,,156,0,0,0,0
172,,157,0,0,0,0
173,,158,0,0,0,0
174,,159,0,0,0,0
175,,160,0,0,0,0
176,,161,0,0,0,0
177,,162,0,0,0,0
178,,139,0,0,0,0
179,,137,0,0,0,0
180,,138,0,0,0,0
181,,140,0,0,0,0
182,,141,0,0,0,0
183,,144,0,0,0,0
184,,142,0,0,0,0
185,,143,0,0,0,0
186,,145,0,0,0,0
187,,146,0,0,0,0
188,,147,0,0,0,0
189,,154,0,0,0,0
191,,0,0,0,0,0
192,,149,0,0,0,0
193,,151,0,0,0,0
194,,155,0,0,0,0
195,,163,0,0,0,0
196,你改进铭文的可能性提高$ev1%，但配方难度提高$ev2点。,152,0,0,0,0
197,奇思突破返还的专注提高$ev1%，$en2提高$ev2。,153,0,0,0,0
198,,170,0,0,0,0
199,,171,0,0,0,0
200,,172,0,0,0,0
201,,173,0,0,0,0
203,,175,0,0,0,0
204,,176,0,0,0,0
205,你改进珠宝加工的可能性提高$ev1%，但配方难度提高$ev2点。,364,0,1,0,0
206,奇思突破返还的专注提高$ev1%，$en2提高$ev2。,365,0,0,0,0
207,你改进裁缝的可能性提高$ev1%，但配方难度提高$ev2点。,366,0,0,0,0
208,奇思突破返还的专注提高$ev1%，$en2提高$ev2%。,367,0,0,0,0
209,由充裕属性节省的材料提高$ev1%。,368,0,0,0,0
210,,369,0,0,0,0
211,,370,0,0,0,0
212,,371,0,0,0,0
213,生命值高于90%时，获得精通。并添加装备唯一：美化（2）。,372,3843,0,0,0
214,,373,0,0,0,0
215,你的法术有时会造成时光涟漪。并添加装备唯一：美化（2）。,374,3850,0,0,0
216,,375,0,0,0,0
217,,376,0,0,0,0
218,,377,0,0,0,0
219,,378,0,0,0,0
220,,379,0,0,0,0
221,,380,0,0,0,0
222,必定有全能和急速属性。,390,3742,1,0,0
223,必定有精通和急速属性。,389,3743,1,0,0
224,必定有全能和精通属性。,388,3744,1,0,0
225,必定有爆击和精通属性。,391,3741,1,0,0
226,必定有全能和爆击属性。,392,3745,1,0,0
227,物理攻击有时会造成额外的物理伤害。并添加装备唯一：美化（2）。,394,3747,0,0,0
228,用腐朽精华灌注物品。并添加装备唯一：美化（2）。,393,3749,0,0,0
229,,395,0,0,0,0
230,将这种美味的秘密原料放进你的食谱，可以提高制作的餐品数量。,396,0,0,0,0
232,,399,0,0,0,0
233,根据制作品质设置物品等级（395-408）。,84,3793,0,0,0
234,根据制作品质设置物品等级（408-421）。,84,3794,0,0,0
235,该附加材料不再拥有任何力量。,88,3795,0,0,0
236,该附加材料不再拥有任何力量。,400,3796,0,0,0
237,该附加材料不再拥有任何力量。,400,3797,0,0,0
238,该附加材料不再拥有任何力量。,400,3798,0,0,0
239,精准的刀工确保了比例的完美，没有浪费任何材料。此食谱获得$ev1 $en1。,403,0,0,0,0
240,健康且饱腹的沙拉可以确保会有剩菜。这道菜获得$ev1 $en1。,404,0,0,0,0
241,,405,0,0,0,0
242,,408,0,0,0,0
243,,407,0,0,0,0
244,,409,0,0,0,0
245,,406,0,0,0,0
246,,410,0,0,0,0
247,,411,0,0,0,0
248,,412,0,0,0,0
249,,413,0,0,0,0
250,,443,3805,0,0,0
251,,442,3806,0,0,0
252,,422,3807,0,0,0
253,,445,3808,0,0,0
254,,444,3809,0,0,0
255,,426,0,0,0,0
256,,427,0,0,0,0
257,,414,0,0,0,0
258,,415,0,0,0,0
259,,416,0,0,0,0
260,,417,0,0,0,0
261,,418,0,0,0,0
262,,419,0,0,0,0
263,,420,0,0,0,0
264,用奇思属性代替随机属性。,429,3810,0,0,0
265,,430,0,0,0,0
266,,431,0,0,0,0
267,此装置的匠械失灵的可能性降低15%。无法与类似的专精加成叠加。,432,3811,0,0,0
268,插入此装置的匠械再也不会发生灾难性的失灵。,433,3812,0,0,0
269,插入此装置的匠械有时会使电池脱落，而不是失灵。,434,3815,0,0,0
270,将工程学制作的护目镜或者护腕的副属性分配给爆击。,435,3878,0,0,0
271,将工程学制作的护目镜或者护腕的副属性分配给急速。,436,3877,0,0,0
272,将工程学制作的护目镜或者护腕的副属性分配给精通。,437,3879,0,0,0
273,将工程学制作的护目镜或者护腕的副属性分配给全能。,438,3880,0,0,0
274,你改进工程学的可能性提高$ev1%，但配方难度提高$ev2点。,439,0,0,0,0
275,你的$en1提高$ev1而且$en2提高$ev2。,440,0,0,0,0
276,你治疗时，有时会发射一枚治疗镖。并添加装备唯一：美化（2）。,441,3834,0,0,0
278,用充裕属性代替随机属性。,450,3881,0,0,0
279,用产能属性代替随机属性。,451,3882,0,0,0
280,用制作速度属性代替随机属性。,452,3883,0,0,0
281,用精细属性代替随机属性。,453,3884,0,0,0
282,用感知属性代替随机属性。,454,3885,0,0,0
283,用熟练属性代替随机属性。,455,3886,0,0,0
284,,424,0,0,0,0
285,,425,0,0,0,0
287,将一把德拉诺锻造制作的武器的外观变得更为非凡。,459,3986,0,0,0
288,。将一把德拉诺锻造制作的武器的外观变得惊艳。,459,3987,0,0,0
289,将一件德拉诺锻造制作的护甲的外观变得更为非凡。,460,3986,0,0,0
290,将一件德拉诺锻造制作的护甲的外观变得惊艳。,460,3987,0,0,0
291,将一副德拉诺工程学制作的目镜的外观变得更为非凡。,461,3986,0,0,0
292,将一副德拉诺工程学制作的目镜的外观变得惊艳。,461,3987,0,0,0
293,将一把德拉诺工程学制作的枪械的外观变得更为非凡。,462,3986,0,0,0
294,将一把德拉诺工程学制作的枪械的外观变得惊艳。,462,3987,0,0,0
295,将一件德拉诺制皮制作的护甲的外观变得更为非凡。,463,3986,0,0,0
296,将一件德拉诺制皮制作的护甲的外观变得惊艳。,463,3987,0,0,0
297,将一件德拉诺裁缝制作的护甲的外观变得更为非凡。,464,3986,0,0,0
298,将一件德拉诺裁缝制作的护甲的外观变得惊艳。,464,3987,0,0,0
299,将一把德拉诺铭文制作的武器的外观变得更为非凡。,465,3986,0,0,0
300,将一把德拉诺铭文制作的武器的外观变得惊艳。,465,3987,0,0,0
302,使你的制造的装备获得完全无法觉察但绝对真实存在的强化效果。,467,4049,0,0,0
303,该附加材料不再拥有任何力量。,468,4076,0,0,0
304,该附加材料不再拥有任何力量。,469,4076,0,0,0
305,该附加材料不再拥有任何力量。,470,4076,0,0,0
306,该附加材料不再拥有任何力量。,471,4077,0,0,0
307,该附加材料不再拥有任何力量。,472,4077,0,0,0
308,该附加材料不再拥有任何力量。,473,4077,0,0,0
309,根据制作品质设置初始物品等级（382-395），并标记为灵思制造。,474,4107,0,0,0
310,根据制作品质设置初始物品等级（巨龙时代 - 第2赛季 - 勇士），并标记为暗影烈焰制造。,475,4108,0,0,0
311,根据制作品质设置物品等级（巨龙时代 - 第2赛季 - 冒险者），添加灵魂绑定，等级要求70。,400,4111,0,0,0
312,根据制作品质设置物品等级（巨龙时代 - 第2赛季 - 老兵）。,400,4112,0,0,0
313,根据制作品质设置物品等级（巨龙时代 - 第2赛季 - 英雄）。,476,4113,0,0,0
314,根据制作品质设置物品等级（408-418）。,476,4114,0,0,0
315,根据制作品质设置物品等级（巨龙时代 - 第2赛季 - 神话）。,476,4115,0,0,0
316,根据制作品质设置物品等级（巨龙时代 - 第2赛季 - 神话）。,476,4116,0,0,0
317,造成伤害会造成暗影烈焰伤害，可叠加。同时添加装备唯一：美化（2）。,477,4118,0,0,0
318,在没有施法时被打断会获得强化效果。同时添加装备唯一：美化（2）。,478,4129,0,0,0
319,受到移动限制效果影响时，提高伤害。并添加装备唯一：美化（2）。,479,4135,0,0,0
320,,480,0,0,0,0
321,降低你的坠落速度，持续10秒。只能在巨龙群岛使用。,481,4152,0,0,0
323,强化你的巨龙群岛绷带。只能在巨龙群岛使用。,483,4153,0,0,0
324,,487,3481,0,0,0
325,,487,4165,0,0,0
326,,488,4010,0,0,0
327,,488,4166,0,0,0
328,,486,0,0,0,0
329,根据制作品质设置初始物品等级（巨龙时代 - 第3赛季 - 勇士），并标记为梦境制造。,490,4183,0,0,0
330,根据制作品质设置物品等级（巨龙时代 - 第3赛季 - 英雄）。,491,4184,0,0,0
331,根据制作品质设置物品等级（巨龙时代 - 第3赛季 - 神话）。,491,4185,0,0,0
332,根据制作品质设置物品等级（巨龙时代 - 第3赛季 - 老兵）。,400,4188,0,0,0
334,法术和技能有时可以提高副属性。并添加装备唯一：美化（2）。,493,4226,0,0,0
335,该附加材料不再拥有任何力量。,494,4234,0,0,0
336,该附加材料不再拥有任何力量。,496,4234,0,0,0
337,该附加材料不再拥有任何力量。,498,4234,0,0,0
338,该附加材料不再拥有任何力量。,495,4235,0,0,0
339,该附加材料不再拥有任何力量。,497,4235,0,0,0
340,该附加材料不再拥有任何力量。,499,4235,0,0,0
341,生命值高于70%时，获得可叠加的爆击加成。并添加装备唯一：美化（2）。,500,4237,0,0,0
342,为制作的装备颁发PvP战场认证，将其物品等级调整至$ev1。|n|n单次制作需要使用多个。,502,4273,0,0,0
343,为制作的装备颁发PvP战场认证，将其物品等级调整至$ev1。|n|n单次制作需要使用多个。,503,4272,0,0,0
344,为制作的装备颁发PvP战场认证，将其物品等级调整至$ev1。|n|n单次制作需要使用多个。,504,4274,0,0,0
345,,505,4281,0,0,0
346,,505,4214,0,0,0
347,你的治疗技能有几率将你和一名盟友联系在一起，基于距离使两名玩家的全能都得到提升。并添加装备唯一： 美化（2）。,507,4290,0,0,0
348,菌丝花,508,0,0,0,0
349,惑露堇,509,0,0,0,0
350,球首兰,510,0,0,0,0
351,圣祝棠,511,0,0,0,0
352,阿拉索之矛,512,0,0,0,0
353,普通矿石,513,0,0,0,0
354,精良矿石01,514,0,0,0,0
355,精良矿石02,515,0,0,0,0
357,根据制作品质设置初始物品等级（地心之战 - 第1赛季 - 勇士），并标记为征兆制造。,517,4321,0,0,0
358,将初始物品等级设为1，并标记为虚浮制造。,0,0,0,0,0
359,根据制作品质设置初始物品等级（巨龙时代 - 第4赛季 - 勇士），并标记为觉醒制造。,520,4339,0,0,0
360,根据制作品质设置物品等级（巨龙时代 - 第4赛季 - 神话）。,524,4342,0,0,0
361,根据制作品质设置物品等级（巨龙时代 - 第4赛季 - 神话）。,522,4342,0,0,0
362,根据制作品质设置物品等级（巨龙时代 - 第4赛季 - 神话）。,523,4342,0,0,0
363,根据制作品质设置物品等级（巨龙时代 - 第4赛季 - 冒险者）。,525,4343,0,0,0
364,根据制作品质设置物品等级（巨龙时代 - 第4赛季 - 冒险者）。,526,4343,0,0,0
365,根据制作品质设置物品等级（巨龙时代 - 第4赛季 - 冒险者）。,527,4343,0,0,0
366,,528,0,0,100,0
367,根据制作品质设置物品等级（巨龙时代 - 第4赛季 - 老兵）。,400,4367,0,0,0
368,根据制作品质设置物品等级（巨龙时代 - 第4赛季 - 英雄）。,521,4368,0,0,0
369,根据制作品质设置物品等级（巨龙时代 - 第4赛季 - 神话）。,521,4369,0,0,0
370,该附加材料不再拥有任何力量。,529,4404,0,0,0
371,该附加材料不再拥有任何力量。,530,4404,0,0,0
372,该附加材料不再拥有任何力量。,531,4404,0,0,0
373,该附加材料不再拥有任何力量。,532,4405,0,0,0
374,该附加材料不再拥有任何力量。,533,4405,0,0,0
375,该附加材料不再拥有任何力量。,534,4405,0,0,0
376,,535,0,0,0,0
377,,536,0,0,0,0
378,,537,0,0,0,0
379,,538,0,0,0,0
380,,539,0,0,0,0
383,,542,0,0,0,0
384,,543,0,0,0,0
385,,544,0,0,0,0
386,,545,0,0,0,0
387,,546,0,0,0,0
388,使$en2提高$ev2，充裕属性节省的材料增加$ev1%。,547,0,0,0,0
389,使$en1提高$ev1。,548,0,0,0,0
390,你的法术和技能有几率造成额外的魔法伤害。其魔法派系由你镶嵌的宝石决定。$@spelldesc437127,549,4449,0,0,0
391,$@spelldesc435992$@spelldesc437127,550,4446,0,0,0
392,当你在低生命值时受到伤害，释放星光保护你。触发频率随镶嵌的宝石提高。$@spelldesc437127,551,4456,0,0,0
393,使$en1提高$ev1，并使你获得技能点数的几率提高$ev2%。,552,0,0,0,0
394,,553,0,0,0,0
395,,554,0,0,0,0
396,,555,0,0,0,0
397,,556,0,0,0,0
398,,557,4640,0,0,0
399,,557,4461,0,0,0
400,对目标造成伤害有几率赐福你的武器，使你最高的次要属性提高。此效果会逐渐衰减。$@spelldesc437127,559,4681,0,0,0
401,拥抱黑暗，使你的其他蛛魔修饰物品的正面和负面效果均翻倍。$@spelldesc437127,560,4682,0,0,0
402,,561,0,0,0,0
403,,562,0,0,0,0
404,,563,0,0,0,0
405,,564,0,0,0,0
406,,565,0,0,0,0
407,,566,0,0,0,0
408,,567,0,0,0,0
409,,568,0,0,0,0
410,风暴之尘,569,0,0,0,0
411,粼光碎片,570,0,0,0,0
412,耀辉水晶,571,0,0,0,0
421,,580,0,0,0,0
422,,581,0,0,0,0
423,,582,0,0,0,0
424,,583,0,0,0,0
425,,584,0,0,0,0
426,,585,0,0,0,0
427,,586,0,0,0,0
428,$@spelldesc454558$@spelldesc437127,587,4839,0,0,0
429,$@spelldesc458573$@spelldesc437127,588,4767,0,0,0
430,$@spelldesc463232$@spelldesc437127,589,4768,0,0,0
431,$@spelldesc454857$@spelldesc437127,590,4769,0,0,0
432,一把铋螺栓,594,0,0,0,0
433,异想导线,595,0,0,0,0
434,回转齿轮,596,0,0,0,0
435,保险开关,597,0,0,0,0
436,混乱电路,598,0,0,0,0
437,熵能增强器,599,0,0,0,0
438,将工程学制作的护目镜或者护腕的副属性分配给爆击。,600,4683,0,0,0
439,将工程学制作的护目镜或者护腕的副属性分配给急速。,601,4685,0,0,0
440,将工程学制作的护目镜或者护腕的副属性分配给精通。,602,4684,0,0,0
441,将工程学制作的护目镜或者护腕的副属性分配给全能。,603,4686,0,0,0
442,此装置的匠械失灵的可能性降低15%。无法与类似的专精加成叠加。,604,4723,0,0,0
443,当插入此装置的匠械故障时，你有较高的几率将后果转移到最近的敌方玩家身上。,605,4734,0,0,0
444,$@spelldesc454468,606,4736,0,0,0
445,$@spelldesc454455,607,4735,0,0,0
446,有一定几率丢出一包手榴弹，造成伤害并由敌人均摊。$@spelldesc437127,608,4724,0,0,0
447,当生命值较低时，在你周围散布地雷，对踩上地雷的敌人造成伤害并使其减速。$@spelldesc437127,609,4727,0,0,0
448,$@spelldesc455147$@spelldesc437127,610,4740,0,0,0
449,DNT does something awesome,649,0,0,0,0
450,DNT does something awesome,650,0,0,0,0
451,DNT does something awesome,651,0,0,0,0
452,DNT does something awesome,652,0,0,0,0
453,DNT does something awesome,653,0,0,0,0
454,DNT does something awesome,654,0,0,0,0
455,使$en1提高$ev1。,655,0,0,0,0
456,制造消耗品时产能效果提高$ev1%。,656,0,0,0,0
457,使$en1提高$ev1。,704,0,0,0,0
458,DNT does something awesome,658,0,0,0,0
459,DNT does something awesome,659,0,0,0,0
460,必定有全能和急速属性。,660,3742,1,0,0
461,必定有精通和急速属性。,661,3743,1,0,0
462,必定有爆击和急速属性。,662,3725,1,0,0
463,必定有全能和精通属性。,663,3744,1,0,0
464,必定有爆击和精通属性。,664,3741,1,0,0
465,必定有全能和爆击属性。,665,3745,1,0,0
466,DNT does something awesome,666,0,0,0,0
467,DNT does something awesome,667,0,0,0,0
468,DNT does something awesome,668,0,0,0,0
469,DNT does something awesome,669,0,0,0,0
470,用奇思属性代替随机属性。,670,4784,0,0,0
471,用充裕属性代替随机属性。,671,3881,0,0,0
472,用产能属性代替随机属性。,672,3882,0,0,0
473,用制作速度属性代替随机属性。,673,3883,0,0,0
474,用精细属性代替随机属性。,674,3884,0,0,0
475,用感知属性代替随机属性。,675,3885,0,0,0
476,用熟练属性代替随机属性。,676,3886,0,0,0
477,,677,0,0,0,0
478,,678,0,0,0,0
479,,679,0,0,0,0
480,,680,0,0,0,0
481,,681,0,0,0,0
482,,682,0,0,0,0
483,生命值高于80%时，获得爆击。$@spelldesc437127,683,4770,0,0,0
484,生命值高于80%时，获得全能。$@spelldesc437127,684,4771,0,0,0
486,制造消耗品时产能效果提高$ev1%。,686,0,0,0,0
488,使$en1提高$ev1。,685,0,0,0,0
489,根据制作品质设置物品等级（地心之战 - 第1赛季 - 老兵），添加灵魂绑定，等级要求80。,689,4700,0,0,0
490,根据制作品质设置物品等级（地心之战 - 第1赛季 - 英雄）。,591,4701,0,0,0
491,根据制作品质设置物品等级（地心之战 - 第1赛季 - 神话）。,591,4702,0,0,0
492,当你使用专注制作时，消耗的专注减少$ev1%。,690,0,0,0,0
493,使$en1提高$ev1。,691,0,0,0,0
494,,692,0,0,0,0
495,重生猎豹药水,693,0,0,0,0
496,阿加治疗药水,694,0,0,0,0
497,洞穴住民的挚爱,695,0,0,0,0
498,淬火药水,696,0,0,0,0
499,,697,0,0,0,0
500,,698,0,0,0,0
501,,699,0,0,0,0
502,,700,0,0,0,0
503,,701,0,0,0,0
504,,702,0,0,0,0
505,,703,0,0,0,0
506,使$en1提高$ev1。,687,0,0,0,0
508,由充裕属性节省的材料提高$ev1%。,688,0,0,0,0
510,加入满满一勺这种秘密原料，让你的食谱变得圆满，有几率提高制作的餐品数量。,706,0,0,0,0
511,倒入一团这种秘密原料，有几率提高制作的餐品数量。,707,0,0,0,0
512,使$en1提高$ev1。,708,0,0,0,0
513,使获得技能点数的几率提高$ev1%。,709,0,0,0,0
514,,711,4396,0,0,0
515,,711,4777,0,0,0
516,使$en1提高$ev1。,713,0,0,0,0
517,使$en1提高$ev1。,714,0,0,0,0
518,使$en1提高$ev1。,715,0,0,0,0
519,使$en1提高$ev1。,716,0,0,0,0
520,将物品等级设置为$ev1，角色等级要求设置为$ev2。与附加材料一同使用可以进一步强化装备。,717,4797,0,0,0
521,,718,0,0,0,0
522,,719,0,0,0,0
523,,720,0,0,0,0
524,根据制作品质设置物品等级（79-83），添加灵魂绑定，等级要求74。,721,4799,0,0,0
525,根据制作品质设置物品等级（80-84），添加灵魂绑定，等级要求80。,722,4800,0,0,0
526,将等级要求设置为65，并将物品等级设置为相应的数值。,723,4801,0,0,0
527,使$en1提高$ev1。,724,0,0,0,0
528,制造消耗品时产能效果提高$ev1%。,725,0,0,0,0
529,使你的制造的装备获得完全无法觉察但绝对真实存在的强化效果。,726,4877,0,0,0
531,为制作的装备颁发PvP战场认证，将其物品等级调整至$ev1。|n|n单次制作需要使用多个。,728,4946,0,0,0
532,为制作的装备颁发PvP战场认证，将其物品等级调整至$ev1。|n|n单次制作需要使用多个。,729,4947,0,0,0
533,为制作的装备颁发PvP战场认证，将其物品等级调整至$ev1。|n|n单次制作需要使用多个。,730,4948,0,0,0
534,为制作的装备颁发PvP战场认证，将其物品等级调整至$ev1。|n|n单次制作需要使用多个。,731,4964,0,0,0
535,为制作的装备颁发PvP战场认证，将其物品等级调整至$ev1。|n|n单次制作需要使用多个。,732,4965,0,0,0
536,为制作的装备颁发PvP战场认证，将其物品等级调整至$ev1。|n|n单次制作需要使用多个。,733,4966,0,0,0
537,根据制作品质设置物品等级（地心之战 - 第2赛季 - 勇士），并标记为时运制造。,734,4975,0,0,0
538,根据制作品质设置物品等级（地心之战 - 第2赛季 - 老兵），添加灵魂绑定，等级要求80。,689,4976,0,0,0
539,根据制作品质设置物品等级（地心之战 - 第2赛季 - 英雄）。,735,4977,0,0,0
540,根据制作品质设置物品等级（地心之战 - 第2赛季 - 神话）。,735,4978,0,0,0
541,根据制作品质设置初始物品等级（地心之战 - 第3赛季 - 勇士），并标记为星光制造。,736,4984,0,0,0
542,根据制作品质设置物品等级（地心之战 - 第3赛季 - 老兵），添加灵魂绑定，等级要求80。,689,4985,0,0,0
543,根据制作品质设置物品等级（地心之战 - 第3赛季 - 英雄）。,737,4986,0,0,0
544,根据制作品质设置物品等级（地心之战 - 第3赛季 - 神话）。,737,4987,0,0,0
545,,738,4997,0,0,0
546,,738,4998,0,0,0
547,根据制作品质设置初始物品等级（246-259），并标记为光耀制造。,740,5038,0,0,0
549,宁神花,741,0,0,0,0
550,血蓟,742,0,0,0,0
551,银叶草,745,0,0,0,0
552,地根草,743,0,0,0,0
553,魔皇草,744,0,0,0,0
554,耀辉铜矿石,746,0,0,0,0
555,幽影锡矿石,747,0,0,0,0
556,辉熠银矿石,748,0,0,0,0
557,耀辉铜锭,749,0,0,0,0
558,薄暮合金,750,0,0,0,0
559,纯银合金,751,0,0,0,0
560,虚空淬炼皮革,753,0,0,0,0
561,虚空淬炼鳞片,754,0,0,0,0
562,虚空淬炼皮毛,755,0,0,0,0
563,虚空淬炼甲片,756,0,0,0,0
564,光明亚麻布,757,0,0,0,0
565,奥纹布,758,0,0,0,0
566,阳炎丝绸,759,0,0,0,0
568,使一件时运火花制造的物品提高6个物品等级。,761,5222,0,0,0
569,奥纹布卷,762,0,0,0,0
570,阳炎丝绸卷,763,0,0,0,0
571,使一件时运火花制造的物品提高3个物品等级。,764,5223,0,0,0
572,光明亚麻布卷,767,0,0,0,0
573,注能光明亚麻布卷,768,0,0,0,0
574,你的法术和技能有几率吸引一只法力浮龙，使你和一名盟友获得奥纹洞察。奥纹洞察会提高你和盟友的主要属性。,769,5237,0,0,0
575,$@spelldesc1241711,770,5238,0,0,0
576,轻歌齿轮,771,0,0,0,0
577,灵魂链齿,772,0,0,0,0
578,永恒之核,773,0,0,0,0
579,以太流明,774,0,0,0,0
580,永歌之尘,776,0,0,0,0
581,光耀碎片,775,0,0,0,0
582,黎明水晶,777,0,0,0,0
583,,779,0,0,100,0
584,,781,0,0,0,0
585,,782,0,0,0,0
586,,789,0,0,0,0
587,,784,0,0,0,0
588,,783,0,0,0,0
589,,786,0,0,0,0
590,,785,0,0,0,0
591,,788,0,0,0,0
592,,787,0,0,0,0
593,,790,0,0,0,0
594,,791,0,0,0,0
595,,792,0,0,0,0
596,,793,0,0,0,0
597,,794,0,0,0,0
598,鳞纹皮毛,795,0,0,0,0
599,注能鳞纹皮毛,796,0,0,0,0
600,银月城武器裹皮,797,0,0,0,0
601,辛多雷装甲带,798,0,0,0,0
602,,800,5523,0,0,0
603,,800,5522,0,0,0
604,,801,0,0,0,0
605,,802,0,0,0,0
606,,804,0,0,0,0
607,,803,0,0,0,0
608,$@spelldesc1245053$@spelldesc437127,805,5639,0,0,0
609,$@spelldesc1245052$@spelldesc437127,808,5899,0,0,0
610,$@spelldesc1245055$@spelldesc437127,807,5538,0,0,0
611,$@spelldesc1245054$@spelldesc437127,806,5539,0,0,0
612,必定有全能和爆击属性。,809,3745,0,0,0
613,必定有爆击和精通属性。,810,3741,0,0,0
614,必定有全能和精通属性。,811,3744,0,0,0
615,必定有爆击和急速属性。,812,3725,0,0,0
616,必定有精通和急速属性。,813,3743,0,0,0
617,必定有全能和急速属性。,814,3742,0,0,0
618,用熟练属性代替随机属性。,815,3886,0,0,0
619,用感知属性代替随机属性。,816,3885,0,0,0
620,用精细属性代替随机属性。,817,3884,0,0,0
621,用制作速度属性代替随机属性。,818,3883,0,0,0
622,用产能属性代替随机属性。,819,3882,0,0,0
623,用充裕属性代替随机属性。,820,3881,0,0,0
624,用奇思属性代替随机属性。,821,3810,0,0,0
625,,822,0,0,0,0
626,,823,0,0,0,0
627,,824,0,0,0,0
628,,825,0,0,0,0
629,使$en1提高$ev1。,826,0,0,0,0
630,使$en1提高$ev1。,827,0,0,0,0
631,使$en1提高$ev1。,828,0,0,0,0
632,使$en1提高$ev1。,829,0,0,0,0
633,你的伤害性法术和技能有几率射出吞噬箭矢，对目标造成伤害，并提高你最高的次要属性。$@spelldesc437127,830,5534,0,0,0
634,你的增益性法术和技能有几率呼唤神灵库尔吉，为你的目标赋予全能。$@spelldesc437127,831,5535,0,0,0
635,你的法术和技能会向目标发射爆裂孢子，根据你的目标是盟友还是敌人，为其恢复生命值或对其造成伤害。$@spelldesc437127,832,5536,0,0,0
636,一种维度奇物，可能提高制作的产出。|n|n该次制作获得$ev1 $en1。,833,0,0,0,0
637,一种维度奇物，必定提高制作的产出。|n|n该次制作获得$ev1 $en1。,833,0,0,0,0
638,提高你在完成制作后返还一部分材料的几率。|n|n该次制作获得$ev1 $en1。,835,0,0,0,0
639,一种罕见的物品，能够在完成制作后返还一部分材料。|n|n该次制作获得$ev1 $en1。,835,0,0,0,0
640,使$en1提高$ev1。,837,0,0,0,0
641,专注时产生奇思的几率提高。|n|n使$en1提高$ev1。,838,0,0,0,0
642,狂放恣意饮剂,839,0,0,0,0
643,启迪药水,840,0,0,0,0
644,圣光潜力,841,0,0,0,0
645,圣光之护,842,0,0,0,0
646,午夜治疗药水,843,0,0,0,0
647,午夜法力药水,844,0,0,0,0
648,吞噬之梦药水,846,0,0,0,0
649,鲁莽药水,845,0,0,0,0
650,狂热药水,847,0,0,0,0
651,复苏血清,848,0,0,0,0
652,虚空遮蔽酊剂,849,0,0,0,0
653,午夜爆击合剂,850,0,0,0,0
654,午夜急速合剂,851,0,0,0,0
655,午夜精通合剂,852,0,0,0,0
656,午夜全能合剂,853,0,0,0,0
657,|n|n使你的装备获得+1 闪烁。,854,5650,0,0,0
658,$@spelldesc1246308,855,5651,0,0,0
659,$@spelldesc1246309,856,5844,0,0,0
660,|n|n便携式的M3DDY，当你在户外世界中不幸死亡时可以将你复活。,857,5653,0,0,0
661,,858,5675,0,0,0
662,,858,5674,0,0,0
663,$@spelldesc1251906,860,5790,0,0,0
664,$@spelldesc1251905,861,5791,0,0,0
665,使一件星光火花制造的物品提高7个物品等级。,865,5808,0,0,0
666,使一件星光火花制造的物品提高3个物品等级。,866,5809,0,0,0
667,将工程学制作的护目镜、护腕、靴子或枪械的副属性分配为爆击。,869,4683,0,0,0
668,将工程学制作的护目镜、护腕、靴子或枪械的副属性分配为精通。,870,4684,0,0,0
669,将工程学制作的护目镜、护腕、靴子或枪械的副属性分配为急速。,871,4685,0,0,0
670,将工程学制作的护目镜、护腕、靴子或枪械的副属性分配为全能。,872,4686,0,0,0
671,$@spelldesc1259648,873,5652,0,0,0
672,使你的制造的装备获得完全无法觉察但绝对真实存在的强化效果。,876,5845,0,0,0
673,为制作的装备颁发PvP战场认证，将其物品等级调整至$ev1。|n|n单次制作需要使用多个。,878,5850,0,0,0
674,为制作的装备颁发PvP战场认证，将其物品等级调整至$ev1。|n|n单次制作需要使用多个。,879,5851,0,0,0
675,为制作的装备颁发PvP战场认证，将其物品等级调整至$ev1。|n|n单次制作需要使用多个。,880,5852,0,0,0
676,$@spelldesc1261971,883,5862,0,0,0
677,|n$@spelldesc1261968,884,5863,0,0,0
678,贝雷达尔圣恩之油,874,0,0,0,0
679,沉眠魂魄血清,881,0,0,0,0
680,混合植物,862,0,0,0,0
681,奇迹增效剂,868,0,0,0,0
682,在你的配方中撒上一点这种秘密原料，有几率节约一些宝贵的资源。,905,0,0,0,0
683,在你的配方中溅入少许这种秘密原料，有几率制造出额外的餐品。,906,0,0,0,0
684,将这道精美的配菜加入你的食谱，可大幅提高制作出的餐品总量。,907,0,0,0,0
685,私运者的附魔之锋,867,0,0,0,0
686,,910,6007,0,0,0
687,,910,6036,0,0,0
688,根据制作品质设置初始物品等级（292-305），并标记为潮汐制造。,909,6037,0,0,0
689,为制作的装备颁发PvP战场认证，将其物品等级调整至$ev1。|n|n单次制作需要使用多个。,913,6054,0,0,0
690,你的伤害性技能会向目标施加腐蚀酸液，造成持续伤害。再次对该目标造成伤害时，有几率引爆毒液并对周围的敌人造成溅射伤害。,914,6055,0,0,0
691,为制作的装备颁发PvP战场认证，将其物品等级调整至$ev1。|n|n单次制作需要使用多个。,915,6056,0,0,0
692,为制作的装备颁发PvP战场认证，将其物品等级调整至$ev1。|n|n单次制作需要使用多个。,916,6057,0,0,0
693,你的法术和技能有几率使你的急速提高，目标生命值越低，触发几率越高。,917,6058,0,0,0
694,爆击会施加可叠加的祝福，进一步提高爆击。达到最大层数时，爆击会造成爆发伤害。,918,6061,0,0,0
695,|n$@spelldesc1297384,919,6062,0,0,0
696,$@spelldesc1297382,920,6067,0,0,0
697,,921,0,0,0,0
