ID,Name_lang,HordeName_lang,ParentTradeSkillCategoryID,SkillLineID,OrderIndex,Flags
58,节日烹饪,,72,185,4,0
59,冬幕节,,58,185,0,0
60,腿甲片，等级1,,379,165,0,0
61,腿甲片，等级2,,379,165,0,0
63,每日烹饪,,90,185,7,0
64,烧烤之道,,90,975,1,1
65,烹炒之道,,90,976,2,1
66,炖煮之道,,90,977,3,1
67,蒸烧之道,,90,978,4,1
68,烘培之道,,90,979,5,1
69,酿造之道,,90,980,6,1
70,不寻常的小点心,,72,185,5,0
72,旧世界配方,,1016,2548,999,1
73,外域菜肴,,1017,2547,990,1
74,北境配方,,1018,2546,980,1
75,大地的裂变配方,,1019,2545,970,1
76,基础,,379,165,0,0
77,材料,,76,165,0,0
78,忍者装备,,76,165,0,0
81,仅限自用的附魔,,362,197,5,0
82,腿部,,81,197,0,0
83,披风,,81,197,0,0
84,其他,,362,197,10,0
90,熊猫人料理,,1015,2544,960,1
91,雕文,,450,773,140,0
92,雕文 - 法师,,415,773,170,0
93,雕文 - 牧师,,415,773,200,0
94,雕文 - 术士,,415,773,230,0
95,雕文 - 德鲁伊,,415,773,150,0
96,雕文 - 武僧,,415,773,180,0
97,雕文 - 盗贼,,415,773,210,0
98,雕文 - 猎人,,415,773,160,0
99,雕文 - 萨满,,415,773,220,0
100,雕文 - 圣骑士,,415,773,190,0
101,雕文 - 战士,,415,773,240,0
102,法杖和魔杖,,415,773,70,0
103,副手,,415,773,80,0
104,墨水,,415,773,20,0
105,清心书卷,,415,773,110,0
106,卡牌,,415,773,50,0
107,卷轴,,415,773,100,0
108,研究,,415,773,10,0
113,雕文,,415,773,0,0
114,其他,,415,773,250,0
115,任务,,415,773,60,0
116,制造,,415,773,90,0
117,传送,,415,773,120,0
118,材料,,415,773,0,0
119,肩部铭文,,763,773,60,0
127,仅限自用,,415,773,30,0
128,装备后绑定,,415,773,20,0
129,账号绑定,,415,773,10,0
130,使用后绑定,,415,773,20,0
131,拾取后绑定,,415,773,10,0
150,绷带,,397,129,100,0
151,解毒剂,,397,129,200,0
164,蓝色宝石,,372,755,15,0
165,拳套,,372,755,90,0
166,绿色宝石,,372,755,30,0
167,头冠和配饰,,372,755,80,0
168,原料,,372,755,65,0
169,多彩宝石,,372,755,40,0
170,坐骑,,372,755,60,0
171,项链,,372,755,55,0
172,橙色宝石,,372,755,25,0
173,棱彩宝石,,372,755,45,0
174,紫色宝石,,372,755,35,0
175,红色宝石,,372,755,10,0
176,戒指,,372,755,50,0
177,棱镜,,372,755,70,0
178,雕像,,372,755,95,0
179,宠物与小玩意儿,,372,755,75,0
180,饰品,,372,755,85,0
181,黄色宝石,,372,755,20,0
182,工匠,,419,202,1025,0
183,零件,,419,202,1020,0
184,爆炸物,,419,202,1030,0
185,眼镜,,419,202,1040,0
186,护甲，可穿戴,,419,202,1050,0
187,护甲，饰品,,419,202,1060,0
188,工程装置,,419,202,1070,0
189,枪械和弓箭,,419,202,1080,0
190,瞄准镜,,419,202,1090,0
191,工具,,419,202,1100,0
192,坐骑,,419,202,1110,0
193,齿轮,,419,202,1100,0
194,烟花,,419,202,1100,0
195,钓鱼,,419,202,1100,0
196,机器人,,419,202,1100,0
197,旅行,,419,202,1100,0
198,腰带,,419,202,1100,0
199,手套,,419,202,1100,0
200,披风,,419,202,1100,0
201,致命,,419,202,1100,0
202,消耗品,,419,202,1100,0
203,通用,,419,202,1100,0
204,强化护甲,,419,202,1000,0
210,符文,,0,960,0,0
214,研究,,372,755,-1,0
215,原料,,590,164,10,0
216,武器模组,,590,164,20,0
217,护甲强化,,590,164,30,0
218,头盔,,590,164,40,0
219,肩部,,590,164,50,0
220,胸甲,,590,164,60,0
221,护手,,590,164,70,0
222,护腕,,590,164,80,0
223,腰带,,590,164,90,0
224,腿部,,590,164,100,0
225,鞋,,590,164,110,0
226,盾牌,,590,164,120,0
227,武器,,590,164,130,0
228,骷髅钥匙,,590,164,140,0
229,镶孔,,590,164,150,0
230,原料,,362,197,10,0
231,刺绣,,362,197,20,0
232,魔线,,362,197,30,0
233,包裹,,362,197,40,0
234,帽子和兜帽,,362,197,50,0
235,肩部,,362,197,60,0
236,长袍和法袍,,362,197,70,0
237,护腕,,362,197,80,0
238,腰带,,362,197,90,0
239,手套,,362,197,100,0
240,裤子,,362,197,110,0
241,鞋,,362,197,120,0
242,披风,,362,197,130,0
243,衬衣,,362,197,140,0
244,坐骑,,362,197,150,0
245,网,,362,197,160,0
246,特殊,,362,197,170,0
247,原料,,379,165,10,0
248,雕饰,,379,165,20,0
249,护甲片,,379,165,30,0
250,包裹,,379,165,40,0
251,头盔,,379,165,50,0
252,肩部,,379,165,60,0
253,胸甲,,379,165,70,0
254,护腕,,379,165,80,0
255,手套,,379,165,90,0
256,腰带,,379,165,100,0
257,裤子,,379,165,110,0
258,鞋,,379,165,120,0
259,披风,,379,165,130,0
260,特殊,,379,165,140,0
261,鼓,,379,165,35,0
264,熔炼,,1078,186,0,0
265,元素,,1076,186,1,0
296,研究,,379,165,1,0
297,训练项目,,590,164,160,0
332,德拉诺炼金术,,594,2480,950,1
333,材料与研究,,332,171,100,0
334,合剂,,332,171,200,0
335,药水与药剂,,332,171,300,0
336,饰品及饰品升级物品,,332,171,400,0
342,德拉诺美食,,1013,2543,950,1
343,肉类佳肴,,342,185,20,0
344,鱼类佳肴,,342,185,30,0
345,盛宴,,342,185,0,0
346,佳肴,,342,185,10,0
347,德拉诺工程学,,711,2501,950,1
348,德拉诺附魔,,648,2488,950,1
349,披风,,348,333,200,0
350,颈部,,348,333,300,0
351,戒指,,348,333,400,0
352,武器,,348,333,100,0
354,其他,,348,333,500,0
361,物品增强器,,410,773,200,0
362,裁缝图样,,957,2540,999,1
363,护甲,,369,197,40,0
364,染料与丝线,,369,197,30,0
365,背包,,369,197,20,0
366,材料与研究,,369,197,10,0
367,其他,,369,197,50,0
368,披风,,369,197,45,0
369,德拉诺图样,,948,2535,950,1
372,珠宝设计图,,816,2524,999,1
373,德拉诺设计图,,807,2519,950,1
374,材料与研究,,373,755,10,0
375,珠宝增强器,,373,755,20,0
376,珠宝,,373,755,30,0
377,宝石,,373,755,40,0
378,其他,,373,755,50,0
379,制皮图样,,874,2532,999,1
380,德拉诺图样,,873,2527,950,1
381,材料与研究,,380,165,10,0
382,皮甲,,380,165,40,0
383,锁甲,,380,165,50,0
384,护甲增强器,,380,165,30,0
385,披风,,380,165,60,0
386,背包,,380,165,20,0
388,其他,,380,165,70,0
389,德拉诺图纸,,551,2472,950,1
390,材料与研究,,389,164,10,0
391,物品增强器,,389,164,30,0
392,护甲,,389,164,40,0
393,武器与盾牌,,389,164,50,0
394,其他,,389,164,60,0
396,德拉诺疗法,,0,129,10,0
397,老疗法,,0,129,100,0
399,幻象,,348,333,0,0
400,军旗,,369,197,10,0
401,其他,,369,197,10,0
402,帐篷,,380,165,50,0
403,贸易订单,,410,773,20,0
407,材料与研究,,347,202,0,0
408,消耗品，小玩意儿,,347,202,100,0
409,材料与研究,,348,333,0,0
410,德拉诺铭文,,761,2509,950,1
411,法杖和魔杖,,410,773,500,0
412,卡牌,,410,773,400,0
413,副手,,410,773,600,0
414,材料与研究,,410,773,100,0
415,铭文,,770,2514,999,1
416,眼镜,,347,202,100,0
417,机器人,,347,202,300,0
418,工程装置,,347,202,200,0
419,工程学,,720,2506,999,1
420,工具,,410,773,100,0
423,转化,,332,171,200,0
424,训练,,426,164,0,0
425,军团采矿,,1066,2566,940,1
426,军团图纸,,545,2454,940,1
427,护甲,,426,164,40,0
428,其他,,426,164,60,0
429,材料,,426,164,10,0
430,军团图样,,947,2534,940,1
431,披风,,430,197,30,0
432,训练,,430,197,0,0
433,破碎群岛炼金术,,593,2479,940,1
434,战斗药水,,433,171,1,0
435,合剂,,433,171,1,0
436,转化,,433,171,1,0
437,实用药水,,433,171,1,0
438,饰品,,433,171,1,0
439,药锅,,433,171,1,0
440,批量研磨,,410,773,101,0
443,军团附魔,,649,2487,940,1
444,项链附魔,,443,333,30,0
445,戒指附魔,,443,333,10,0
446,披风附魔,,443,333,20,0
447,肩部附魔,,443,333,40,0
448,手套附魔,,443,333,50,0
449,玩具、宠物和坐骑,,443,333,60,0
450,军团铭文,,760,2508,940,1
451,卡牌,,450,773,100,0
453,凡图斯符文,,450,773,200,0
454,书籍与歌谱,,450,773,400,0
455,雕文 - 恶魔猎手,,415,773,140,0
456,军团草药学,,1031,2550,940,1
459,军团剥皮,,1047,2558,940,1
460,军团图样,,872,2526,940,1
461,皮甲,,460,165,40,0
462,锁甲,,460,165,40,0
463,其他,,460,165,40,0
464,军团设计图,,806,2518,940,1
465,戒指,,464,755,30,0
466,宝石,,464,755,40,0
467,其他,,464,755,50,0
468,基础训练,,460,165,0,0
469,军团工程学,,710,2500,940,1
470,眼镜,,469,202,10,0
471,战斗工具,,469,202,20,0
472,工程装置,,469,202,30,0
473,玩具、宠物和小玩意儿,,469,202,40,0
474,机器人,,469,202,50,0
475,破碎群岛美食,,1014,2542,940,1
476,小吃,,475,185,10,0
477,简餐,,475,185,20,0
478,大餐,,475,185,30,0
479,佳肴,,475,185,40,0
480,盛宴,,475,185,50,0
481,破碎群岛疗法,,0,129,5,0
484,材料准备训练,,460,165,1,0
485,鞣制训练,,460,165,2,0
486,塑形训练,,460,165,3,0
487,缝制训练,,460,165,4,0
488,圣物,,426,164,30,0
489,圣物,,469,202,30,0
490,圣物,,443,333,60,0
491,圣物,,450,773,400,0
492,批量研磨,,450,773,101,0
495,布甲,,430,197,20,0
496,材料,,430,197,10,0
497,其它,,430,197,40,0
505,批量选矿,,464,755,1000,0
506,分解,,443,333,0,0
507,项链,,464,755,35,0
509,宠物,,415,773,90,0
535,王冠,,464,755,50,0
536,训练,,464,755,0,0
541,库尔提拉斯锻造 - 页眉,赞达拉锻造 - 页眉,0,164,930,0
542,库尔提拉斯设计图,赞达拉设计图,541,2437,930,1
545,军团图纸 - 页眉,,0,164,940,0
547,护甲,,542,164,10,0
548,武器,,542,164,20,0
549,其它,,542,164,30,0
550,商业工具,,542,164,999,0
551,德拉诺图纸 - 页眉,,0,164,950,0
552,熊猫人图纸 - 页眉,,0,164,960,0
553,熊猫人图纸,,552,2473,960,1
554,头盔,,553,164,30,0
555,肩部,,553,164,40,0
556,原料,,553,164,10,0
557,装备模块,,553,164,20,0
559,胸甲,,553,164,50,0
560,护手,,553,164,60,0
561,护腕,,553,164,70,0
562,腰带,,553,164,80,0
563,腿部,,553,164,90,0
564,鞋,,553,164,100,0
565,盾牌,,553,164,110,0
566,武器,,553,164,120,0
567,万能钥匙,,553,164,130,0
568,大地的裂变图纸 - 页眉,,0,164,970,0
569,大地的裂变图纸,,568,2474,970,1
570,护甲,,569,164,30,0
571,武器,,569,164,50,0
572,原料,,569,164,10,0
573,盾牌,,569,164,40,0
574,装备模块,,569,164,20,0
575,万能钥匙,,569,164,60,0
576,诺森德图纸 - 页眉,,0,164,980,0
577,诺森德图纸,,576,2475,980,1
578,装备模块,,577,164,10,0
579,护甲,,577,164,20,0
580,盾牌,,577,164,30,0
581,武器,,577,164,40,0
582,万能钥匙,,577,164,50,0
583,外域图纸 - 页眉,,0,164,990,0
584,外域图纸,,583,2476,990,1
585,装备模块,,584,164,10,0
586,护甲,,584,164,20,0
588,武器,,584,164,30,0
589,经典旧世图纸 - 页眉,,0,164,999,0
590,锻造设计图,,589,2477,999,1
591,库尔提拉斯炼金术 - 页眉,赞达拉炼金术 - 页眉,0,171,930,0
592,库尔提拉斯炼金术,赞达拉炼金术,591,2478,930,1
593,破碎群岛炼金术 - 页眉,,0,171,940,0
594,德拉诺炼金术 - 页眉,,0,171,950,0
595,潘达利亚炼金术 - 页眉,,0,171,960,0
596,潘达利亚炼金术,,595,2481,960,1
597,大地的裂变炼金术 - 页眉,,0,171,970,0
598,大地的裂变炼金术,,597,2482,970,1
599,诺森德炼金术 - 页眉,,0,171,980,0
600,诺森德炼金术,,599,2483,980,1
601,外域炼金术 - 页眉,,0,171,990,0
602,外域炼金术,,601,2484,990,1
603,经典旧世炼金术 - 页眉,,0,171,999,0
604,炼金,,603,2485,999,1
605,战斗药水,,592,171,10,0
606,实用药水,,592,171,20,0
607,合剂,,592,171,30,0
608,转化,,592,171,40,0
609,饰品,,592,171,50,0
610,商业工具,,592,171,999,0
611,药水,,596,171,10,0
612,药剂,,596,171,20,0
613,合剂,,596,171,30,0
614,转化,,596,171,40,0
615,饰品,,596,171,50,0
616,油,,596,171,60,0
617,药锅,,598,171,5,0
618,药水,,598,171,10,0
619,药剂,,598,171,20,0
620,合剂,,598,171,30,0
621,转化,,598,171,40,0
622,饰品,,598,171,50,0
623,油,,598,171,60,0
624,坐骑,,598,171,70,0
625,研究,,600,171,5,0
626,药水,,600,171,10,0
627,药剂,,600,171,20,0
628,合剂,,600,171,30,0
629,转化,,600,171,40,0
630,饰品,,600,171,50,0
631,油,,600,171,60,0
632,药锅,,602,171,5,0
633,药水,,602,171,10,0
634,药剂,,602,171,20,0
635,合剂,,602,171,30,0
636,转化,,602,171,40,0
637,饰品,,602,171,50,0
638,药水,,604,171,10,0
639,药剂,,604,171,20,0
640,合剂,,604,171,30,0
641,转化,,604,171,40,0
642,饰品,,604,171,50,0
643,油,,604,171,60,0
644,原料,,604,171,5,0
645,特殊,,604,171,70,0
646,库尔提拉斯附魔 - 页眉,赞达拉附魔 - 页眉,0,333,930,0
647,库尔提拉斯附魔,赞达拉附魔,646,2486,930,1
648,德拉诺附魔 - 页眉,,0,333,950,0
649,军团附魔 - 页眉,,0,333,940,0
650,手套附魔,,647,333,10,0
651,戒指附魔,,647,333,20,0
652,武器附魔,,647,333,30,0
654,材料,,656,333,10,0
655,潘达利亚附魔 - 页眉,,0,333,960,0
656,潘达利亚附魔,,655,2489,960,1
657,护甲附魔,,656,333,20,0
658,武器附魔,,656,333,30,0
659,盾牌和副手物品附魔,,656,333,40,0
660,大地的裂变附魔 - 页眉,,0,333,970,0
661,大地的裂变附魔,,660,2491,970,1
662,诺森德附魔 - 页眉,,0,333,980,0
663,诺森德附魔,,662,2492,980,1
664,外域附魔 - 页眉,,0,333,990,0
665,外域附魔,,664,2493,990,1
666,经典旧世附魔 - 页眉,,0,333,999,0
667,附魔,,666,2494,999,1
668,护甲附魔,,661,333,10,0
669,武器附魔,,661,333,20,0
670,盾牌和副手物品附魔,,661,333,30,0
671,宠物,,661,333,40,0
672,材料,,663,333,10,0
673,靴子附魔,,663,333,20,0
674,手套附魔,,663,333,30,0
675,胸甲附魔,,663,333,40,0
676,披风附魔,,663,333,50,0
677,护腕附魔,,663,333,60,0
678,武器附魔,,663,333,70,0
679,盾牌附魔,,663,333,80,0
680,材料,,665,333,10,0
681,靴子附魔,,665,333,20,0
682,护腕附魔,,665,333,30,0
683,胸甲附魔,,665,333,40,0
684,披风附魔,,665,333,50,0
685,手套附魔,,665,333,60,0
686,武器附魔,,665,333,70,0
687,盾牌附魔,,665,333,80,0
688,油,,665,333,90,0
689,其它,,665,333,100,0
690,靴子附魔,,667,333,10,0
691,护腕附魔,,667,333,20,0
692,胸甲附魔,,667,333,30,0
693,披风附魔,,667,333,40,0
694,手套附魔,,667,333,50,0
695,武器附魔,,667,333,60,0
696,盾牌附魔,,667,333,70,0
697,魔棒,,667,333,1,0
698,魔杖,,667,333,80,0
699,油,,667,333,90,0
700,饰品,,667,333,100,0
701,材料,,667,333,5,0
702,幻象,,656,333,1,0
703,幻象,,661,333,1,0
704,幻象,,663,333,1,0
705,幻象,,665,333,1,0
706,幻象,,667,333,2,0
707,材料,,661,333,1,0
708,库尔提拉斯工程学 - 页眉,赞达拉工程学 - 页眉,0,202,930,0
709,库尔提拉斯工程学,赞达拉工程学,708,2499,930,1
710,军团工程学 - 页眉,,0,202,940,0
711,德拉诺工程学 - 页眉,,0,202,950,0
712,潘达利亚工程学 - 页眉,,0,202,960,0
713,潘达利亚工程学,,712,2502,960,1
714,大地的裂变工程学 - 页眉,,0,202,970,0
715,大地的裂变工程学,,714,2503,970,1
716,诺森德工程学 - 页眉,,0,202,980,0
717,诺森德工程学,,716,2504,980,1
718,外域工程学 - 页眉,,0,202,990,0
719,外域工程学,,718,2505,990,1
720,经典旧世工程学 - 页眉,,0,202,999,0
721,炸弹,,709,202,10,0
722,工程装置,,709,202,20,0
723,武器,,709,202,30,0
724,坐骑和宠物,,709,202,50,0
725,烟火,,347,202,1100,0
726,炸药,,713,202,10,0
727,烟火,,713,202,20,0
728,工程装置,,713,202,30,0
729,材料,,713,202,40,0
730,目镜,,713,202,50,0
731,枪械,,713,202,60,0
732,瞄准镜,,713,202,70,0
733,坐骑,,713,202,80,0
734,齿轮,,713,202,90,0
735,工匠,,715,202,10,0
736,材料,,715,202,20,0
737,炸药,,715,202,30,0
738,目镜,,715,202,40,0
739,工程装置,,715,202,50,0
740,武器,,715,202,60,0
741,瞄准镜,,715,202,70,0
742,工匠,,717,202,10,0
743,材料,,717,202,20,0
744,炸药,,717,202,30,0
745,目镜,,717,202,40,0
746,工程装置,,717,202,50,0
747,武器,,717,202,60,0
748,瞄准镜,,717,202,70,0
749,坐骑,,717,202,70,0
750,材料,,719,202,10,0
751,炸药,,719,202,20,0
752,目镜,,719,202,30,0
753,工程装置,,719,202,40,0
754,武器,,719,202,50,0
755,瞄准镜,,719,202,60,0
756,坐骑,,719,202,70,0
757,烟火,,719,202,80,0
758,库尔提拉斯铭文 - 页眉,赞达拉铭文 - 页眉,0,773,930,0
759,库尔提拉斯铭文,赞达拉铭文,758,2507,930,1
760,军团铭文 - 页眉,,0,773,940,0
761,德拉诺铭文 - 页眉,,0,773,950,0
762,潘达利亚铭文 - 页眉,,0,773,960,0
763,潘达利亚铭文,,762,2510,960,1
764,大地的裂变铭文 - 页眉,,0,773,970,0
765,大地的裂变铭文,,764,2511,970,1
766,诺森德铭文 - 页眉,,0,773,980,0
767,诺森德铭文,,766,2512,980,1
768,外域铭文 - 页眉,,0,773,990,0
769,外域铭文,,768,2513,990,1
770,经典旧世铭文 - 页眉,,0,773,999,0
771,书籍与卷轴,,759,773,10,0
772,合约,,759,773,20,0
773,饰品,,759,773,30,0
774,副手,,759,773,40,0
775,批量研磨,,759,773,50,0
776,凡图斯符文,,759,773,60,0
777,雕文,,763,773,20,0
778,法杖和副手物品,,763,773,30,0
779,墨水,,763,773,10,0
780,卡牌,,763,773,40,0
781,卷轴和研究,,763,773,50,0
782,任务,,763,773,70,0
783,玩具和宠物,,763,773,80,0
784,饰品,,763,773,35,0
785,墨水,,765,773,10,0
786,雕文,,765,773,20,0
787,卷轴和研究,,765,773,30,0
788,卡牌,,765,773,40,0
789,肩部铭文,,765,773,50,0
790,武器和副手物品,,765,773,60,0
791,任务,,765,773,70,0
792,玩具,,765,773,80,0
793,墨水,,767,773,10,0
794,雕文,,767,773,20,0
795,卷轴和研究,,767,773,30,0
796,卡牌,,767,773,40,0
797,副手,,767,773,50,0
798,肩部铭文,,767,773,60,0
799,墨水,,769,773,10,0
800,雕文,,769,773,20,0
801,卡牌,,769,773,30,0
802,卷轴和研究,,769,773,40,0
803,副手,,769,773,50,0
804,库尔提拉斯图纸 - 页眉,赞达拉图纸 - 页眉,0,755,930,0
805,库尔提拉斯图纸,赞达拉图纸,804,2517,930,1
806,军团图纸 - 页眉,,0,755,940,0
807,德拉诺图纸 - 页眉,,0,755,950,0
808,潘达利亚图纸 - 页眉,,0,755,960,0
809,潘达利亚图纸,,808,2520,960,1
810,大地的裂变图纸 - 页眉,,0,755,970,0
811,大地的裂变图纸,,810,2521,970,1
812,诺森德图纸 - 页眉,,0,755,980,0
813,诺森德图纸,,812,2522,980,1
814,外域图纸 - 页眉,,0,755,990,0
815,外域图纸,,814,2523,990,1
816,经典旧世图纸 - 页眉,,0,755,999,0
817,宝石,,805,755,10,0
818,批量选矿,,805,755,20,0
819,戒指,,805,755,30,0
820,武器,,805,755,40,0
821,蓝色宝石,,809,755,10,0
822,绿色宝石,,809,755,20,0
823,橙色宝石,,809,755,30,0
824,紫色宝石,,809,755,40,0
825,红色宝石,,809,755,50,0
826,紫色宝石,,809,755,60,0
827,多彩宝石,,809,755,70,0
828,项链,,809,755,80,0
829,戒指,,809,755,90,0
830,坐骑,,809,755,100,0
831,研究,,809,755,5,0
832,玩具和宠物,,809,755,110,0
833,黄色宝石,,809,755,65,0
834,蓝色宝石,,811,755,10,0
835,绿色宝石,,811,755,20,0
836,橙色宝石,,811,755,30,0
837,紫色宝石,,811,755,40,0
838,红色宝石,,811,755,50,0
839,黄色宝石,,811,755,60,0
840,多彩宝石,,811,755,70,0
841,项链,,811,755,80,0
842,戒指,,811,755,90,0
843,王冠,,811,755,100,0
844,拳套,,811,755,110,0
845,玩具和棱镜,,811,755,120,0
846,蓝色宝石,,813,755,10,0
847,绿色宝石,,813,755,20,0
848,橙色宝石,,813,755,30,0
849,紫色宝石,,813,755,40,0
850,红色宝石,,813,755,50,0
851,黄色宝石,,813,755,60,0
852,多彩宝石,,813,755,70,0
853,项链,,813,755,80,0
854,戒指,,813,755,90,0
855,棱彩宝石,,813,755,75,0
856,宠物与小玩意儿,,813,755,100,0
857,蓝色宝石,,815,755,10,0
858,绿色宝石,,815,755,20,0
859,橙色宝石,,815,755,30,0
860,紫色宝石,,815,755,40,0
861,红色宝石,,815,755,50,0
862,黄色宝石,,815,755,60,0
863,多彩宝石,,815,755,70,0
864,项链,,815,755,80,0
865,戒指,,815,755,90,0
866,饰品,,815,755,100,0
867,棱镜和雕像,,815,755,110,0
868,材料,,815,755,5,0
869,王冠,,815,755,95,0
870,库尔提拉斯图样 - 页眉,赞达拉图样 - 页眉,0,165,930,0
871,库尔提拉斯图样,赞达拉图样,870,2525,930,1
872,军团图样 - 页眉,,0,165,940,0
873,德拉诺图样 - 页眉,,0,165,950,0
874,经典旧世图样 - 页眉,,0,165,999,0
875,潘达利亚图样 - 页眉,,0,165,960,0
876,潘达利亚图样,,875,2528,960,1
877,大地的裂变图样 - 页眉,,0,165,970,0
878,大地的裂变图样,,877,2529,970,1
879,诺森德图样 - 页眉,,0,165,980,0
880,诺森德图样,,879,2530,980,1
881,外域图样 - 页眉,,0,165,990,0
882,外域图样,,881,2531,990,1
883,皮甲,,871,165,10,0
884,锁甲,,871,165,20,0
885,武器,,871,165,30,0
886,其它,,871,165,40,0
887,原料,,876,165,10,0
888,雕饰,,876,165,20,0
889,护甲片,,876,165,30,0
890,背包,,876,165,40,0
891,头盔,,876,165,50,0
892,肩部,,876,165,60,0
893,胸甲,,876,165,70,0
894,护腕,,876,165,80,0
895,手套,,876,165,90,0
896,腰带,,876,165,100,0
897,裤子,,876,165,110,0
898,鞋,,876,165,120,0
899,披风,,876,165,130,0
900,鼓,,876,165,140,0
901,研究,,876,165,150,0
902,原料,,878,165,10,0
903,护甲片,,878,165,20,0
904,背包,,878,165,30,0
905,头盔,,878,165,40,0
906,肩部,,878,165,50,0
907,胸甲,,878,165,60,0
908,护腕,,878,165,70,0
909,手套,,878,165,80,0
910,腰带,,878,165,90,0
911,裤子,,878,165,100,0
912,鞋,,878,165,110,0
913,披风,,878,165,120,0
914,原料,,880,165,10,0
915,护甲片,,880,165,20,0
916,背包,,880,165,30,0
917,头盔,,880,165,40,0
918,肩部,,880,165,50,0
919,胸甲,,880,165,60,0
920,护腕,,880,165,70,0
921,手套,,880,165,80,0
922,腰带,,880,165,90,0
923,裤子,,880,165,100,0
924,鞋,,880,165,110,0
925,披风,,880,165,120,0
926,鼓,,880,165,130,0
927,原料,,882,165,10,0
928,护甲片,,882,165,20,0
929,背包,,882,165,30,0
930,头盔,,882,165,40,0
931,肩部,,882,165,50,0
932,胸甲,,882,165,60,0
933,护腕,,882,165,70,0
934,手套,,882,165,80,0
935,腰带,,882,165,90,0
936,裤子,,882,165,100,0
937,鞋,,882,165,110,0
938,披风,,882,165,120,0
939,特殊,,882,165,130,0
940,鼓,,882,165,140,0
941,库尔提拉斯图样 - 页眉,赞达拉图样 - 页眉,0,197,930,0
942,库尔提拉斯图样,赞达拉图样,941,2533,930,1
943,背包,,942,197,10,0
944,护甲,,942,197,20,0
945,战旗,,942,197,30,0
946,其他,,942,197,40,0
947,军团图样 - 页眉,,0,197,940,0
948,德拉诺图样 - 页眉,,0,197,950,0
949,潘达利亚图样 - 页眉,,0,197,960,0
950,潘达利亚图样,,949,2536,960,1
951,大地的裂变图样 - 页眉,,0,197,970,0
952,大地的裂变图样,,951,2537,970,1
953,诺森德图样 - 页眉,,0,197,980,0
954,诺森德图样,,953,2538,980,1
955,外域图样 - 页眉,,0,197,990,0
956,外域图样,,955,2539,990,1
957,经典旧世图样 - 页眉,,0,197,999,0
958,原料,,950,197,10,0
959,刺绣,,950,197,20,0
960,魔线,,950,197,30,0
961,背包,,950,197,40,0
962,帽子和兜帽,,950,197,50,0
963,肩部,,950,197,60,0
964,长袍和法袍,,950,197,70,0
965,护腕,,950,197,80,0
966,腰带,,950,197,90,0
967,手套,,950,197,100,0
968,裤子,,950,197,110,0
969,鞋,,950,197,120,0
970,披风,,950,197,130,0
971,其它,,950,197,140,0
972,原料,,952,197,10,0
973,魔线,,952,197,20,0
974,背包,,952,197,30,0
975,帽子和兜帽,,952,197,40,0
976,肩部,,952,197,50,0
977,长袍和法袍,,952,197,60,0
978,护腕,,952,197,70,0
979,腰带,,952,197,80,0
980,手套,,952,197,90,0
981,裤子,,952,197,100,0
982,鞋,,952,197,110,0
983,披风,,952,197,120,0
984,网,,952,197,130,0
985,原料,,954,197,10,0
986,魔线,,954,197,20,0
987,背包,,954,197,30,0
988,帽子和兜帽,,954,197,40,0
989,肩部,,954,197,50,0
990,长袍和法袍,,954,197,60,0
991,护腕,,954,197,70,0
992,腰带,,954,197,80,0
993,手套,,954,197,90,0
994,裤子,,954,197,100,0
995,鞋,,954,197,110,0
996,披风,,954,197,120,0
997,衬衣,,954,197,130,0
998,坐骑,,954,197,140,0
999,网,,954,197,150,0
1000,原料,,956,197,10,0
1001,魔线,,956,197,20,0
1002,背包,,956,197,30,0
1003,帽子和兜帽,,956,197,40,0
1004,护肩,,956,197,50,0
1005,长袍和法袍,,956,197,60,0
1006,护腕,,956,197,70,0
1007,腰带,,956,197,80,0
1008,手套,,956,197,90,0
1009,裤子,,956,197,100,0
1010,鞋,,956,197,110,0
1011,披风,,956,197,120,0
1012,网,,956,197,130,0
1013,德拉诺美食 - 页眉,,0,185,950,0
1014,破碎群岛美食 - 页眉,,0,185,940,0
1015,熊猫人料理 - 页眉,,0,185,960,0
1016,旧世界配方 - 页眉,,0,185,999,0
1017,外域菜肴 - 页眉,,0,185,990,0
1018,北境配方 - 页眉,,0,185,980,0
1019,大地的裂变配方 - 页眉,,0,185,970,0
1020,每日烹饪,,75,185,10,0
1021,娱乐饮料,,75,185,20,0
1022,鱼饵,,75,185,30,0
1023,每日烹饪,,72,185,0,0
1024,每日烹饪,,73,185,0,0
1025,每日烹饪,,74,185,0,0
1026,墨水,,759,773,5,0
1027,瞄准镜&弹药,,709,202,40,0
1028,库尔提拉斯草药学 - 页眉,赞达拉草药学 - 页眉,0,182,930,0
1029,库尔提拉斯草药学,赞达拉草药学,1028,2549,930,1
1030,采集技术,,1029,182,0,0
1031,军团草药学 - 页眉,,0,182,940,0
1032,采集技术,,456,182,0,0
1033,德拉诺草药学 - 页眉,,0,182,950,0
1034,德拉诺草药学,,1033,2551,950,1
1035,潘达利亚草药学 - 页眉,,0,182,960,0
1036,潘达利亚草药学,,1035,2552,960,1
1037,大地的裂变草药学 - 标题,,0,182,970,0
1038,大地的裂变草药学,,1037,2553,970,1
1039,诺森德草药学 - 页眉,,0,182,980,0
1040,诺森德草药学,,1039,2554,980,1
1041,外域草药学 - 页眉,,0,182,990,0
1042,外域草药学,,1041,2555,990,1
1043,经典旧世草药学 - 页眉,,0,182,999,0
1044,草药学,,1043,2556,999,1
1045,库尔提拉斯剥皮 - 页眉,赞达拉剥皮 - 页眉,0,393,930,0
1046,库尔提拉斯剥皮,赞达拉剥皮,1045,2557,930,1
1047,军团剥皮 - 页眉,,0,393,940,0
1049,德拉诺剥皮 - 页眉,,0,393,950,0
1050,德拉诺剥皮,,1049,2559,950,1
1051,潘达利亚剥皮 - 页眉,,0,393,960,0
1052,潘达利亚剥皮,,1051,2560,960,1
1053,大地的裂变剥皮 - 页眉,,0,393,970,0
1054,大地的裂变剥皮,,1053,2561,970,1
1055,诺森德剥皮 - 页眉,,0,393,980,0
1056,诺森德剥皮,,1055,2562,980,1
1057,外域剥皮 - 页眉,,0,393,990,0
1058,外域剥皮,,1057,2563,990,1
1059,经典旧世剥皮 - 页眉,,0,393,999,0
1060,剥皮,,1059,2564,999,1
1061,剥皮技术,,1046,393,0,0
1062,剥皮技术,,459,393,0,0
1064,库尔提拉斯采矿 - 页眉,赞达拉采矿 - 页眉,0,186,930,0
1065,库尔提拉斯采矿,赞达拉采矿,1064,2565,930,1
1066,军团采矿 - 页眉,,0,186,940,0
1067,德拉诺采矿 - 页眉,,0,186,950,0
1068,德拉诺采矿,,1067,2567,950,1
1069,潘达利亚采矿 - 页眉,,0,186,960,0
1070,潘达利亚采矿,,1069,2568,960,1
1071,大地的裂变采矿 - 页眉,,0,186,970,0
1072,大地的裂变采矿,,1071,2569,970,1
1073,诺森德采矿 - 页眉,,0,186,980,0
1074,诺森德采矿,,1073,2570,980,1
1075,外域采矿 - 页眉,,0,186,990,0
1076,外域采矿,,1075,2571,990,1
1077,经典旧世采矿 - 页眉,,0,186,999,0
1078,采矿,,1077,2572,999,1
1079,采矿技术,,1065,186,0,0
1080,采矿技术,,425,186,0,0
1081,熔炼,,1076,186,2,0
1082,熔炼,,1074,186,1,0
1083,熔炼,,1072,186,1,0
1084,熔炼,,1070,186,1,0
1085,坐骑装备,,542,164,50,0
1086,绷带,,942,197,50,0
1087,德拉诺疗法,,369,197,999,0
1088,破碎群岛疗法,,430,197,999,0
1089,绷带,,362,197,995,0
1090,绷带,,956,197,999,0
1091,绷带,,954,197,999,0
1092,绷带,,952,197,999,0
1093,绷带,,950,197,999,0
1096,腰带附件,,709,202,5,0
1097,魔杖,,647,333,40,0
1098,护腕附魔,,647,333,35,0
1099,经典旧世钓鱼 - 页眉,,0,356,1000,0
1100,钓鱼,,1099,2592,999,1
1101,外域钓鱼 - 页眉,,0,356,990,0
1102,外域钓鱼,,1101,2591,990,1
1103,诺森德钓鱼 - 页眉,,0,356,980,0
1104,诺森德钓鱼,,1103,2590,980,1
1105,大地的裂变钓鱼 - 页眉,,0,356,970,0
1106,大地的裂变钓鱼,,1105,2589,970,1
1107,潘达利亚钓鱼 - 页眉,,0,356,960,0
1108,潘达利亚钓鱼,,1107,2588,960,1
1109,德拉诺钓鱼 - 页眉,,0,356,950,0
1110,德拉诺钓鱼,,1109,2587,950,1
1111,军团钓鱼 - 页眉,,0,356,940,0
1112,军团钓鱼,,1111,2586,940,1
1113,库尔提拉斯钓鱼 - 页眉,赞达拉钓鱼 - 页眉,0,356,930,0
1114,库尔提拉斯钓鱼,赞达拉钓鱼,1113,2585,930,1
1115,布甲护目镜,,709,202,21,0
1116,刺绣,,942,197,1,0
1117,库尔提拉斯料理 - 页眉,赞达拉料理 - 页眉,0,185,930,0
1118,库尔提拉斯料理,赞达拉料理,1117,2541,930,1
1119,甜点,,1118,185,10,0
1120,简餐,,1118,185,5,0
1121,大餐,,1118,185,20,0
1122,盛宴,,1118,185,30,0
1123,疗法和滋补,,332,171,100,0
1124,抗毒剂,,604,171,100,0
1125,雕文 - 死亡骑士,,415,773,139,0
1126,雕文,,415,773,140,0
1127,雕文,,410,773,140,0
1130,雕文,,759,773,70,0
1228,药锅,,592,171,1,0
1229,追随者装备,,709,202,100,0
1230,追随者装备,,942,197,999,0
1231,追随者装备,,542,164,999,0
1232,追随者装备,,647,333,999,0
1233,追随者装备,,805,755,999,0
1234,追随者装备,,592,171,999,0
1235,追随者装备,,759,773,999,0
1236,追随者装备,,871,165,999,0
1237,宠物,,647,333,50,0
1238,转化,,592,171,60,0
1239,转化,,542,164,60,0
1240,转化,,647,333,60,0
1241,转化,,709,202,60,0
1242,转化,,759,773,80,0
1243,转化,,805,755,50,0
1244,转化,,871,165,50,0
1245,转化,,942,197,60,0
1246,皮甲护目镜,,709,202,22,0
1247,锁甲护目镜,,709,202,23,0
1248,板甲护目镜,,709,202,24,0
1249,商业工具,,647,333,999,0
1250,训练,,592,171,0,0
1251,分解,,647,333,70,0
1254,商业工具,,709,202,999,0
1255,训练,,647,333,0,0
1256,炸药,,1257,2720,20,0
1257,垃圾场匠技,,0,2720,0,0
1259,组件和工具,,1257,2720,50,0
1261,其它,,1257,2720,100,0
1262,商业工具,,759,773,999,0
1266,商业工具,,942,197,999,0
1267,商业工具,,871,165,999,0
1275,坐骑,,1257,2720,80,0
1276,鲜血契约,,759,773,990,0
1278,商业工具,,805,755,999,0
1279,锈栓升级,,1257,2720,70,0
1280,配件,,1257,2720,30,0
1281,资源,,1257,2720,10,0
1282,***[未授权读取]***,,1257,2720,200,0
1283,装备,,1257,2720,5,0
1284,Placeholder - Report If Visible,,1257,2720,999,0
1285,运输器械,,1257,2720,40,0
1288,坐骑装备,,871,165,40,0
1289,坐骑装备,,942,197,150,0
1290,坐骑装备,,647,333,60,0
1291,机器人,,1257,2720,45,0
1293,Shadowlands Alchemy - Header,,0,171,940,0
1294,暗影界炼金术,,1293,2750,920,1
1295,药锅,,1294,171,5,0
1296,战斗药水,,1294,171,10,0
1297,油和提取物,,1294,171,45,0
1298,合剂,,1294,171,30,0
1299,附加材料,,1294,171,40,0
1300,转化,,1294,171,50,0
1301,饰品,,1294,171,60,0
1302,实用药水,,1294,171,70,0
1303,抗毒剂,,1294,171,1,0
1304,法器,,592,171,990,0
1305,法器,,542,164,990,0
1306,法器,,709,202,990,0
1307,法器,,805,755,990,0
1308,法器,,871,165,990,0
1309,法器,,942,197,990,0
1310,Shadowlands Blacksmithing - Header,,0,164,920,0
1311,暗影界图纸,,1310,2751,920,1
1312,护甲,,1311,164,10,0
1313,其它,,1311,164,20,0
1314,特化护甲,,1311,164,30,0
1315,武器,,1311,164,40,0
1316,武器模组,,1311,164,50,0
1317,材料,,1311,164,25,0
1318,附加材料,,1311,164,15,0
1319,Shadowlands Mining - Header,,0,186,920,0
1320,暗影界采矿,,1319,2761,920,1
1321,熔炼,,1320,186,0,0
1322,Shadowlands Cuisine - Header,,0,185,920,0
1323,暗影界料理,,1322,2752,920,1
1324,简餐,,1323,185,999,0
1325,大餐,,1323,185,30,0
1326,盛宴,,1323,185,10,0
1327,灵魂食物,,1323,185,10,0
1330,Shadowlands Skinning - Header,,0,393,920,0
1331,暗影界剥皮,,1330,2762,920,1
1332,原料,,1331,393,0,0
1333,Shadowlands Leatherworking - Header,,0,165,920,0
1334,暗影界图样,,1333,2758,920,1
1335,其他,,1334,165,25,0
1336,皮甲,,1334,165,30,0
1337,武器,,1334,165,90,0
1338,原料,,1334,165,10,0
1339,锁甲,,1334,165,30,0
1341,格里恩皮甲,,1334,165,50,0
1342,格里恩锁甲,,1334,165,50,0
1343,法夜皮甲,,1334,165,50,0
1344,法夜锁甲,,1334,165,50,0
1345,通灵领主皮甲,,1334,165,50,0
1346,通灵领主锁甲,,1334,165,50,0
1347,温西尔皮甲,,1334,165,50,0
1348,温西尔锁甲,,1334,165,50,0
1363,Shadowlands Enchanting - Header,,0,333,920,0
1364,暗影界附魔,,1363,2753,920,1
1365,靴子附魔,,1364,333,10,0
1366,胸甲附魔,,1364,333,20,0
1367,披风附魔,,1364,333,30,0
1368,手套附魔,,1364,333,40,0
1369,附加材料,,1364,333,50,0
1370,护腕附魔,,1364,333,15,0
1371,材料,,1364,333,70,0
1372,戒指附魔,,1364,333,80,0
1373,碎裂,,1364,333,90,0
1374,魔杖,,1364,333,100,0
1375,武器附魔,,1364,333,110,0
1380,Shadowlands Engineering - Header,,0,202,920,0
1381,暗影界工程学,,1380,2755,920,1
1382,腰带附件,,1381,202,10,0
1383,炸弹,,1381,202,20,0
1384,工程装置,,1381,202,30,0
1385,目镜,,1381,202,40,0
1386,附加材料,,1381,202,15,0
1387,零件,,1381,202,60,0
1388,瞄准镜,,1381,202,70,0
1389,武器,,1381,202,80,0
1390,Shadowlands Fishing - Header,,0,356,920,0
1391,暗影界钓鱼,,1390,2754,920,1
1392,诱饵,,1391,356,10,0
1393,鱼竿,,1391,356,20,0
1394,Shadowlands Tailoring - Header,,0,197,920,0
1395,暗影界图样,,1394,2759,920,1
1396,护甲,,1395,197,50,0
1397,格里恩护甲,,1395,197,31,0
1398,法夜护甲,,1395,197,32,0
1399,通灵护甲,,1395,197,33,0
1400,温西尔护甲,,1395,197,34,0
1401,附加材料,,1395,197,10,0
1402,刺绣,,1395,197,1,0
1403,绷带,,1395,197,100,0
1405,Shadowlands Inscription - Header,,0,773,920,0
1406,暗影界铭文,,1405,2756,920,1
1407,副手,,1406,773,80,0
1408,墨水,,1406,773,10,0
1409,书籍与卷轴,,1406,773,30,0
1410,合约,,1406,773,30,0
1411,卡牌,,1406,773,40,0
1412,批量研磨,,1406,773,100,0
1413,雕文,,1406,773,60,0
1415,法杖,,1406,773,70,0
1416,凡图斯符文,,1406,773,50,0
1417,外域图纸 - 页眉,,0,755,920,0
1418,暗影界设计图,,1417,2757,920,1
1419,宝石,,1418,755,10,0
1420,选矿,,1418,755,1,0
1421,附加材料,,1418,755,30,0
1422,项链,,1418,755,40,0
1423,材料,,1418,755,50,0
1424,戒指,,1418,755,60,0
1440,采集技术,,1441,182,0,0
1441,暗影界草药学,,1442,2760,920,1
1442,Shadowlands Herbalism - Header,,0,182,920,0
1443,剥皮技术,,1331,393,0,0
1444,灵魂密文,,0,2777,0,0
1445,共鸣密文,,1444,2777,20,0
1446,相位密文,,1444,2777,0,0
1447,永恒密文,,1444,2777,40,0
1448,凋敝密文,,1444,2777,10,0
1449,佳肴,,1118,185,0,0
1465,胸甲,,1314,164,0,0
1471,护甲片,,1334,165,20,0
1472,特化护甲,,1334,165,28,0
1473,精工锁甲,,1334,165,28,0
1474,附加材料,,1406,773,20,0
1476,坐骑装备,,1334,165,100,0
1477,基础构造体,,1478,2787,1,0
1478,憎恶缝合,,0,2787,0,0
1479,专用构造体,,1478,2787,2,0
1480,消耗品,,1478,2787,3,0
1481,组件,,1478,2787,4,0
1484,专属珠宝,,1418,755,100,0
1485,晋升工艺,,0,2791,0,0
1486,诱饵,,1485,2791,1,0
1487,盾牌,,1311,164,21,0
1488,附加材料,,590,164,1,0
1489,附加材料,,584,164,1,0
1490,附加材料,,577,164,1,0
1491,附加材料,,569,164,1,0
1492,附加材料,,553,164,1,0
1493,附加材料,,389,164,1,0
1494,附加材料,,426,164,1,0
1495,附加材料,,542,164,1,0
1496,附加材料,,379,165,1,0
1497,附加材料,,882,165,1,0
1498,附加材料,,880,165,1,0
1499,附加材料,,878,165,1,0
1500,附加材料,,876,165,1,0
1501,附加材料,,380,165,1,0
1502,附加材料,,460,165,10,0
1503,附加材料,,871,165,1,0
1504,附加材料,,362,197,1,0
1505,附加材料,,956,197,1,0
1506,附加材料,,954,197,1,0
1507,附加材料,,952,197,1,0
1508,附加材料,,950,197,1,0
1509,附加材料,,369,197,1,0
1510,附加材料,,430,197,1,0
1511,附加材料,,942,197,1,0
1512,机器人,,1381,202,995,0
1513,特化护甲,,1395,197,49,0
1514,装备,,1485,2791,2,0
1515,护符,,1485,2791,3,0
1516,赐福,,1485,2791,4,0
1517,其他,,1294,171,100,0
1518,帽子和装饰品,,1395,197,90,0
1519,帽子,,1406,773,999,0
1520,帽子,,1418,755,999,0
1521,附加材料,,1334,165,15,0
1522,任务配方,,1311,164,0,0
1523,时尚饰物：头部,,1478,2787,6,0
1524,专属物品,,1478,2787,5,0
1525,任务配方,,1294,171,0,0
1526,任务配方,,1323,185,0,0
1527,任务配方,,1364,333,0,0
1528,任务配方,,1381,202,0,0
1529,任务配方,,1406,773,0,0
1530,任务配方,,1418,755,0,0
1531,任务配方,,1334,165,0,0
1532,任务配方,,1395,197,0,0
1533,时尚饰物：其他,,1478,2787,9,0
1534,时尚饰物：肩膀,,1478,2787,7,0
1535,时尚饰物：背部,,1478,2787,8,0
1538,背包,,1395,197,20,0
1539,材料,,0,2811,0,0
1542,其他,,1364,333,999,0
1543,雕像,,1418,755,110,0
1547,元袋熊,,1548,2819,150,0
1548,原生体合成,,0,2819,0,0
1549,元螈,,1548,2819,20,0
1550,元水母,,1548,2819,10,0
1551,元蟾,,1548,2819,30,0
1552,元鹿,,1548,2819,40,0
1553,元螺,,1548,2819,50,0
1554,地质元素,,1548,2819,60,0
1555,元兔,,1548,2819,70,0
1556,元鸡,,1548,2819,80,0
1557,元鸟,,1548,2819,90,0
1558,元甲虫,,1548,2819,110,0
1559,元蛛,,1548,2819,120,0
1560,元蜂,,1548,2819,130,0
1561,元蛇,,1548,2819,140,0
1562,奥术操纵,,0,2821,0,0
1563,魔法饰品,,1562,2821,50,0
1564,元鹰,,1548,2819,100,0
1565,巨龙群岛锻造 - 页眉,,0,164,910,0
1566,巨龙群岛设计图,,1565,2822,910,1
1567,护甲,,1566,164,30,0
1570,巨龙群岛炼金 - 页眉,,0,171,910,0
1571,巨龙群岛采矿 - 页眉,,0,186,910,0
1572,巨龙群岛料理 - 页眉,,0,185,910,0
1573,巨龙群岛剥皮 - 页眉,,0,393,910,0
1574,巨龙群岛设计图 - 页眉,,0,755,910,0
1575,巨龙群岛制皮 - 页眉,,0,165,910,0
1576,巨龙群岛裁缝 - 页眉,,0,197,910,0
1577,巨龙群岛附魔 - 页眉,,0,333,910,0
1578,巨龙群岛工程学 - 页眉,,0,202,910,0
1579,巨龙群岛钓鱼 - 页眉,,0,356,910,0
1580,巨龙群岛铭文 - 页眉,,0,773,910,0
1581,巨龙群岛草药学 - 页眉,,0,182,910,0
1582,巨龙群岛配方,,1570,2823,910,1
1584,巨龙群岛采矿,,1571,2833,910,1
1585,巨龙群岛料理,,1572,2824,910,1
1586,巨龙群岛剥皮,,1573,2834,910,1
1587,巨龙群岛图样,,1575,2830,910,1
1588,巨龙群岛公式,,1577,2825,910,1
1590,巨龙群岛钓鱼,,1579,2826,910,1
1591,巨龙群岛图样,,1576,2831,910,1
1592,巨龙群岛工艺图,,1580,2828,910,1
1593,巨龙群岛设计图,,1574,2829,910,1
1594,巨龙群岛草药学,,1581,2832,910,1
1595,巨龙群岛结构图,,1578,2827,910,1
1597,元狼,,1548,2819,75,0
1602,空气药水,,1582,171,30,0
1603,空气瓶剂,,1582,171,40,0
1604,转化,,1582,171,50,0
1605,炼金石,,1582,171,80,0
1606,专业衣着,,1591,197,30,0
1608,成品材料,,1582,171,60,0
1609,附加材料,,1582,171,60,0
1610,熏香,,1582,171,70,0
1611,材料,,1582,171,15,0
1612,药锅,,1582,171,35,0
1628,宝石,,1593,755,10,0
1629,杂项,,1593,755,24,0
1630,材料,,1593,755,5,0
1631,饰品,,1593,755,40,0
1632,珠宝,,1593,755,50,0
1633,塑像和雕刻,,1593,755,60,0
1634,战斗宠物,,1593,755,70,0
1635,奢华玻璃器皿,,1593,755,150,0
1636,基础宝石,,1593,755,11,0
1637,空气宝石,,1593,755,13,0
1638,大地宝石,,1593,755,14,0
1639,火焰宝石,,1593,755,17,0
1640,冰霜宝石,,1593,755,19,0
1641,拜荒者宝石,,1593,755,21,0
1642,专业装备,,1593,755,110,0
1643,新奇玩物,,1593,755,75,0
1644,冰霜瓶剂,,1582,171,45,0
1645,冰霜药水,,1582,171,35,0
1646,元素瓶剂和药水,,1582,171,37,0
1648,武器,,1587,165,50,0
1649,附加材料,,1587,165,100,0
1650,成品材料,,1587,165,110,0
1651,护甲片,,1587,165,120,0
1652,玩具,,1587,165,140,0
1654,材料,,1587,165,90,0
1655,战鼓,,1587,165,130,0
1656,专业装备,,1587,165,40,0
1657,皮甲,,1587,165,20,0
1658,锁甲,,1587,165,30,0
1660,DI Gems (placeholder/bugged?),,1593,755,8,0
1662,衣着,,1591,197,15,0
1665,青纹布衣着,,1591,197,20,0
1666,时序布衣着,,1591,197,25,0
1667,实验,,1591,197,55,0
1668,裁缝必需品,,1591,197,1,0
1669,纺织布料,,1591,197,10,0
1670,混杂刺绣,,1591,197,50,0
1671,成品材料,,1591,197,12,0
1672,魔线,,1591,197,31,0
1673,附加材料,,1591,197,11,0
1674,刺绣包,,1591,197,45,0
1675,武器,,1566,164,50,0
1676,成品材料,,1566,164,7,0
1677,专业工具和配饰,,1566,164,60,0
1678,熔炼,,1566,164,10,0
1679,附加材料,,1566,164,20,0
1680,宠物,,1566,164,40,0
1681,炼金必需品,,1582,171,5,0
1682,消耗工具,,1566,164,70,0
1683,驭龙术,,1566,164,80,0
1684,石制品,,1566,164,26,0
1685,珠宝加工必需品,,1593,755,2,0
1686,任务设计图,,1593,755,0,0
1687,任务配方,,1582,171,0,0
1688,任务设计图,,1566,164,0,0
1689,任务工艺图,,1594,182,0,0
1690,任务公式,,1588,333,0,0
1691,任务结构图,,1595,202,0,0
1692,任务工艺图,,1592,773,0,0
1693,任务图样,,1587,165,0,0
1694,任务工艺图,,1584,186,0,0
1695,任务工艺图,,1586,393,0,0
1696,任务图样,,1591,197,0,0
1698,追踪,,0,186,0,0
1699,追踪,,0,182,0,0
1700,追踪,,0,356,0,0
1702,材料,,1585,185,10,0
1704,小吃,,1585,185,20,0
1705,甜点,,1585,185,30,0
1706,肉类餐食,,1585,185,40,0
1707,奢华鱼类佳肴,,1585,185,50,0
1708,宴席,,1585,185,60,0
1709,饮料,,1585,185,25,0
1710,工程装置,,1595,202,120,0
1711,烟火,,1595,202,95,0
1712,瞄准镜&弹药,,1595,202,90,0
1713,匠械,,1595,202,40,0
1714,专业装备,,1595,202,130,0
1715,目镜,,1595,202,50,0
1716,武器,,1595,202,70,0
1717,成品材料,,1595,202,20,0
1718,零件,,1595,202,10,0
1719,机器人,,1595,202,140,0
1720,齿轮,,1595,202,80,0
1721,爆炸物,,1595,202,100,0
1722,附加材料,,1595,202,30,0
1723,护甲,,1595,202,60,0
1724,研磨,,765,773,1,0
1725,选矿,,811,755,1,0
1726,研磨,,415,773,1,0
1727,选矿,,372,755,1,0
1728,研磨,,410,773,1,0
1729,选矿,,373,755,1,0
1730,铭文必需品,,1592,773,2,0
1731,研磨,,759,773,1,0
1732,选矿,,805,755,1,0
1733,研磨,,450,773,1,0
1734,选矿,,464,755,1,0
1735,研磨,,767,773,1,0
1736,选矿,,813,755,1,0
1737,研磨,,769,773,1,0
1738,选矿,,815,755,1,0
1739,研磨,,763,773,1,0
1740,选矿,,809,755,1,0
1741,研磨,,1406,773,1,0
1744,诱饵配方,,1586,393,10,0
1745,鱼饵配方,,1586,393,15,0
1746,精制,,1586,393,5,0
1747,鱼肉简餐,,1585,185,48,0
1748,饰品,,1592,773,25,0
1752,材料,,1592,2828,10,0
1753,精制,,1584,186,0,0
1754,墨水,,1592,773,10,0
1755,专业装备,,1592,773,30,0
1756,公函,,1592,773,20,0
1757,专业专精,,1592,773,50,0
1758,武器,,1592,773,25,0
1759,合约,,1592,773,45,0
1760,驭龙术,,1592,773,55,0
1761,符文和徽记,,1592,773,25,0
1762,奥秘,,1592,773,40,0
1763,卷轴,,1592,773,30,0
1764,第2部分 - 龙银,,1584,186,20,0
1765,第1部分 - 宁铁,,1584,186,10,0
1766,可采矿的生物,,1584,186,3,0
1767,材料,,1592,773,11,0
1768,再造,,1566,164,1,0
1770,钓鱼点,,1771,2847,1,0
1771,海象人渔具,,0,2847,0,0
1772,渔具,,1771,2847,1,0
1773,渔具升级,,1771,2847,3,0
1774,戒指附魔,,1588,333,80,0
1775,靴子附魔,,1588,333,70,0
1776,护腕附魔,,1588,333,60,0
1777,胸甲附魔,,1588,333,50,0
1778,披风附魔,,1588,333,40,0
1779,武器附魔,,1588,333,90,0
1780,专业工具附魔,,1588,333,100,0
1781,棒和魔杖,,1588,333,110,0
1782,幻影商品,,1588,333,120,0
1783,碎裂,,1588,333,130,0
1784,再造,,1595,202,1,0
1785,再造,,1587,165,1,0
1786,盾牌,,1566,164,40,0
1788,附录2 - 过载,,1584,186,110,0
1789,制造工具公函,,1592,773,21,0
1790,采集工具公函,,1592,773,22,0
1791,精制,,1594,182,1,0
1792,成品材料,,1588,333,20,0
1793,第1部分 - 霍亨布墨花,,1594,182,10,0
1794,第3部分 - 虎耳草,,1594,182,30,0
1795,第2部分 - 泡粟花,,1594,182,20,0
1796,第4部分 - 歪扭树皮,,1594,182,40,0
1797,附录2 - 过载,,1594,182,110,0
1798,成品材料,,1593,755,60,0
1799,驭龙术 - 复苏始祖幼龙,,1592,773,55,0
1800,驭龙术 - 载风迅疾幼龙,,1592,773,56,0
1801,驭龙术 - 高地幼龙,,1592,773,57,0
1802,驭龙术 - 崖际荒狂幼龙,,1592,773,58,0
1803,魔法商品,,1588,333,140,0
1804,剥皮细节,,1586,393,1,0
1805,巨龙群岛钓鱼,,1579,2826,910,1
1806,淡水,,1805,356,2,0
1807,咸水,,1805,356,3,0
1808,专业钓鱼,,1805,356,4,0
1809,普通钓鱼,,1805,356,1,0
1810,腐化图样,,1587,165,80,0
1811,元素图样,,1587,165,60,0
1812,野兽图样,,1587,165,70,0
1813,再造,,1588,333,1,0
1814,附录1 - 无限知识,,1584,186,100,0
1815,附录1 - 无限知识,,1594,182,100,0
1818,第3部分 - 卡兹格罗金,,1584,186,30,0
1819,附加材料,,347,202,1,0
1820,附加材料,,410,773,1,0
1824,兽人佳肴,,72,185,0,0
1838,古老的设计图,,590,164,999,0
1839,古老的图样,,362,197,999,0
1840,古老的公式,,667,333,999,0
1841,古老的工艺图,,415,773,999,0
1842,古老的图样,,379,165,999,0
1855,匠人珍玩,,1582,171,500,0
1856,匠人珍玩,,1593,755,500,0
1857,匠人珍玩,,1587,165,500,0
1858,匠人珍玩,,1591,197,500,0
1859,匠人珍玩,,1566,164,500,0
1860,匠人珍玩,,1585,185,500,0
1861,匠人珍玩,,1588,333,500,0
1862,匠人珍玩,,1595,202,500,0
1863,匠人珍玩,,1592,773,500,0
1864,美味和营养,,1585,185,55,0
1870,始源之石,,1593,755,500,0
1871,能量灌注,,1588,333,150,0
1872,易投,,1595,202,101,0
1873,驭龙术 - 盘曲蜿变幼龙,,1592,773,59,0
1874,雕文,,1592,773,29,0
1877,传说,,1566,164,1,0
1878,传说,,1593,755,1,0
1879,野兽 - 黑曜争斗者,,1587,165,71,0
1880,野兽 - 猩红争斗者,,1587,165,72,0
1881,红玉盛宴,,1585,185,35,0
1882,传说,,1595,202,1,0
