ID,FailureReason_lang,PlayerConditionID,OrderIndex,Flags,CampaignID
15,斥候正在尋找另一個適合作為贊達拉據點的場所。|n|n達到118級以繼續。,62175,2,0,1
16,指揮官龍禍正在擬定直接進攻贊達拉的計畫。|n|n達到120級以繼續。,62523,3,0,1
17,完成任務「狼的攻勢」和「派出艦隊」以前往納沙塔爾。,72028,4,0,1
23,斥候正在尋找另一個適合作為庫爾提拉斯據點的場所。|n|n達到118級以繼續。,62186,2,0,2
24,納薩諾斯正在擬定直接進攻庫爾提拉斯的計畫。|n|n達到120級以繼續。,62524,3,0,2
25,完成「失落的榮耀」系列任務以繼續進行陣營戰役。,69018,4,0,2
30,完成任務「大酋長的命令」和「派出艦隊」以前往納沙塔爾。,72029,5,0,2
156,完成任務「抱歉借魄一下」以繼續。,77905,0,0,114
161,,90281,0,0,126
167,,0,1,0,111
168,完成統御之鏈戰役的「專注眼睛」章節，可繼續進行戰役。,92548,2,0,113
170,達到名望等級5即可繼續進行戰役。,88564,3,0,113
171,達到名望等級8即可繼續進行戰役。,88568,4,0,113
172,達到名望等級11即可繼續進行戰役。,86974,5,0,113
174,達到名望等級13即可繼續進行戰役。,86977,6,0,113
175,達到名望等級17即可繼續進行戰役。,86981,7,0,113
176,達到名望等級22即可繼續進行戰役。,86990,9,0,113
177,達到等級$pcMinLevel後可繼續。,87254,3,0,114
178,達到等級$pcMinLevel後可繼續。,87384,1,0,124
186,完成「昇靈堡的呼喚」任務以繼續進行戰役。,88058,0,0,119
187,完成「瑪卓薩斯的呼喚」任務以繼續進行戰役。,88059,0,0,115
188,完成「亞登曠野的呼喚」任務以繼續進行戰役。,88060,0,0,117
189,完成「瑞文崔斯的呼喚」任務以繼續進行戰役。,88061,0,0,113
190,完成《統御之鏈》戰役的「專注眼睛」章節以繼續進行該戰役。,92548,2,0,119
191,達到名望等級5即可繼續進行戰役。,88561,3,0,119
192,達到名望等級8即可繼續進行戰役。,88565,4,0,119
193,達到名望等級11即可繼續進行戰役。,86212,5,0,119
194,達到名望等級13即可繼續進行戰役。,86213,6,0,119
195,達到名望等級17即可繼續進行戰役。,86214,7,0,119
196,達到名望等級20即可繼續進行戰役。,86215,8,0,119
197,完成《統御之鏈》戰役的「專注眼睛」章節以繼續進行該戰役。,92548,2,0,117
198,達到名望等級5即可繼續進行戰役。,88563,3,0,117
199,達到名望等級8即可繼續進行戰役。,88567,4,0,117
200,達到名望等級11即可繼續進行戰役。,86972,5,0,117
201,達到名望等級13即可繼續進行戰役。,86975,6,0,117
202,達到名望等級17即可繼續進行戰役。,86979,7,0,117
203,達到名望等級20即可繼續進行戰役。,86982,8,0,117
204,完成《統御之鏈》戰役的「專注眼睛」章節以繼續進行該戰役。,92548,2,0,115
205,達到名望等級5即可繼續進行戰役。,88562,3,0,115
206,達到名望等級8即可繼續進行戰役。,88566,4,0,115
207,達到名望等級11即可繼續進行戰役。,86973,5,0,115
208,達到名望等級13即可繼續進行戰役。,86976,6,0,115
209,達到名望等級17即可繼續進行戰役。,86980,7,0,115
210,達到名望等級20即可繼續進行戰役。,86983,8,0,115
211,在淵喉接受任務「遺忘牢獄」，就能繼續進行戰役。,88895,1,0,117
212,在淵喉接受任務「遺忘牢獄」，就能繼續進行戰役。,88895,1,0,113
213,在淵喉接受任務「遺忘牢獄」，就能繼續進行戰役。,88895,1,0,115
214,在淵喉接受任務「遺忘牢獄」，就能繼續進行戰役。,88895,1,0,119
215,,0,0,0,111
216,,88933,0,0,124
217,,89130,1,0,114
218,,89131,2,0,114
221,達到名望等級20即可繼續進行戰役。,86984,8,0,113
240,在餘燼區救出勞倫特即可繼續進行戰役。,88026,10,0,113
246,完成你的誓盟戰役以繼續進行此戰役。,92551,0,0,138
247,達到名望等級44即可繼續進行戰役。,92797,1,0,138
248,達到名望等級47即可繼續進行戰役。,91334,2,0,138
249,達到名望等級50即可繼續進行戰役。,91335,3,0,138
250,在瑞文崔斯接受並完成任務「曙光要塞囚犯」，就能繼續進行戰役。,96305,4,0,138
251,達到名望等級52即可繼續進行戰役。,91336,5,0,138
252,達到名望等級56即可繼續進行戰役。,91337,6,0,138
253,達到名望等級22即可繼續進行戰役。,86216,9,0,119
254,達到名望等級22即可繼續進行戰役。,86989,9,0,115
255,達到名望等級22即可繼續進行戰役。,86988,9,0,117
256,過一陣子再回來聽聽伯瓦爾制訂的計劃。,95984,0,0,158
257,過一陣子再回來聽聽伯瓦爾制訂的計劃。,95985,1,0,158
258,過一陣子再回來聽聽伯瓦爾制訂的計劃。,95986,2,0,158
259,過一陣子再回來聽聽伯瓦爾制訂的計劃。,95987,3,0,158
261,達到名望等級58即可繼續進行戰役。,91338,7,0,138
266,,102816,0,0,189
269,,103531,0,0,174
271,,103529,1,0,174
272,,103530,2,0,174
273,,103799,0,0,165
277,,103948,0,0,199
279,達到伊斯凱拉巨牙海民的名望等級11以繼續該故事線。,34450,0,0,194
280,達到龍鱗遠征隊的名望等級13以繼續該故事線。,34450,0,0,197
281,達到龍鱗遠征隊的名望等級24以繼續該故事線。,34450,1,0,197
282,達到沃卓肯協調者的名望等級19以繼續該故事線。,99211,0,0,190
285,Beta測試未開放相關內容。,34450,2,0,197
286,Beta測試未開放相關內容。,34450,1,0,194
289,,78570,0,0,118
307,向士兵柯爾接下「堅守陣地」任務以繼續進行戰役。,108912,0,1,212
318,斥候正在尋找另一個適合作為贊達拉據點的場所。|n|n達到114級以繼續。,62173,0,0,1
319,斥候正在尋找戰爭需要用到的艾澤萊晶岩。|n|n達到116級以繼續。,62174,1,0,1
320,,108981,1,0,215
322,,109025,2,0,215
323,斥候正在尋找另一個適合作為庫爾提拉斯據點的場所。|n|n達到114級以繼續。,62184,0,0,2
324,斥候正在尋找戰爭需要用到的艾澤萊晶岩。|n|n達到48級以繼續。,62185,1,0,2
345,,109197,1,0,216
346,,109200,2,0,216
350,,109223,3,0,216
351,,109640,4,0,216
352,,109651,0,0,217
353,,109679,5,0,216
354,,109791,0,1,218
355,,109813,0,1,222
356,,109651,0,0,223
357,,109197,1,0,225
358,,109200,2,0,225
359,,109223,3,0,225
360,,110188,4,0,225
361,,109679,5,0,225
362,,109866,1,0,226
363,,109868,2,0,226
364,,110020,0,0,216
365,,110020,0,0,225
374,,119768,0,0,247
375,,119784,1,0,247
376,,119786,2,0,247
378,,119802,3,0,247
379,,119938,1,0,246
380,,119768,0,0,248
381,,119784,1,0,248
382,,119786,2,0,248
383,,119802,3,0,248
384,,119916,1,0,249
385,,119918,2,0,249
386,,119921,3,0,249
387,,119922,4,0,249
388,,119923,5,0,249
389,,119924,6,0,249
390,,119925,7,0,249
391,,119927,8,0,249
392,,119928,9,0,249
393,,119929,10,0,249
394,,119930,11,0,249
395,,119805,2,0,246
396,,119939,3,0,246
397,,119940,4,0,246
398,,119942,5,0,246
399,,119941,6,0,246
400,,119937,7,0,246
401,,119936,8,0,246
402,,119935,9,0,246
403,,119934,10,0,246
404,,119932,11,0,246
405,,119951,0,0,250
406,,119951,0,0,251
408,,119968,0,0,252
409,,119969,0,0,253
410,,119969,0,0,254
412,達到80級以繼續進行戰役。,127956,0,0,240
414,,119967,0,0,246
415,,119967,0,0,249
419,,123559,0,0,256
420,,123560,1,0,256
421,,123561,2,0,256
425,,124973,0,1,215
426,,124976,0,1,226
427,等待艾蘭里亞‧風行者的口信。,34450,1,0,240
428,等待艾蘭里亞‧風行者的口信。,34450,2,0,240
430,完成「地心之戰」的劇情戰役以開始。,34450,0,0,265
431,完成「不散暗影」的劇情戰役以開始。,34450,1,0,265
433,在《地心之戰》相關陣營的名望等級達到4，以繼續進行戰役。,127075,3,0,240
434,與達拉然的卡德加交談，啟程前往卡茲阿爾加。,127637,1,0,235
435,等待艾蘭里亞‧風行者的口信。,127958,4,0,240
436,等待艾蘭里亞‧風行者的口信。,127960,5,0,240
437,等待艾蘭里亞‧風行者的口信。,127961,6,0,240
441,等待卡德加的口信。,34450,2,0,265
445,,132762,0,0,235
446,,132761,0,0,201
449,等待雷吉克說服加茲魯維。,135473,0,0,264
451,繼續進行你的職業大廳戰役以開始艾蘇納戰役。,136286,0,1,275
452,繼續進行你的職業大廳戰役以開始維爾薩拉戰役。,136286,0,1,277
453,繼續進行你的職業大廳戰役以開始斯鐸海姆戰役。,136286,0,1,280
454,繼續進行你的職業大廳戰役以開始高嶺戰役。,136286,0,1,278
455,在開始艾蘇納戰役前，請繼續進行或放棄高嶺戰役。,136338,1,1,275
456,在開始艾蘇納戰役前，請繼續進行或放棄斯鐸海姆戰役。,136340,2,1,275
457,在開始艾蘇納戰役前，請繼續進行或放棄維爾薩拉戰役。,136337,3,1,275
458,在開始維爾薩拉戰役前，請繼續進行或放棄艾蘇納戰役。,136339,1,1,277
459,在開始維爾薩拉戰役前，請繼續進行或放棄高嶺戰役。,136338,2,1,277
460,在開始維爾薩拉戰役前，請繼續進行或放棄斯鐸海姆戰役。,136340,3,1,277
461,在開始斯鐸海姆戰役前，請繼續進行或放棄艾蘇納戰役。,136339,1,1,280
462,在開始斯鐸海姆戰役前，請繼續進行或放棄高嶺戰役。,136338,2,1,280
463,在開始斯鐸海姆戰役前，請繼續進行或放棄維爾薩拉戰役。,136337,3,1,280
464,在開始高嶺戰役前，請繼續進行或放棄艾蘇納戰役。,136339,1,1,278
465,在開始高嶺戰役前，請繼續進行或放棄斯鐸海姆戰役。,136340,2,1,278
466,在開始高嶺戰役前，請繼續進行或放棄維爾薩拉戰役。,136337,3,1,278
467,「在達拉然完成『軍團之殞部隊』任務以繼續進行戰役。」,136470,2,0,286
469,「在達拉然完成『集全島之力』任務。」,136860,0,1,290
470,繼續進行軍團之殞戰役以解鎖阿古斯之影戰役。,136942,0,1,291
472,「在達拉然完成『軍團之殞部隊』任務以繼續進行戰役。」,136470,2,0,292
473,「在達拉然完成『軍團之殞部隊』任務以繼續進行戰役。」,136470,2,0,293
474,「在達拉然完成『軍團之殞部隊』任務以繼續進行戰役。」,136470,2,0,294
475,「在達拉然完成『軍團之殞部隊』任務以繼續進行戰役。」,136470,2,0,295
476,「在達拉然完成『軍團之殞部隊』任務以繼續進行戰役。」,136470,2,0,296
477,「在達拉然完成『軍團之殞部隊』任務以繼續進行戰役。」,136470,2,0,297
478,「在達拉然完成『軍團之殞部隊』任務以繼續進行戰役。」,136470,2,0,298
479,「在達拉然完成『軍團之殞部隊』任務以繼續進行戰役。」,136470,2,0,299
480,「在達拉然完成『軍團之殞部隊』任務以繼續進行戰役。」,136470,1,0,300
481,「在達拉然完成『軍團之殞部隊』任務以繼續進行戰役。」,136470,4,0,301
482,「在達拉然完成『軍團之殞部隊』任務以繼續進行戰役。」,136470,2,0,302
509,本週稍後回到綠洲。,137010,0,0,283
510,下週回到綠洲。,137012,1,0,283
511,本週稍後回到綠洲。,137013,2,0,283
512,下週回到綠洲。,137014,3,0,283
513,本週稍後回到綠洲。,137024,4,0,283
514,下週回到綠洲。,137025,5,0,283
515,本週稍後回到綠洲。,137056,6,0,283
538,「在你的職業大廳透過偵察地圖接取『失樂園』任務以繼續進行戰役。」,137883,4,0,275
539,「在你的職業大廳透過偵察地圖接取『寧靜之森』任務以繼續進行戰役。」,137907,4,0,277
540,「在你的職業大廳透過偵察地圖接取『孤嶺』任務以繼續進行戰役。」,137908,4,0,278
541,「在你的職業大廳透過偵察地圖接取『斯鐸海姆』任務以繼續進行戰役。」,137909,4,0,280
542,首席秘法師薩莉瑟拉正在凋零。在沙亞蘭餵給她上古法力以繼續進行戰役。,137945,0,0,288
543,首席傳送師歐庫雷斯正在凋零。在沙亞蘭餵給他上古法力以繼續進行戰役。,137946,1,0,288
544,「進入蘇拉瑪爾城，使用『偽裝』技能來喬裝自己。」,137947,3,0,288
545,秘法師薇兒塔正在凋零。在沙亞蘭餵給她上古法力以繼續進行戰役。,137950,2,0,288
546,進入安托洛斯荒原以繼續進行戰役。,137951,1,0,291
547,繼續進行你的職業大廳戰役以繼續進行軍團之殞戰役。,137965,1,1,290
548,「在破碎海岸完成『軍團之殞勇士』任務以繼續進行戰役。」,137966,3,0,286
549,「在破碎海岸完成『軍團之殞勇士』任務以繼續進行戰役。」,137966,3,0,302
550,「在破碎海岸完成『軍團之殞勇士』任務以繼續進行戰役。」,137966,5,0,301
551,「在破碎海岸完成『軍團之殞勇士』任務以繼續進行戰役。」,137966,2,0,300
552,「在破碎海岸完成『軍團之殞勇士』任務以繼續進行戰役。」,137966,3,0,299
553,「在破碎海岸完成『軍團之殞勇士』任務以繼續進行戰役。」,137966,3,0,298
554,「在破碎海岸完成『軍團之殞勇士』任務以繼續進行戰役。」,137966,3,0,297
555,「在破碎海岸完成『軍團之殞勇士』任務以繼續進行戰役。」,137966,3,0,296
556,「在破碎海岸完成『軍團之殞勇士』任務以繼續進行戰役。」,137966,3,0,295
557,「在破碎海岸完成『軍團之殞勇士』任務以繼續進行戰役。」,137966,3,0,294
558,「在破碎海岸完成『軍團之殞勇士』任務以繼續進行戰役。」,137966,3,0,293
559,「在破碎海岸完成『軍團之殞勇士』任務以繼續進行戰役。」,137966,3,0,292
561,等待你的盟友集合對抗影衛。,138189,0,0,311
563,,138227,0,0,312
566,在銀月城等待洛索瑪以獲得更多資訊。,5703,0,0,284
573,,155049,0,0,270
574,,155048,1,0,270
575,達到30級以繼續進行你的職業大廳戰役。,143528,0,1,286
576,達到30級以繼續進行你的職業大廳戰役。,143528,0,1,298
577,達到30級以繼續進行你的職業大廳戰役。,143528,0,1,296
578,達到30級以繼續進行你的職業大廳戰役。,143528,0,1,294
579,達到30級以繼續進行你的職業大廳戰役。,143528,0,1,295
580,達到30級以繼續進行你的職業大廳戰役。,143528,0,1,292
581,達到30級以繼續進行你的職業大廳戰役。,143528,0,1,299
582,達到30級以繼續進行你的職業大廳戰役。,143528,0,1,297
583,達到30級以繼續進行你的職業大廳戰役。,143528,0,1,293
584,達到30級以繼續進行你的職業大廳戰役。,143528,0,1,300
585,達到30級以繼續進行你的職業大廳戰役。,143528,2,1,301
586,達到30級以繼續進行你的職業大廳戰役。,143528,0,1,302
588,在沃卓肯諮詢歷史典籍,5703,0,0,323
591,開始「魔錘號的未來」任務並選擇你的勇士已繼續進行戰役。,147290,0,1,301
596,完成「影陽幻象」戰役中的「會見母親」任務線，以繼續這個戰役。,147463,0,0,271
602,完成「影陽幻象」戰役中的「前行之路」任務線，以繼續這個戰役。,147863,1,0,271
603,,148221,1,1,297
604,,148221,1,1,286
605,,148221,1,1,292
606,,148221,1,1,293
607,,148221,1,1,294
608,,148221,1,1,295
609,,148221,1,1,296
610,,148221,1,1,298
611,,148221,1,1,299
613,,148221,3,1,301
614,,148221,1,1,302
622,,150842,3,0,256
641,完成惡魔獵人前導任務以開始職業大廳戰役。,152569,1,0,301
642,等待關於祖爾詹下落的線索。,153609,0,0,324
702,請等候劇毒深淵團隊副本釋出。,162139,1,0,324
