Title_lang,Subtitle_lang,InstructionText_lang,SubIcon_lang,TitleTooltip_lang,SubtitleTooltip_lang,EventToastID,PlayerConditionID,UiTextureAtlasMemberID,UiTextureKitID,EventType,DisplayType,EventAsset,Field_9_1_0_38312_011,IconFileID,UiWidgetSetID,ExtraUiWidgetSetID,TitleTooltipUiWidgetSetID,SubtitleTooltipUiWidgetSetID,ShowSoundKitID,HideSoundKitID,Field_10_2_5_52554_021
%d級,你達到了,,,,,1,117398,0,0,0,2,0,0,0,0,0,0,0,0,0,0
,地城已解鎖！,,,,,2,117398,12015,0,2,3,0,0,0,0,0,0,0,0,0,0
,新能力解鎖！,,,,,3,117398,12014,0,1,3,0,0,0,0,0,0,0,0,0,0
,團隊副本解鎖！,,,,,4,92737,12015,0,3,3,0,0,0,0,0,0,0,0,0,0
,新階段,,,,,5,0,0,5554,14,6,0,0,0,0,0,0,0,0,0,0
,,,,,,7,0,0,0,6,0,0,0,0,0,0,0,0,0,0,0
,升級,,,,,8,0,0,0,8,3,0,0,0,0,0,0,0,0,0,0
,獲得新技能！,,,,,9,0,0,0,9,3,0,0,0,0,0,0,0,0,0,0
你已捕捉到,,,,,,10,0,0,0,7,5,0,0,0,0,0,0,0,0,0,0
%s%s,,,,,,11,0,0,0,10,1,0,0,0,0,0,0,0,0,0,0
區域拾取,新內容解鎖！,拾取一個屍體時，也會拾取附近所有屍體上的物品。,區域拾取解鎖,,,12,90425,12015,0,15,3,0,0,1022948,0,0,0,0,183581,0,0
斯寇德斯刑牢,第%19812w層,,,,,14,79354,0,5281,17,6,354094,0,0,0,0,0,0,0,0,0
扭曲迴廊,第%19812w層,,,,,15,79355,0,5281,17,6,354094,0,0,0,0,0,0,0,0,0
碎骨之牢,第%19812w層,,,,,16,79363,0,5281,17,6,354094,0,0,0,0,0,0,0,0,0
熔魂工坊,第%19812w層,,,,,17,79365,0,5281,17,6,354094,0,0,0,0,0,0,0,0,0
寒心之間,第%19812w層,,,,,18,79368,0,5281,17,6,354094,0,0,0,0,0,0,0,0,0
蒙特雷加,第%19812w層,,,,,19,79366,0,5281,17,6,354094,0,0,0,0,0,0,0,0,0
地城搜尋器,新內容解鎖！,,新內容解鎖：|cffFF4E00|Hlfd:|h[地城搜尋器]|h|r,,,20,90424,12015,0,15,3,0,0,397907,0,0,0,0,0,0,0
戰場,新內容解鎖！,,新內容解鎖：|cffFF4E00|Hpvpbgs:|h[戰場]|h|r,,,21,90427,12015,0,15,3,0,0,132147,0,0,0,0,0,0,0
專精,新內容解鎖！,,新內容解鎖：|cffFF4E00|Hspecpane:|h[專精]|h|r,,,22,90428,12015,0,15,3,0,0,132222,0,0,0,0,0,0,0
天賦,新內容解鎖！,,新內容解鎖：|cffFF4E00|Htalentpane:|h[天賦]|h|r,,,23,90429,12015,0,15,3,0,0,132222,0,0,0,0,0,0,0
PvP天賦,新內容解鎖！,,新內容解鎖：|cffFF4E00|Htalentpanet:|h[PvP天賦]|h|r可供選擇！,,,24,90430,12015,0,15,3,0,0,132147,0,0,0,0,0,0,0
坐騎裝備,新內容解鎖！,,新內容解鎖：|cffFF4E00|Hmountequipment:|h[坐騎裝備]|h|r可使用！,,,25,5793,12015,0,15,3,0,0,1534178,0,0,0,0,0,0,0
世界任務,新內容解鎖！,打開世界地圖檢視世界任務,"新內容解鎖：|cffFF4E00|Hworldquest:|h[世界任務]|h|r
開啟世界地圖查看",,,26,0,12015,0,12,3,43341,0,1064187,0,0,0,0,0,0,0
牢塔上層,第%19812w層,,,,,27,79372,0,5281,17,6,354094,0,0,0,0,0,0,0,0,0
奧寇布恩刑牢,第%19812w層,,,,,28,90416,0,5281,17,6,354094,0,0,0,0,0,0,0,0,0
折磨刑牢：珍娜,第%19812w層,,,,,29,90417,0,5281,17,6,354094,0,0,0,0,0,0,0,0,0
折磨刑牢：索爾,第%19812w層,,,,,30,90418,0,5281,17,6,354094,0,0,0,0,0,0,0,0,0
折磨刑牢：安杜因,第%19812w層,,,,,31,90420,0,5281,17,6,354094,0,0,0,0,0,0,0,0,0
不滅寶庫,第%19812w層,,,,,32,0,0,5281,17,6,358253,0,0,0,0,0,0,0,0,0
狂熱墓穴,第%19812w層,,,,,33,90422,0,5281,17,6,354094,0,0,0,0,0,0,0,0,0
放逐者骨窖,第%19812w層,,,,,34,90423,0,5281,17,6,354094,0,0,0,0,0,0,0,0,0
完成,|cFFFFFFFF最後積分：%1921c|r |n|cFF1eff00獲得高塔知識：%1922c |TInterface\ICONS\Spell_Broker_Orb.BLP:16:16|t|r,,,,,37,0,0,5388,17,8,354027,0,0,511,503,0,0,183157,183155,0
淵喉中騎乘坐騎,已解鎖,,,,,39,0,12015,0,12,3,63994,0,853211,0,0,0,0,183581,0,0
第1層完成,,,,,,40,90752,0,5388,16,6,354067,0,0,509,0,0,0,0,0,0
未完成,|cFFFFFFFF最後積分：%1921c|r |n|cFF1eff00獲得高塔知識：%1922c |TInterface\ICONS\Spell_Broker_Orb.BLP:16:16|t|r,,,,,42,34450,0,5388,17,8,356246,0,0,511,521,0,0,0,0,0
不滅寶庫完成,|cFF1eff00額外獎勵的高塔知識：%1946c |TInterface\ICONS\Spell_Broker_Orb.BLP:16:16|t|r,,,,,43,34450,0,5388,17,6,356432,0,0,0,0,0,0,0,0,0
完成,|cFFFFFFFF最後積分：%1921c|r |n|cFF1eff00獲得高塔知識：%1922c |TInterface\ICONS\Spell_Broker_Orb.BLP:16:16|t|r|n高塔知識已達上限,,,,,44,34450,0,5388,17,8,356596,0,0,511,503,0,517,0,0,0
未完成,|cFFFFFFFF最後積分：%1921c|r |n|cFF1eff00獲得高塔知識：%1922c |TInterface\ICONS\Spell_Broker_Orb.BLP:16:16|t|r|n高塔知識已達上限,,,,,45,34450,0,5388,17,8,356597,0,0,511,521,0,517,0,0,0
第2層完成,,,,,,47,90752,0,5388,16,6,357992,0,0,518,0,0,0,0,0,0
第3層完成,,,,,,48,90752,0,5388,16,6,357993,0,0,519,0,0,0,0,0,0
第4層完成,,,,,,49,90752,0,5388,16,6,357994,0,0,520,0,0,0,0,0,0
無瑕！,|cFFFFFFFF最後積分：%1921c|r |n|cFF1eff00獲得高塔知識：%1922c |TInterface\ICONS\Spell_Broker_Orb.BLP:16:16|t|r,,,,,50,0,0,5388,17,8,358449,0,0,511,503,0,0,183157,183155,0
,戰場已解鎖！,,,,,51,117398,12015,0,4,3,0,0,0,0,0,0,0,0,0,0
無瑕,|cFFFFFFFF最後積分：%1921c|r |n|cFF1eff00獲得高塔知識：%1922c |TInterface\ICONS\Spell_Broker_Orb.BLP:16:16|t|r|n高塔知識已達上限,,,,,52,34450,0,5388,17,8,358450,0,0,511,503,0,517,0,0,0
戰鬥者I,PvP裝備升級解鎖！,,,,,60,0,12015,0,20,7,2,0,2023045,0,0,0,0,0,0,0
知識項目已解鎖,知識控制臺,,知識控制臺項目已解鎖,,,61,0,10757,0,13,3,0,0,4238930,0,0,0,0,0,0,0
戰鬥者II,PvP裝備升級解鎖！,,,,,63,0,12015,0,20,7,206,0,2023045,0,0,0,0,0,0,0
挑戰者I,PvP裝備升級解鎖！,,,,,64,0,12015,0,20,7,3,0,2023047,0,0,0,0,0,0,0
挑戰者II,PvP裝備升級解鎖！,,,,,65,0,12015,0,20,7,207,0,2023047,0,0,0,0,0,0,0
競爭者I,PvP裝備升級解鎖！,,,,,66,0,12015,0,20,7,4,0,2023049,0,0,0,0,0,0,0
競爭者II,PvP裝備升級解鎖！,,,,,67,0,12015,0,20,7,208,0,2023049,0,0,0,0,0,0,0
決鬥者,PvP裝備升級解鎖！,,,,,68,0,12015,0,20,7,5,0,2023051,0,0,0,0,0,0,0
精英,PvP裝備升級解鎖！,,,,,69,0,12015,0,20,7,6,0,2023053,0,0,0,0,0,0,0
戰鬥者I,PvP裝備升級解鎖！,,,,,70,0,12015,0,20,7,9,0,2023045,0,0,0,0,0,0,0
戰鬥者II,PvP裝備升級解鎖！,,,,,71,0,12015,0,20,7,209,0,2023045,0,0,0,0,0,0,0
挑戰者I,PvP裝備升級解鎖！,,,,,72,0,12015,0,20,7,11,0,2023047,0,0,0,0,0,0,0
挑戰者II,PvP裝備升級解鎖！,,,,,73,0,12015,0,20,7,210,0,2023047,0,0,0,0,0,0,0
競爭者I,PvP裝備升級解鎖！,,,,,74,0,12015,0,20,7,12,0,2023049,0,0,0,0,0,0,0
競爭者II,PvP裝備升級解鎖！,,,,,75,0,12015,0,20,7,211,0,2023049,0,0,0,0,0,0,0
決鬥者,PvP裝備升級解鎖！,,,,,76,0,12015,0,20,7,13,0,2023051,0,0,0,0,0,0,0
精英,PvP裝備升級解鎖！,,,,,77,0,12015,0,20,7,14,0,2023053,0,0,0,0,0,0,0
戰鬥者I,PvP裝備升級解鎖！,,,,,78,0,12015,0,20,7,17,0,2023045,0,0,0,0,0,0,0
戰鬥者II,PvP裝備升級解鎖！,,,,,79,0,12015,0,20,7,212,0,2023045,0,0,0,0,0,0,0
挑戰者I,PvP裝備升級解鎖！,,,,,80,0,12015,0,20,7,18,0,2023047,0,0,0,0,0,0,0
挑戰者II,PvP裝備升級解鎖！,,,,,81,0,12015,0,20,7,213,0,2023047,0,0,0,0,0,0,0
競爭者I,PvP裝備升級解鎖！,,,,,82,0,12015,0,20,7,19,0,2023049,0,0,0,0,0,0,0
競爭者II,PvP裝備升級解鎖！,,,,,83,0,12015,0,20,7,214,0,2023049,0,0,0,0,0,0,0
決鬥者,PvP裝備升級解鎖！,,,,,84,0,12015,0,20,7,20,0,2023051,0,0,0,0,0,0,0
精英,PvP裝備升級解鎖！,,,,,85,0,12015,0,20,7,21,0,2023053,0,0,0,0,0,0,0
閻獄之主的試煉,第%19812w層,|n+幻魄|n+殘存之魂的祝福,,,,87,95418,0,5281,17,6,354094,0,0,0,0,0,0,0,0,0
回合獲勝,勝利：%55859yc,,,,,89,104070,0,5116,16,6,392795,0,0,0,0,0,0,0,0,0
回合落敗,勝利：%55859yc,,,,,90,104070,0,5116,16,6,392796,0,0,0,0,0,0,0,0,0
無核守護者轉化,重頻語理解,,,波克波可獲得將無核守護者轉化為鳴響守護者的能力,,101,0,12015,0,18,3,0,0,4239320,0,0,0,0,0,0,0
波克波可進階升級,輕頻語理解已解鎖,,,,,102,0,12015,0,18,3,0,0,4239319,577,0,0,0,0,0,0
回合獲勝,勝利：%55859yc,,,,,104,104069,0,5117,16,6,392795,0,0,0,0,0,0,0,0,0
回合落敗,勝利：%55859yc,,,,,105,104069,0,5117,16,6,392796,0,0,0,0,0,0,0,0,0
閻獄之主的試煉,第%19812w層,,,,,106,95419,0,5281,17,6,354094,0,0,0,0,0,0,0,0,0
完成比賽 - 銅牌,|cFFFFFFFF比賽時間：%2016c.%2017c%2124c%2125c秒|r|n|n銀牌時間：%2019c.%2037c00秒|n金牌時間：%2020c.%2038c00秒|n|n個人最佳成績：%2040c.%2041c%2131c%2132c秒 |n|n,,,,,117,0,0,5474,17,6,369996,0,0,0,0,0,0,0,0,0
完成比賽 - 銀牌,|cFFFFFFFF比賽時間：%2016c.%2017c%2124c%2125c秒|r|n|n金牌時間：%2020c.%2038c00秒|n|n個人最佳成績：%2040c.%2041c%2131c%2132c秒 |n|n,,,,,121,0,0,5474,17,6,370253,0,0,0,0,0,0,0,0,0
完成比賽 - 金牌,|cFFFFFFFF比賽時間：%2016c.%2017c%2124c%2125c秒|r|n|n金牌時間：%2020c.%2038c00秒|n|n個人最佳成績：%2040c.%2041c%2131c%2132c秒 |n|n,,,,,122,0,0,5474,17,6,370254,0,0,0,0,0,0,0,0,0
競賽完成,|cFFFFFFFF比賽時間：%2016c.%2017c%2124c%2125c秒|r|n|n個人最佳成績：%2040c.%2041c%2131c%2132c秒 |n|n,,,,,123,0,0,5474,17,6,370255,0,0,0,0,0,0,0,0,0
競賽完成,|cFFFFFFFF比賽時間：%2016c.%2017c%2124c%2125c秒|r|n|n個人最佳成績：%2040c.%2041c%2131c%2132c秒 |n|n,,,,,125,0,0,5474,17,6,370713,0,0,0,0,0,0,0,0,0
崩解,已記住新法術,,,,,127,0,0,5268,12,3,64864,0,4622451,0,0,0,0,0,0,0
火焰之息,已記住新法術,,,,,128,104129,0,5268,12,3,64872,0,4622458,0,0,0,0,0,0,0
飛騰,已記住新法術,,,,,129,0,0,5268,12,3,64873,0,4622485,0,0,0,0,0,0,0
深層吐息,已記住新法術,,,,,130,0,0,5268,12,3,65045,0,4622450,0,0,0,0,0,0,0
專精,新內容解鎖！,,新內容解鎖：|cffFF4E00|Hspecpane:|h[專精]|h|r,,,135,0,0,5268,12,3,65701,0,4574311,0,0,0,0,0,0,0
天賦,新內容解鎖！,,新內容解鎖：|cffFF4E00|Htalentpane:|h[天賦]|h|r,,,136,0,0,5268,12,3,65101,0,4574311,0,0,0,0,0,0,0
火焰之息,已記住新法術,,,,,137,92737,4690,5268,21,3,357208,0,4622458,0,0,0,0,0,0,0
翡翠之花,已記住新法術,,,,,138,92737,0,5268,21,3,355913,0,4622457,0,0,0,0,0,0,0
飛騰,已記住新法術,,,,,139,92737,0,5268,21,3,369536,0,4622485,0,0,0,0,0,0,0
盤旋,已記住新法術,,,,,145,0,0,5268,12,3,66324,0,4622463,0,0,0,0,0,0,0
天賦,新內容解鎖！,,新內容解鎖：|cffFF4E00|Htalentpane:|h[天賦]|h|r,,,146,0,0,5268,12,3,65613,0,4574311,0,0,0,0,0,0,0
,,,你的技法有助你收集額外的物品：,,,147,0,0,0,22,3,0,0,0,0,0,0,0,0,0,0
,,,你的感知幫助你找到額外的物品：,,,148,0,0,0,22,3,0,0,0,0,0,0,0,0,0,0
,,,首次製作這個配方後，你學到新東西：,,,152,0,0,0,22,3,0,0,0,0,0,0,0,0,0,0
,,,有些工匠精神從你的新知識中凝結成型：,,,154,0,0,0,22,3,0,0,0,0,0,0,0,0,0,0
飛龍騎術已解鎖,騎乘巨龍群島飛龍|n遨遊天際,,,,,155,0,0,5474,16,6,376027,0,0,0,0,0,0,0,0,0
有新天賦點數可使用,你的能力增強了！,,有新|cff20ff20|Htalentpane:|h[天賦點數]|h|r可使用！,,,156,104401,12012,0,15,3,0,0,132222,0,0,0,0,0,0,0
群島之風,新飛龍騎術技能解鎖！,,,,,159,0,12014,5468,16,3,377485,0,4640500,0,0,0,0,0,0,0
旋轉急衝,新飛龍騎術技能解鎖！,,,,,160,0,12014,5468,16,3,377709,0,4640477,0,0,0,0,0,0,0
青銅時間鎖,新飛龍騎術技能解鎖！,,,,,161,0,12014,5468,16,3,377404,0,134156,0,0,0,0,0,0,0
裝了滿滿金幣的袋子！,,,你發現箱子裡面有個裝了滿滿金幣的袋子：,,,162,0,0,0,22,3,0,0,4549223,0,0,0,0,0,0,0
龍族錢包！,,,你發現箱子裡面多了一袋金幣：,,,163,0,0,0,22,3,0,0,1519428,0,0,0,0,0,0,0
,,,你獲得一項物品等級比平常高的物品：,,,164,0,0,0,22,3,0,0,0,0,0,0,0,0,0,0
,,,你獲得一項物品等級比平常高出許多的物品：,,,165,0,0,0,22,3,0,0,0,0,0,0,0,0,0,0
商隊保險箱！,,,你在商隊旅行途中提供協助，因此獲得下列物品：,為了感謝你的協助，商隊的艾拉格半人馬送你這個保險箱。裡面可能放了有價值的裝備、文物和交易物品。,,166,0,0,0,22,3,0,0,1603185,0,0,0,0,0,0,0
龍禍要塞保險箱！,,,為了感謝你協助奪回龍禍要塞，因此獲得下列物品：,你從首領這邊獲得一個保險箱作為獎勵，裡面可能有裝備、金幣、巨龍群島補給品、聲望和造型物品。,,167,0,0,0,22,3,0,0,3753264,0,0,0,0,0,0,0
大狩獵戰利品！,,,你在大狩獵表現英勇，因此獲得下列物品：,狩獵戰利品中包含了裝備、狩獵戰利品、巨龍群島補給品和造型物品。,,168,0,0,0,22,3,0,0,1519430,0,0,0,0,0,0,0
探究完成！,|cFF1eff00探究寶石獎勵：%2593c|n探究寶石總數：%2531c|TInterface\ICONS\INV_STONE_03.BLP:16:16|t|r|n|n獲得的探索者點數：%2591c|n現有的探索者點數：%2592c,,,,,175,0,0,5388,17,8,414849,0,0,0,843,0,0,218671,0,0
探究完成！,,,,,,177,0,12015,0,18,7,0,0,2023053,0,0,0,0,0,0,0
淨化藥膏,布萊恩技能解鎖！,,|cff20ff20|Hdelvecompanionconfig:|h[布萊恩‧銅鬚]|h|r學會了新技能：|cff71D5FF|Hspell:434855|h[淨化藥膏]|r。,,,178,0,12014,0,18,3,0,0,1014025,0,0,0,0,0,0,0
神聖之盾,你暫時對所有傷害免疫！,,,,,179,0,0,0,18,6,0,0,1307018,0,0,0,0,0,0,0
瓶中閃電,閃電會打擊附近敵人！,,,,,180,0,0,0,18,6,0,0,1307018,0,0,0,0,0,0,0
盜賊藥水,如果你穿過敵人，敵人會掉落寶藏！,,,,,181,0,0,0,18,6,0,0,1307018,0,0,0,0,0,0,0
發現,菌菇愚行,,,,,182,0,0,5474,18,6,0,0,0,0,0,0,0,0,0,0
發現,解鎖重生點！,,發現：解鎖|cff71D5FF|Hspell:433110|h[重生點]|r！,,,183,0,0,5554,18,6,0,0,0,0,0,0,0,0,0,0
寶庫欄位解鎖,,,,,,184,0,0,0,23,9,0,0,0,0,0,0,0,261305,0,0
寶庫欄位升級,,,,,,185,0,0,0,24,10,0,0,0,0,0,0,0,267289,0,0
,,,,,,188,0,0,0,25,11,0,0,0,0,0,0,0,0,0,0
陣亡,你的名次為#%1986c,,,,,192,0,0,5559,18,2,0,0,0,1112,0,0,0,243383,0,0
勝利,你的名次為#1,,,,,193,0,0,5560,18,2,0,0,0,1112,0,0,0,243382,0,1
對戰結束,再試一次！,,,,,194,0,0,5560,18,2,0,0,0,0,0,0,0,243383,0,1
%d級,你達到了,,,,,198,120872,0,5571,0,2,0,0,0,1110,0,0,0,0,0,0
英雄天賦,新內容解鎖！,,新內容解鎖：|cffFF4E00|Htalentpane:|h[英雄天賦]|h|r,,,199,123009,12015,0,15,3,0,-1,132222,0,0,0,0,0,0,0
有新英雄天賦點數可使用,你的能力增強了！,,有新|cff20ff20|Htalentpane:|h[英雄天賦點數]|h|r可使用！,,,200,123011,12012,0,15,3,0,-2,132222,0,0,0,0,0,0,0
,,,布萊恩‧銅鬚幫你收集了額外的物品：,,,201,0,0,0,22,3,0,0,0,0,0,0,0,0,0,0
測試%3199w,,坐騎測試,,,,203,0,0,0,16,0,452025,0,0,0,0,0,0,0,0,0
,,,有些工匠之敏銳從你的新知識中凝結成型：,,,204,0,0,0,22,3,0,0,0,0,0,0,0,0,0,0
,,,,,,205,0,0,5474,18,6,0,0,0,1270,0,0,0,0,0,0
解鎖特殊任務！,查看你的區域地圖來檢視細節。,,,,,206,0,27650,0,18,12,0,0,0,0,0,0,0,0,0,0
,,,你的感知幫助你找到額外的物品：,,,207,0,0,0,22,3,0,0,0,0,0,0,0,0,0,0
戰鬥珍品,布萊恩技能解鎖！,,|cff20ff20|Hdelvecompanionconfig:|h[布萊恩‧銅鬚]|h|r解鎖了：|cff71D5FF|Hspell:456542|h[戰鬥珍品]|r。,,,208,0,12015,0,18,3,0,0,3192685,0,0,0,0,0,0,0
緊急補給,布萊恩技能解鎖！,,|cff20ff20|Hdelvecompanionconfig:|h[布萊恩‧銅鬚]|h|r學會了新技能：|cff71D5FF|Hspell:421395|h[緊急補給]|r。,,,209,0,12014,0,18,3,0,0,1387611,0,0,0,0,0,0,0
寧神吹箭,布萊恩技能解鎖！,,|cff20ff20|Hdelvecompanionconfig:|h[布萊恩‧銅鬚]|h|r學會了新技能：|cff71D5FF|Hspell:421380|h[寧神吹箭]|r。,,,210,0,12014,0,18,3,0,0,1633109,0,0,0,0,0,0,0
通用珍品,布萊恩技能解鎖！,,|cff20ff20|Hdelvecompanionconfig:|h[布萊恩‧銅鬚]|h|r解鎖了：|cff71D5FF|Hspell:456543|h[通用珍品]|r。,,,211,0,12015,0,18,3,0,0,3192685,0,0,0,0,0,0,0
布萊恩的史詩蛋,布萊恩技能解鎖！,,|cff20ff20|Hdelvecompanionconfig:|h[布萊恩‧銅鬚]|h|r學會了新技能：|cff71D5FF|Hspell:421382|h[布萊恩的史詩蛋]|r。,,,212,0,12014,0,18,3,0,0,294479,0,0,0,0,0,0,0
奧丹姆文物,布萊恩技能解鎖！,,|cff20ff20|Hdelvecompanionconfig:|h[布萊恩‧銅鬚]|h|r學會了新技能：|cff71D5FF|Hspell:421376|h[奧丹姆文物]|r。,,,213,0,12014,0,18,3,0,0,454069,0,0,0,0,0,0,0
鐵爐堡禦護,布萊恩技能解鎖！,,|cff20ff20|Hdelvecompanionconfig:|h[布萊恩‧銅鬚]|h|r學會了新技能：|cff71D5FF|Hspell:434904|h[鐵爐堡禦護]|r。,,,214,0,12014,0,18,3,0,0,3155390,0,0,0,0,0,0,0
三十碼繩索,布萊恩技能解鎖！,,|cff20ff20|Hdelvecompanionconfig:|h[布萊恩‧銅鬚]|h|r學會了新技能：|cff71D5FF|Hspell:421378|h[三十碼繩索]|r。,,,215,0,12014,0,18,3,0,0,1119938,0,0,0,0,0,0,0
探險者的醫療日誌,布萊恩技能解鎖！,,|cff20ff20|Hdelvecompanionconfig:|h[布萊恩‧銅鬚]|h|r學會了新被動效果：|cff71D5FF|Hspell:448286|h[探險者的醫療日誌]|r。,,,216,0,12014,0,18,3,0,0,4624733,0,0,0,0,0,0,0
信任之鞭,布萊恩技能解鎖！,,|cff20ff20|Hdelvecompanionconfig:|h[布萊恩‧銅鬚]|h|r學會了新技能：|cff71D5FF|Hspell:421285|h[信任之鞭]|r。,,,217,0,12014,0,18,3,0,0,460858,0,0,0,0,0,0,0
上古武器之油,布萊恩技能解鎖！,,|cff20ff20|Hdelvecompanionconfig:|h[布萊恩‧銅鬚]|h|r學會了新技能：|cff71D5FF|Hspell:449666|h[上古武器之油]|r。,,,218,0,12014,0,18,3,0,0,134726,0,0,0,0,0,0,0
擊殺射擊,布萊恩技能解鎖！,,|cff20ff20|Hdelvecompanionconfig:|h[布萊恩‧銅鬚]|h|r學會了新技能：|cff71D5FF|Hspell:435163|h[擊殺射擊]|r。,,,219,0,12014,0,18,3,0,0,236174,0,0,0,0,0,0,0
寒冰陷阱,布萊恩技能解鎖！,,|cff20ff20|Hdelvecompanionconfig:|h[布萊恩‧銅鬚]|h|r學會了新技能：|cff71D5FF|Hspell:421389|h[寒冰陷阱]|r。,,,220,0,12014,0,18,3,0,0,612394,0,0,0,0,0,0,0
放出猴子,布萊恩技能解鎖！,,|cff20ff20|Hdelvecompanionconfig:|h[布萊恩‧銅鬚]|h|r學會了新技能：|cff71D5FF|Hspell:421387|h[放出猴子]|r。,,,221,0,12014,0,18,3,0,0,1392562,0,0,0,0,0,0,0
格里芬汀的作戰韁繩,布萊恩技能解鎖！,,|cff20ff20|Hdelvecompanionconfig:|h[布萊恩‧銅鬚]|h|r學會了新技能：|cff71D5FF|Hspell:421397|h[格里芬汀的作戰韁繩]|r。,,,222,0,12014,0,18,3,0,0,773275,0,0,0,0,0,0,0
探險者的彈藥日誌,布萊恩技能解鎖！,,|cff20ff20|Hdelvecompanionconfig:|h[布萊恩‧銅鬚]|h|r學會了新被動效果：|cff71D5FF|Hspell:448287|h[探險者的彈藥日誌]|r。,,,223,0,12014,0,18,3,0,0,4624728,0,0,0,0,0,0,0
探險者的彈藥日誌,布萊恩的能力增強了！,,|cff20ff20|Hdelvecompanionconfig:|h[布萊恩‧銅鬚]|h|r增加了技能等級：|cff71D5FF|Hspell:448287|h[探險者的彈藥日誌]|r。,,,224,0,12012,0,18,3,0,0,4624728,0,0,0,0,0,0,0
探險者的醫療日誌,布萊恩的能力增強了！,,|cff20ff20|Hdelvecompanionconfig:|h[布萊恩‧銅鬚]|h|r增加了技能等級：|cff71D5FF|Hspell:448286|h[探險者的醫療日誌]|r。,,,225,0,12012,0,18,3,0,0,4624733,0,0,0,0,0,0,0
璀璨回音,,擊敗龍骨荒野各處的集結記憶,,,,227,0,0,5623,16,6,458297,0,0,0,0,0,0,0,0,0
璀璨回音,,擊敗阿薩斯,,,,228,0,0,5623,16,6,458298,0,0,0,0,0,0,0,0,0
璀璨回音,,擊敗灼熱峽谷各處的集結記憶,,,,232,0,0,5623,16,6,458336,0,0,0,0,0,0,0,0,0
璀璨回音,,擊敗塵泥沼澤各處的集結記憶,,,,233,0,0,5623,16,6,458331,0,0,0,0,0,0,0,0,0
璀璨回音,,擊敗拉格納羅斯,,,,234,0,0,5623,16,6,458337,0,0,0,0,0,0,0,0,0
璀璨回音,,擊敗奧妮克希亞,,,,235,0,0,5623,16,6,458332,0,0,0,0,0,0,0,0,0
天空騎術已解鎖,卡茲阿爾加,,,,,238,0,12014,5586,12,3,78533,0,5922053,0,0,0,0,0,0,0
陸行坐騎,新內容解鎖！,,新內容解鎖：|cffFF4E00|Hmountequipment:|h[陸行坐騎]|h|r,,,240,126770,12015,0,15,3,0,0,132261,0,0,0,0,0,0,0
飛行坐騎,新內容解鎖！,,新內容解鎖：|cffFF4E00|Hmountequipment:|h[飛行坐騎]|h|r,,,241,126772,12015,0,15,3,0,0,5142725,0,0,0,0,0,0,0
穩速飛行,新內容解鎖！,,現在你可以在穩速飛行與天空騎術之間切換飛行風格。,,,243,126778,12015,0,15,3,0,0,5142726,0,0,0,0,0,0,0
完成傳聞,,,,,,244,0,0,5554,18,0,0,0,0,0,0,0,0,0,0,0
接受傳聞,,,,,,245,0,0,5554,18,0,0,0,0,0,0,0,0,0,0,0
解鎖世界任務、傳聞和寶箱,合約：織絲者,,,,,246,0,0,5554,18,3,0,0,5862764,0,0,0,0,0,0,0
解鎖世界任務、傳聞和紀念碑,合約：將軍,,,,,247,0,0,5554,18,3,0,0,5862762,0,0,0,0,0,0,0
解鎖世界任務、傳聞和挖掘,合約：輔臣,,,,,248,0,0,5554,18,3,0,0,5862762,0,0,0,0,0,0,0
完成傳聞,,,,,,249,0,0,5554,18,0,0,0,0,0,0,0,0,0,0,0
接受傳聞,,,,,,250,0,0,5554,18,0,0,0,0,0,0,0,0,0,0,0
完成傳聞,,,,,,251,0,0,5554,18,0,0,0,0,0,0,0,0,0,0,0
接受傳聞,,,,,,252,0,0,5554,18,0,0,0,0,0,0,0,0,0,0,0
解鎖多恩島傳送門,織絲者巢穴,,,,,253,0,0,5586,12,3,78248,0,5901551,0,0,0,0,0,0,0
復活次數重置,降低級別和獎勵,,,,,255,0,0,5554,18,6,0,0,0,0,0,0,0,0,0,0
|cnRED_FONT_COLOR:剩餘生命數為0|r,,,,,,256,0,0,5554,18,13,0,0,6013778,0,0,0,0,0,0,0
剩下一條命了！,,,,,,258,0,0,5554,18,13,0,0,6013778,0,0,0,0,0,0,0
,,,有些工匠之敏銳從你的新知識中凝結成型：,,,259,0,0,0,22,3,0,0,0,0,0,0,0,0,0,0
採集工具,布萊恩技能解鎖！,,|cff20ff20|Hdelvecompanionconfig:|h[布萊恩‧銅鬚]|h|r學會了新技能：|cff71D5FF|Hspell:453812|h[採集工具]|r。,,,260,0,12014,0,18,3,0,0,4374707,0,0,0,0,0,0,0
+1生命數,,,,,,263,0,0,5554,18,13,0,0,6013778,0,0,0,0,0,0,0
幽坑霸主的嘍囉潰敗了！,獎勵提高,,,,,264,0,0,5554,18,6,0,0,0,0,0,0,0,0,0,0
雷霆王的轟雷黃水晶,取得歌唱黃水晶,現在可向『扳手』狄迪購買。,,,,265,130603,0,5268,22,3,0,0,6215538,0,0,0,0,0,0,0
疾風水手的黃水晶,取得歌唱黃水晶,現在可向『扳手』狄迪購買。,,,,266,130276,0,5268,22,3,0,0,6215541,0,0,0,0,0,0,0
海底監督者的黃水晶,取得歌唱黃水晶,現在可向『扳手』狄迪購買。,,,,267,130275,0,5268,22,3,0,0,6215539,0,0,0,0,0,0,0
風暴縫紉者的黃水晶,取得歌唱黃水晶,現在可向學徒坦莫購買。,,,,268,130282,0,5268,22,3,0,0,6215513,0,0,0,0,0,0,0
老水手的詩意黃水晶,取得歌唱黃水晶,現在可向學徒坦莫購買。,,,,269,130283,0,5268,22,3,0,0,6215516,0,0,0,0,0,0,0
海員的神聖黃水晶,取得歌唱黃水晶,現在可向學徒坦莫購買。,,,,270,130605,0,5268,22,3,0,0,6215515,0,0,0,0,0,0,0
風暴使者的符文黃水晶,取得歌唱黃水晶,現在可向安格菈購買。,,,,271,130286,0,5268,22,3,0,0,6215532,0,0,0,0,0,0,0
水居者的符文黃水晶,取得歌唱黃水晶,現在可向安格菈購買。,,,,272,130285,0,5268,22,3,0,0,6215529,0,0,0,0,0,0,0
風詠者的符文黃水晶,取得歌唱黃水晶,現在可向安格菈購買。,,,,273,130604,0,5268,22,3,0,0,6215530,0,0,0,0,0,0,0
傳說跳越者的黃水晶,取得歌唱黃水晶,現在可向塔加里購買。,,,,274,130512,0,5268,22,3,0,0,6215534,0,0,0,0,0,0,0
海床巨神海蛇的黃水晶,取得歌唱黃水晶,現在可向塔加里購買。,,,,275,130415,0,5268,22,3,0,0,6215535,0,0,0,0,0,0,0
咆哮戰姬的黃水晶,取得歌唱黃水晶,現在可向塔加里購買。,,,,276,130513,0,5268,22,3,0,0,6215536,0,0,0,0,0,0,0
死敵保險箱已升級,,,,,,277,0,0,5554,18,13,0,0,6381230,0,0,0,0,0,0,0
標題,副標題,Our heroes go on some whacky adventure to do some whacky stuff to save the world....again. Our heroes go on some whacky adventure to do some whacky stuff to save the world....again. Our heroes go on some whacky adventure to do some whacky stuff to save the world....again. Our heroes go on some whacky adventure to do some whacky stuff to save the world....again. Our heroes go on some whacky adventu,,標題提示資訊,副標題提示資訊,278,0,15864,5554,18,12,0,0,1061206,0,0,0,0,0,0,0
探險者的生存日誌,布萊恩的能力增強了！,,|cff20ff20|Hdelvecompanionconfig:|h[布萊恩‧銅鬚]|h|r增加了技能等級：|cff71D5FF|Hspell:472874|h[探險者的生存日誌]|r。,,,279,0,12012,0,18,3,0,0,4625105,0,0,0,0,0,0,0
探險者的生存日誌,布萊恩技能解鎖！,,|cff20ff20|Hdelvecompanionconfig:|h[布萊恩‧銅鬚]|h|r學會了新被動效果：|cff71D5FF|Hspell:472874|h[探險者的生存日誌]|r。,,,280,0,12014,0,18,3,0,0,4625105,0,0,0,0,0,0,0
崗哨圖騰,布萊恩技能解鎖！,,|cff20ff20|Hdelvecompanionconfig:|h[布萊恩‧銅鬚]|h|r學會了新技能：|cff71D5FF|Hspell:473633|h[崗哨圖騰]|r。,,,281,0,12014,0,18,3,0,0,1385909,0,0,0,0,0,0,0
熟練套索,布萊恩技能解鎖！,,|cff20ff20|Hdelvecompanionconfig:|h[布萊恩‧銅鬚]|h|r學會了新技能：|cff71D5FF|Hspell:472848|h[熟練套索]|r。,,,282,0,12014,0,18,3,0,0,1119937,0,0,0,0,0,0,0
閃電連結,布萊恩技能解鎖！,,|cff20ff20|Hdelvecompanionconfig:|h[布萊恩‧銅鬚]|h|r學會了新技能：|cff71D5FF|Hspell:1215128|h[閃電連結]|r。,,,283,0,12014,0,18,3,0,0,1385911,0,0,0,0,0,0,0
強力布萊恩猛擊,布萊恩技能解鎖！,,|cff20ff20|Hdelvecompanionconfig:|h[布萊恩‧銅鬚]|h|r學會了新技能：|cff71D5FF|Hspell:472803|h[強力布萊恩猛擊]|r。,,,284,0,12014,0,18,3,0,0,236444,0,0,0,0,0,0,0
電氣充能器具,布萊恩技能解鎖！,,|cff20ff20|Hdelvecompanionconfig:|h[布萊恩‧銅鬚]|h|r學會了新技能：|cff71D5FF|Hspell:473707|h[電氣充能器具]|r。,,,285,0,12014,0,18,3,0,0,4548867,0,0,0,0,0,0,0
銅鬚的棕熊,布萊恩技能解鎖！,,|cff20ff20|Hdelvecompanionconfig:|h[布萊恩‧銅鬚]|h|r學會了新技能：|cff71D5FF|Hspell:473521|h[銅鬚的棕熊]|r。,,,286,0,12014,0,18,3,0,0,132183,0,0,0,0,0,0,0
記分板,,,,,,287,0,0,0,18,14,0,0,0,1504,0,0,0,0,0,1
發現,甬道石,,發現：|cff71D5FF|Hspell:1228297|h[甬道石]|r。,,,288,0,0,5554,18,6,0,99,0,0,0,0,0,0,0,0
完成,"事件完成！
|cFF1eff00獲得的純粹豐足：300|TInterface\ICONS\INV_10_Gathering_BioluminescentSpores_Large.BLP:16:16|t|r",,,,,289,0,0,5765,17,8,1229176,0,0,0,1532,0,0,0,0,0
,,,發現：|cff71D5FF|Hspell:1228297|h[甬道石]|r。,,,290,0,0,5708,18,6,0,99,0,0,0,0,0,0,0,0
解鎖阿奇爾森之風,天空騎術,,,,,291,0,0,5586,12,3,90823,0,4640500,0,0,0,0,0,0,0
解鎖祝福：阿奇爾森的疾風,羅亞祝福,,,,,292,0,0,5586,12,3,86809,0,132172,0,0,0,0,0,0,0
解鎖祝福：哈拉齊的專注,羅亞祝福,,,,,293,0,0,5586,12,3,92084,0,132142,0,0,0,0,0,0,0
解鎖祝福：賈納雷的永燃,羅亞祝福,,,,,294,0,0,5586,12,3,90772,0,6119037,0,0,0,0,0,0,0
解鎖祝福：納羅拉克的威壓,羅亞祝福,,,,,295,0,0,5586,12,3,91958,0,132183,0,0,0,0,0,0,0
解鎖阿曼尼的貴客,祖阿曼,,,,,296,0,0,5586,12,3,86722,0,1455894,0,0,0,0,0,0,0
"   
狩獵：博學者破日者",,,,,,297,0,0,5704,18,6,0,0,0,1668,0,0,0,0,0,0
"   
狩獵：博學者燼鞭",,,,,,298,0,0,5704,18,6,0,0,0,1668,0,0,0,0,0,0
"   
狩獵：資深技工歐茲沃德",,,,,,299,0,0,5704,18,6,0,0,0,1668,0,0,0,0,0,0
"   
狩獵：回收者L-N-0R",,,,,,300,0,0,5704,18,6,0,0,0,1668,0,0,0,0,0,0
"   
狩獵：莫德里爾‧影墮",,,,,,301,0,0,5704,18,6,0,0,0,1668,0,0,0,0,0,0
"   
狩獵：黛莉亞‧幽歌",,,,,,302,0,0,5704,18,6,0,0,0,1668,0,0,0,0,0,0
"   
狩獵：幻刃塔菈莎",,,,,,303,0,0,5704,18,6,0,0,0,1668,0,0,0,0,0,0
"   
狩獵：奧核之鋒哈帝姆",,,,,,304,0,0,5704,18,6,0,0,0,1668,0,0,0,0,0,0
"   
狩獵：『破壞者』喬佐洛",,,,,,305,0,0,5704,18,6,0,0,0,1668,0,0,0,0,0,0
"   
狩獵：『納羅拉克之拳』莎杜",,,,,,306,0,0,5704,18,6,0,0,0,1668,0,0,0,0,0,0
"   
狩獵：賈納雷之爪",,,,,,307,0,0,5704,18,6,0,0,0,1668,0,0,0,0,0,0
"   
狩獵：阿奇爾森之翼",,,,,,308,0,0,5704,18,6,0,0,0,1668,0,0,0,0,0,0
"   
狩獵：遊俠迅林",,,,,,309,0,0,5704,18,6,0,0,0,1668,0,0,0,0,0,0
"   
狩獵：焰翼中尉",,,,,,310,0,0,5704,18,6,0,0,0,1668,0,0,0,0,0,0
"   
狩獵：『刀葉』佩尤爾",,,,,,311,0,0,5704,18,6,0,0,0,1668,0,0,0,0,0,0
"   
狩獵：墓室的菈米恩",,,,,,312,0,0,5704,18,6,0,0,0,1668,0,0,0,0,0,0
"   
狩獵：高階復仇者伏瑞姆",,,,,,313,0,0,5704,18,6,0,0,0,1668,0,0,0,0,0,0
"   
狩獵：十字軍露西亞‧麥斯威爾",,,,,,314,0,0,5704,18,6,0,0,0,1668,0,0,0,0,0,0
"   
狩獵：軍教官辛古拉里斯",,,,,,315,0,0,5704,18,6,0,0,0,1668,0,0,0,0,0,0
"   
狩獵：事務官奈布羅",,,,,,316,0,0,5704,18,6,0,0,0,1668,0,0,0,0,0,0
"   
狩獵：執行官凱尼厄斯",,,,,,317,0,0,5704,18,6,0,0,0,1668,0,0,0,0,0,0
"   
狩獵：統治者艾尼瑪莉亞",,,,,,318,0,0,5704,18,6,0,0,0,1668,0,0,0,0,0,0
"   
狩獵：遊俠騎士血碎",,,,,,319,0,0,5704,18,6,0,0,0,1668,0,0,0,0,0,0
"   
狩獵：『背叛者』薇蕾娜",,,,,,320,0,0,5704,18,6,0,0,0,1668,0,0,0,0,0,0
"   
狩獵：迷失的瑟德林",,,,,,321,0,0,5704,18,6,0,0,0,1668,0,0,0,0,0,0
"   
狩獵：『餓鬼』妮卓菈",,,,,,322,0,0,5704,18,6,0,0,0,1668,0,0,0,0,0,0
"   
狩獵：棘語者艾加斯",,,,,,323,0,0,5704,18,6,0,0,0,1668,0,0,0,0,0,0
"   
狩獵：荊棘女巫莉瑟",,,,,,324,0,0,5704,18,6,0,0,0,1668,0,0,0,0,0,0
"   
狩獵：『燃燒之影』葛羅索茲",,,,,,325,0,0,5704,18,6,0,0,0,1668,0,0,0,0,0,0
"   
狩獵：『黯黑燃炎』丹扎格",,,,,,326,0,0,5704,18,6,0,0,0,1668,0,0,0,0,0,0
水晶朝你獵物的方向燃燒,,,,,,327,0,0,0,18,13,0,0,0,1852,0,0,0,0,0,0
完成,"|cFF1eff00完成潛水！|n
|cFF1eff00獲得的釣手珍珠：|cFFffffff%3506c|r|TInterface\ICONS\Item_enchantedpearl.blp:16:16|t|r",,,,,334,0,0,5765,17,8,1253233,0,0,0,1994,0,0,347959,347845,0
閃爍戰利品會在探究通關後出現,,,,,,337,0,0,5554,18,13,0,0,4914669,0,0,0,0,0,0,0
朧影的閃爍戰利品會在探究通關後出現,,,,,,338,0,0,5554,18,13,0,0,4914669,0,0,0,0,0,0,0
閃爍大門在裡頭現形了,,,,,,339,0,0,5554,18,13,0,0,4914669,0,0,0,0,0,0,0
,,,,,,340,0,0,0,26,15,0,0,0,0,0,0,0,0,0,0
擊敗獵物,,"總時間：
%49752e時%49756e分%49754e秒",,,,341,0,0,5704,18,6,0,0,0,0,0,0,0,0,0,0
絕不屈服,瓦麗拉技能解鎖！,,|cff20ff20|Hdelvecompanionconfig:|h[瓦麗拉‧桑古納爾]|h|r學會了新技能：|cff71D5FF|Hspell:1248169|h[絕不屈服]|r。,,,343,0,12014,0,18,3,0,0,5041289,0,0,0,0,0,0,0
鮮血合約,瓦麗拉技能解鎖！,,|cff20ff20|Hdelvecompanionconfig:|h[瓦麗拉‧桑古納爾]|h|r學會了新技能：|cff71D5FF|Hspell:1248108|h[鮮血合約]|r。,,,344,0,12014,0,18,3,0,0,441148,0,0,0,0,0,0,0
專業工具,瓦麗拉技能解鎖！,,|cff20ff20|Hdelvecompanionconfig:|h[瓦麗拉‧桑古納爾]|h|r學會了新技能：|cff71D5FF|Hspell:1249528|h[專業工具]|r。,,,345,0,12014,0,18,3,0,0,132594,0,0,0,0,0,0,0
匕首穿喉,瓦麗拉技能解鎖！,,|cff20ff20|Hdelvecompanionconfig:|h[瓦麗拉‧桑古納爾]|h|r學會了新技能：|cff71D5FF|Hspell:1248172|h[匕首穿喉]|r。,,,346,0,12014,0,18,3,0,0,132324,0,0,0,0,0,0,0
遺忘之主的毒藥,瓦麗拉技能解鎖！,,|cff20ff20|Hdelvecompanionconfig:|h[瓦麗拉‧桑古納爾]|h|r學會了新技能：|cff71D5FF|Hspell:1248501|h[遺忘之主的毒藥]|r。,,,347,0,12014,0,18,3,0,0,538441,0,0,0,0,0,0,0
狂舞殘殺,瓦麗拉技能解鎖！,,|cff20ff20|Hdelvecompanionconfig:|h[瓦麗拉‧桑古納爾]|h|r學會了新技能：|cff71D5FF|Hspell:1248011|h[狂舞殘殺]|r。,,,348,0,12014,0,18,3,0,0,236277,0,0,0,0,0,0,0
偷襲,瓦麗拉技能解鎖！,,|cff20ff20|Hdelvecompanionconfig:|h[瓦麗拉‧桑古納爾]|h|r學會了新技能：|cff71D5FF|Hspell:1248196|h[偷襲]|r。,,,349,0,12014,0,18,3,0,0,460691,0,0,0,0,0,0,0
暗殺,瓦麗拉技能解鎖！,,|cff20ff20|Hdelvecompanionconfig:|h[瓦麗拉‧桑古納爾]|h|r學會了新技能：|cff71D5FF|Hspell:1248339|h[暗殺]|r。,,,350,0,12014,0,18,3,0,0,236174,0,0,0,0,0,0,0
無人目擊,瓦麗拉技能解鎖！,,|cff20ff20|Hdelvecompanionconfig:|h[瓦麗拉‧桑古納爾]|h|r學會了新技能：|cff71D5FF|Hspell:1248595|h[無人目擊]|r。,,,351,0,12014,0,18,3,0,0,132305,0,0,0,0,0,0,0
無冕者的染血帳本,瓦麗拉技能解鎖！,,|cff20ff20|Hdelvecompanionconfig:|h[瓦麗拉‧桑古納爾]|h|r學會了新被動效果：|cff71D5FF|Hspell:1260257|h[無冕者的染血帳本]|r。,,,352,0,12014,0,18,3,0,0,4549131,0,0,0,0,0,0,0
無冕者的染血帳本,瓦麗拉的能力增強了！,,|cff20ff20|Hdelvecompanionconfig:|h[瓦麗拉‧桑古納爾]|h|r增加了技能等級：|cff71D5FF|Hspell:1260257|h[無冕者的染血帳本]|r。,,,353,0,12012,0,18,3,0,0,4549131,0,0,0,0,0,0,0
吸血收割,瓦麗拉技能解鎖！,,|cff20ff20|Hdelvecompanionconfig:|h[瓦麗拉‧桑古納爾]|h|r學會了新技能：|cff71D5FF|Hspell:1249953|h[吸血收割]|r。,,,354,0,12014,0,18,3,0,0,1450139,0,0,0,0,0,0,0
暗影蔽幕,瓦麗拉技能解鎖！,,|cff20ff20|Hdelvecompanionconfig:|h[瓦麗拉‧桑古納爾]|h|r學會了新技能：|cff71D5FF|Hspell:1250738|h[暗影蔽幕]|r。,,,355,0,12014,0,18,3,0,0,5852173,0,0,0,0,0,0,0
嗜魂毒液,瓦麗拉技能解鎖！,,|cff20ff20|Hdelvecompanionconfig:|h[瓦麗拉‧桑古納爾]|h|r學會了新技能：|cff71D5FF|Hspell:1251862|h[嗜魂毒液]|r。,,,356,0,12014,0,18,3,0,0,132290,0,0,0,0,0,0,0
回復煙霧,瓦麗拉技能解鎖！,,|cff20ff20|Hdelvecompanionconfig:|h[瓦麗拉‧桑古納爾]|h|r學會了新技能：|cff71D5FF|Hspell:1250162|h[回復煙霧]|r。,,,357,0,12014,0,18,3,0,0,237586,0,0,0,0,0,0,0
鎮痛靈丹,瓦麗拉技能解鎖！,,|cff20ff20|Hdelvecompanionconfig:|h[瓦麗拉‧桑古納爾]|h|r學會了新技能：|cff71D5FF|Hspell:1250763|h[鎮痛靈丹]|r。,,,358,0,12014,0,18,3,0,0,135936,0,0,0,0,0,0,0
黑暗屏蔽,瓦麗拉技能解鎖！,,|cff20ff20|Hdelvecompanionconfig:|h[瓦麗拉‧桑古納爾]|h|r學會了新技能：|cff71D5FF|Hspell:1250769|h[黑暗屏蔽]|r。,,,359,0,12014,0,18,3,0,0,136194,0,0,0,0,0,0,0
無冕者的鍊金寶典,瓦麗拉技能解鎖！,,|cff20ff20|Hdelvecompanionconfig:|h[瓦麗拉‧桑古納爾]|h|r學會了新被動效果：|cff71D5FF|Hspell:1261074|h[無冕者的鍊金寶典]|r。,,,360,0,12014,0,18,3,0,0,4624733,0,0,0,0,0,0,0
無冕者的鍊金寶典,瓦麗拉的能力增強了！,,|cff20ff20|Hdelvecompanionconfig:|h[瓦麗拉‧桑古納爾]|h|r增加了技能等級：|cff71D5FF|Hspell:1261074|h[無冕者的鍊金寶典]|r。,,,361,0,12012,0,18,3,0,0,4624733,0,0,0,0,0,0,0
抑制神經,瓦麗拉技能解鎖！,,|cff20ff20|Hdelvecompanionconfig:|h[瓦麗拉‧桑古納爾]|h|r學會了新技能：|cff71D5FF|Hspell:1250892|h[抑制神經]|r。,,,362,0,12014,0,18,3,0,0,132286,0,0,0,0,0,0,0
你的第一個錯誤,瓦麗拉技能解鎖！,,|cff20ff20|Hdelvecompanionconfig:|h[瓦麗拉‧桑古納爾]|h|r學會了新技能：|cff71D5FF|Hspell:1251050|h[你的第一個錯誤]|r。,,,363,0,12014,0,18,3,0,0,458737,0,0,0,0,0,0,0
血墓劇毒,瓦麗拉技能解鎖！,,|cff20ff20|Hdelvecompanionconfig:|h[瓦麗拉‧桑古納爾]|h|r學會了新技能：|cff71D5FF|Hspell:1251997|h[血墓劇毒]|r。,,,364,0,12014,0,18,3,0,0,132290,0,0,0,0,0,0,0
毒雲,瓦麗拉技能解鎖！,,|cff20ff20|Hdelvecompanionconfig:|h[瓦麗拉‧桑古納爾]|h|r學會了新技能：|cff71D5FF|Hspell:1251054|h[毒雲]|r。,,,365,0,12014,0,18,3,0,0,5764921,0,0,0,0,0,0,0
暗中攻擊,瓦麗拉技能解鎖！,,|cff20ff20|Hdelvecompanionconfig:|h[瓦麗拉‧桑古納爾]|h|r學會了新技能：|cff71D5FF|Hspell:1251101|h[暗中攻擊]|r。,,,366,0,12014,0,18,3,0,0,3163618,0,0,0,0,0,0,0
染血之刃,瓦麗拉技能解鎖！,,|cff20ff20|Hdelvecompanionconfig:|h[瓦麗拉‧桑古納爾]|h|r學會了新技能：|cff71D5FF|Hspell:1251079|h[染血之刃]|r。,,,367,0,12014,0,18,3,0,0,236304,0,0,0,0,0,0,0
無冕者的欺敵手冊,瓦麗拉技能解鎖！,,|cff20ff20|Hdelvecompanionconfig:|h[瓦麗拉‧桑古納爾]|h|r學會了新被動效果：|cff71D5FF|Hspell:1261077|h[無冕者的欺敵手冊]|r。,,,368,0,12014,0,18,3,0,0,4549135,0,0,0,0,0,0,0
無冕者的欺敵手冊,瓦麗拉的能力增強了！,,|cff20ff20|Hdelvecompanionconfig:|h[瓦麗拉‧桑古納爾]|h|r增加了技能等級：|cff71D5FF|Hspell:1261077|h[無冕者的欺敵手冊]|r。,,,369,0,12012,0,18,3,0,0,4549135,0,0,0,0,0,0,0
沐聖旌旗在裡頭現形了,,,,,,370,0,0,5554,18,13,0,0,462672,0,0,0,0,0,0,0
大型沐聖戰利品會在探究通關後出現,,,,,,371,0,0,5554,18,13,0,0,462672,0,0,0,0,0,0,0
沐聖戰利品會在探究通關後出現,,,,,,372,0,0,5554,18,13,0,0,462672,0,0,0,0,0,0,0
,,,你的至暗之夜釣魚感知幫助你找到額外的物品：,,,373,0,0,0,22,3,0,0,0,0,0,0,0,0,0,0
解鎖新地城！,風行者塔,"
",,,,374,0,0,0,19,4,111899,0,7266215,0,0,0,0,0,0,0
解鎖新地城！,兇殺路,"
",,,,375,0,0,0,19,4,111933,0,7266213,0,0,0,0,0,0,0
解鎖新地城！,博學者殿堂,"
",,,,376,0,0,0,19,4,111934,0,7439625,0,0,0,0,0,0,0
解鎖新地城！,梅薩拉洞穴,"
",,,,377,0,0,0,19,4,111935,0,7322719,0,0,0,0,0,0,0
解鎖新地城！,納羅拉克之穴,"
",,,,378,0,0,0,19,4,111936,0,7266214,0,0,0,0,0,0,0
解鎖新地城！,盲目谷地,"
",,,,379,0,0,0,19,4,111937,0,7354408,0,0,0,0,0,0,0
解鎖新地城！,虛無之痕競技場,"
",,,,380,0,0,0,19,4,111938,0,7439626,0,0,0,0,0,0,0
解鎖新地城！,奧核點瑟納斯,"
",,,,382,0,0,0,19,4,111939,0,7553062,0,0,0,0,0,0,0
完成,"事件完成！
|cFF1eff00獲得的純粹豐足：600|TInterface\ICONS\INV_10_Gathering_BioluminescentSpores_Large.BLP:16:16|t|r",,,,,383,0,0,5765,17,8,1273114,0,0,0,1532,0,0,0,0,0
完成,"事件完成！
|cFF1eff00獲得的純粹豐足：900|TInterface\ICONS\INV_10_Gathering_BioluminescentSpores_Large.BLP:16:16|t|r",,,,,384,0,0,5765,17,8,1273115,0,0,0,1532,0,0,0,0,0
完成,事件完成！,,,,,385,0,0,5765,17,8,1273116,0,0,0,1532,0,0,0,0,0
解鎖良藥祝福,『良藥羅亞』庫爾吉,,,可以在阿曼尼扎村的祝福祭壇崇拜『良藥羅亞』庫爾吉了。,,390,0,0,5727,18,3,0,0,7414435,0,0,0,0,0,0,0
解鎖孩童祝福,『童年羅亞』菲洛,,,可以在阿曼尼扎村的祝福祭壇崇拜『童年羅亞』菲洛了。,,391,0,0,5727,18,3,0,0,2205591,0,0,0,0,0,0,0
解鎖深海祝福,『深海羅亞』帕克,,,可以在阿曼尼扎村的祝福祭壇崇拜『深海羅亞』帕克了。,,392,0,0,5727,18,3,0,0,2027958,0,0,0,0,0,0,0
解鎖飢荒祝福,『飢荒羅亞』莫塔拉,,,可以在阿曼尼扎村的祝福祭壇崇拜『飢荒羅亞』莫塔拉了。,,393,0,0,5727,18,3,0,0,2766226,0,0,0,0,0,0,0
解鎖旅人祝福,『旅人羅亞』沃拉莫納,,,可以在阿曼尼扎村的祝福祭壇崇拜『旅人羅亞』沃拉莫納了。,,394,0,0,5727,18,3,0,0,4034841,0,0,0,0,0,0,0
解鎖詭計祝福,『詭計羅亞』沙德拉,,,可以在阿曼尼扎村的祝福祭壇崇拜『詭計羅亞』沙德拉了。,,395,0,0,5727,18,3,0,0,2027951,0,0,0,0,0,0,0
解鎖豐足祝福,『豐足羅亞』敦敦,,,可以在阿曼尼扎村的祝福祭壇崇拜『豐足羅亞』敦敦了。,,396,0,0,5727,12,3,94834,0,6351950,0,0,0,0,0,0,0
解鎖危機祝福,『危機羅亞』普爾,,,可以在阿曼尼扎村的祝福祭壇崇拜『危機羅亞』普爾了。,,397,0,0,5727,18,3,0,0,294472,0,0,0,0,0,0,0
解鎖成長祝福,『成長羅亞』奧耶,,,可以在阿曼尼扎村的祝福祭壇崇拜『成長羅亞』奧耶了。,,398,0,0,5727,18,3,0,0,464030,0,0,0,0,0,0,0
你已解鎖,狩獵：普通模式,,,,,399,149566,0,0,12,4,93086,0,7493985,0,0,0,0,0,0,0
你已解鎖,狩獵：困難模式,,,,,400,149202,0,0,12,4,92178,0,7493985,0,0,0,0,0,0,0
你已解鎖,狩獵：夢魘模式,,,,,401,149203,0,0,12,4,92182,0,7493985,0,0,0,0,0,0,0
完成,"|cFF1eff00完成深淵釣手！
|cFF1eff00獲得的釣手珍珠：600|TInterface\ICONS\INV_MISC_ENCHANTEDPEARL.BLP:16:16|t|r",,,,,403,0,0,5765,17,8,1280008,0,0,0,1994,0,0,347959,347845,0
完成,"|cFF1eff00完成深淵釣手！
|cFF1eff00獲得的釣手珍珠：900|TInterface\ICONS\INV_MISC_ENCHANTEDPEARL.BLP:16:16|t|r",,,,,404,0,0,5765,17,8,1280009,0,0,0,1994,0,0,347959,347845,0
完成,|cFF1eff00完成深淵釣手！,,,,,405,0,0,5765,17,8,1280010,0,0,0,1994,0,0,347959,347845,0
,,,瓦麗拉‧桑古納爾幫你收集了額外的物品：,,,415,0,0,0,22,3,0,0,0,0,0,0,0,0,0,0
完成,事件完成！,,,,,418,0,0,5765,17,8,1283455,0,0,0,1532,0,0,0,0,0
完成,|cFF1eff00完成深淵釣手！,,,,,419,0,0,5765,17,8,1283462,0,0,0,1994,0,0,0,0,0
豐足,最高和生涯分數,,,,,420,0,0,5765,17,8,1283464,0,0,0,1950,0,0,0,0,0
深淵釣手,最高和生涯分數,,,,,421,0,0,5765,17,8,1283466,0,0,0,1951,0,0,0,0,0
新內容解鎖！,巔峰天賦,,|cff20ff20|Htalentpane:|h[巔峰天賦]|h|r解鎖！,,,422,152789,12015,0,15,4,0,-2,1305149,0,0,0,0,0,0,0
新內容解鎖！,巔峰天賦,,|cff20ff20|Htalentpane:|h[巔峰天賦]|h|r解鎖！,,,423,152790,12015,0,15,4,0,-2,236699,0,0,0,0,0,0,0
新內容解鎖！,巔峰天賦,,|cff20ff20|Htalentpane:|h[巔峰天賦]|h|r解鎖！,,,424,152791,12015,0,15,4,0,-2,3601558,0,0,0,0,0,0,0
新內容解鎖！,巔峰天賦,,|cff20ff20|Htalentpane:|h[巔峰天賦]|h|r解鎖！,,,425,152796,12015,0,15,4,0,-2,7636565,0,0,0,0,0,0,0
新內容解鎖！,巔峰天賦,,|cff20ff20|Htalentpane:|h[巔峰天賦]|h|r解鎖！,,,426,152797,12015,0,15,4,0,-2,7636564,0,0,0,0,0,0,0
新內容解鎖！,巔峰天賦,,|cff20ff20|Htalentpane:|h[巔峰天賦]|h|r解鎖！,,,427,152798,12015,0,15,4,0,-2,572029,0,0,0,0,0,0,0
新內容解鎖！,巔峰天賦,,|cff20ff20|Htalentpane:|h[巔峰天賦]|h|r解鎖！,,,428,152799,12015,0,15,4,0,-2,1585420,0,0,0,0,0,0,0
新內容解鎖！,巔峰天賦,,|cff20ff20|Htalentpane:|h[巔峰天賦]|h|r解鎖！,,,429,152800,12015,0,15,4,0,-2,7439193,0,0,0,0,0,0,0
新內容解鎖！,巔峰天賦,,|cff20ff20|Htalentpane:|h[巔峰天賦]|h|r解鎖！,,,430,152801,12015,0,15,4,0,-2,1392545,0,0,0,0,0,0,0
新內容解鎖！,巔峰天賦,,|cff20ff20|Htalentpane:|h[巔峰天賦]|h|r解鎖！,,,431,152802,12015,0,15,4,0,-2,7636560,0,0,0,0,0,0,0
新內容解鎖！,巔峰天賦,,|cff20ff20|Htalentpane:|h[巔峰天賦]|h|r解鎖！,,,432,152803,12015,0,15,4,0,-2,7514190,0,0,0,0,0,0,0
新內容解鎖！,巔峰天賦,,|cff20ff20|Htalentpane:|h[巔峰天賦]|h|r解鎖！,,,433,152804,12015,0,15,4,0,-2,7514191,0,0,0,0,0,0,0
新內容解鎖！,巔峰天賦,,|cff20ff20|Htalentpane:|h[巔峰天賦]|h|r解鎖！,,,434,152805,12015,0,15,4,0,-2,1711341,0,0,0,0,0,0,0
新內容解鎖！,巔峰天賦,,|cff20ff20|Htalentpane:|h[巔峰天賦]|h|r解鎖！,,,435,152806,12015,0,15,4,0,-2,7137505,0,0,0,0,0,0,0
新內容解鎖！,巔峰天賦,,|cff20ff20|Htalentpane:|h[巔峰天賦]|h|r解鎖！,,,436,152807,12015,0,15,4,0,-2,4914677,0,0,0,0,0,0,0
新內容解鎖！,巔峰天賦,,|cff20ff20|Htalentpane:|h[巔峰天賦]|h|r解鎖！,,,437,152808,12015,0,15,4,0,-2,236222,0,0,0,0,0,0,0
新內容解鎖！,巔峰天賦,,|cff20ff20|Htalentpane:|h[巔峰天賦]|h|r解鎖！,,,438,152809,12015,0,15,4,0,-2,135818,0,0,0,0,0,0,0
新內容解鎖！,巔峰天賦,,|cff20ff20|Htalentpane:|h[巔峰天賦]|h|r解鎖！,,,439,152810,12015,0,15,4,0,-2,135845,0,0,0,0,0,0,0
新內容解鎖！,巔峰天賦,,|cff20ff20|Htalentpane:|h[巔峰天賦]|h|r解鎖！,,,440,152811,12015,0,15,4,0,-2,7514181,0,0,0,0,0,0,0
新內容解鎖！,巔峰天賦,,|cff20ff20|Htalentpane:|h[巔峰天賦]|h|r解鎖！,,,441,152812,12015,0,15,4,0,-2,7636530,0,0,0,0,0,0,0
新內容解鎖！,巔峰天賦,,|cff20ff20|Htalentpane:|h[巔峰天賦]|h|r解鎖！,,,442,152813,12015,0,15,4,0,-2,7514182,0,0,0,0,0,0,0
新內容解鎖！,巔峰天賦,,|cff20ff20|Htalentpane:|h[巔峰天賦]|h|r解鎖！,,,443,152814,12015,0,15,4,0,-2,1373907,0,0,0,0,0,0,0
新內容解鎖！,巔峰天賦,,|cff20ff20|Htalentpane:|h[巔峰天賦]|h|r解鎖！,,,444,152815,12015,0,15,4,0,-2,132287,0,0,0,0,0,0,0
新內容解鎖！,巔峰天賦,,|cff20ff20|Htalentpane:|h[巔峰天賦]|h|r解鎖！,,,445,152816,12015,0,15,4,0,-2,6735718,0,0,0,0,0,0,0
新內容解鎖！,巔峰天賦,,|cff20ff20|Htalentpane:|h[巔峰天賦]|h|r解鎖！,,,446,152817,12015,0,15,4,0,-2,7636570,0,0,0,0,0,0,0
新內容解鎖！,巔峰天賦,,|cff20ff20|Htalentpane:|h[巔峰天賦]|h|r解鎖！,,,447,152818,12015,0,15,4,0,-2,7658123,0,0,0,0,0,0,0
新內容解鎖！,巔峰天賦,,|cff20ff20|Htalentpane:|h[巔峰天賦]|h|r解鎖！,,,448,152819,12015,0,15,4,0,-2,7636571,0,0,0,0,0,0,0
新內容解鎖！,巔峰天賦,,|cff20ff20|Htalentpane:|h[巔峰天賦]|h|r解鎖！,,,449,152820,12015,0,15,4,0,-2,4667415,0,0,0,0,0,0,0
新內容解鎖！,巔峰天賦,,|cff20ff20|Htalentpane:|h[巔峰天賦]|h|r解鎖！,,,450,152821,12015,0,15,4,0,-2,135130,0,0,0,0,0,0,0
新內容解鎖！,巔峰天賦,,|cff20ff20|Htalentpane:|h[巔峰天賦]|h|r解鎖！,,,451,152822,12015,0,15,4,0,-2,7514183,0,0,0,0,0,0,0
新內容解鎖！,巔峰天賦,,|cff20ff20|Htalentpane:|h[巔峰天賦]|h|r解鎖！,,,452,152823,12015,0,15,4,0,-2,236151,0,0,0,0,0,0,0
新內容解鎖！,巔峰天賦,,|cff20ff20|Htalentpane:|h[巔峰天賦]|h|r解鎖！,,,453,152824,12015,0,15,4,0,-2,7195161,0,0,0,0,0,0,0
新內容解鎖！,巔峰天賦,,|cff20ff20|Htalentpane:|h[巔峰天賦]|h|r解鎖！,,,454,152825,12015,0,15,4,0,-2,5390644,0,0,0,0,0,0,0
新內容解鎖！,巔峰天賦,,|cff20ff20|Htalentpane:|h[巔峰天賦]|h|r解鎖！,,,455,152826,12015,0,15,4,0,-2,1408837,0,0,0,0,0,0,0
新內容解鎖！,巔峰天賦,,|cff20ff20|Htalentpane:|h[巔峰天賦]|h|r解鎖！,,,456,152827,12015,0,15,4,0,-2,7514188,0,0,0,0,0,0,0
新內容解鎖！,巔峰天賦,,|cff20ff20|Htalentpane:|h[巔峰天賦]|h|r解鎖！,,,457,152828,12015,0,15,4,0,-2,7297526,0,0,0,0,0,0,0
新內容解鎖！,巔峰天賦,,|cff20ff20|Htalentpane:|h[巔峰天賦]|h|r解鎖！,,,458,152829,12015,0,15,4,0,-2,5764903,0,0,0,0,0,0,0
新內容解鎖！,巔峰天賦,,|cff20ff20|Htalentpane:|h[巔峰天賦]|h|r解鎖！,,,459,152830,12015,0,15,4,0,-2,5899327,0,0,0,0,0,0,0
新內容解鎖！,巔峰天賦,,|cff20ff20|Htalentpane:|h[巔峰天賦]|h|r解鎖！,,,460,152831,12015,0,15,4,0,-2,7514186,0,0,0,0,0,0,0
新內容解鎖！,巔峰天賦,,|cff20ff20|Htalentpane:|h[巔峰天賦]|h|r解鎖！,,,461,152832,12015,0,15,4,0,-2,7514187,0,0,0,0,0,0,0
阻擾儀式地點,|n最終分數：|cFFFFFFFF%3449c|r,,,,,463,0,0,5765,17,6,1286799,0,0,1992,0,0,0,0,0,0
阻擾儀式地點,|n合併加成：|cFFFFFFFF+%3452c%|r|n|n最終分數：|cFFFFFFFF%3449c|r,,,,,464,0,0,5765,17,8,1286803,0,0,2104,1991,0,0,183157,183155,0
阻擾儀式地點,|n合併加成：|cFFFFFFFF+%3452c%|r|n|n最終分數：|cFFFFFFFF%3449c|r,,,,,467,0,0,5765,17,8,1290785,0,0,2105,1991,0,0,183157,183155,0
阻擾儀式地點,|n最終分數：|cFFFFFFFF%3449c|r,,,,,468,0,0,5765,17,6,1290786,0,0,2103,0,0,0,0,0,0
,,,,,,484,0,0,5765,16,8,1298864,0,0,2166,2159,0,0,0,0,0
